,Year,Variables,,,,,,,,,,,,,,
,2011,,,,,,,,,,,,,,,
SOA,All usual residents,,National identity: British,National identity: Irish,National identity: Northern Irish,National identity: English,National identity: Scottish,National identity: Welsh,National identity: Other,National identity: British (%),National identity: Irish (%),National identity: Northern Irish (%),National identity: English (%),National identity: Scottish (%),National identity: Welsh (%),National identity: Other (%)
Northern Ireland,"1,810,863",,"876,577","513,390","533,085","18,041","9,374","1,772","61,884",48.41,28.35,29.44,1.00,0.52,0.10,3.42
Abbey 1,"1,441",,947,212,422,13,4,1,48,65.72,14.71,29.29,0.90,0.28,0.07,3.33
Abbey 2,"1,373",,974,59,413,13,6,2,88,70.94,4.30,30.08,0.95,0.44,0.15,6.41
Abbey Park,"2,558",,318,"1,371",784,19,12,3,185,12.43,53.60,30.65,0.74,0.47,0.12,7.23
Academy,"2,099",,"1,545",169,550,21,18,3,120,73.61,8.05,26.20,1.00,0.86,0.14,5.72
Aghagallon 1,"2,488",,581,"1,162",926,19,4,0,21,23.35,46.70,37.22,0.76,0.16,0.00,0.84
Aghagallon 2,"2,443",,420,"1,326",789,8,5,3,51,17.19,54.28,32.30,0.33,0.20,0.12,2.09
Aghanloo 1,"2,491",,"1,484",441,745,30,19,7,32,59.57,17.70,29.91,1.20,0.76,0.28,1.28
Aghanloo 2,"1,876",,"1,028",346,651,20,11,0,14,54.80,18.44,34.70,1.07,0.59,0.00,0.75
Agivey,"2,499",,"1,678",358,748,23,4,3,30,67.15,14.33,29.93,0.92,0.16,0.12,1.20
Ahoghill 1,"1,453",,"1,264",31,321,23,17,0,10,86.99,2.13,22.09,1.58,1.17,0.00,0.69
Ahoghill 2,"2,435",,"2,015",120,605,13,10,1,23,82.75,4.93,24.85,0.53,0.41,0.04,0.94
Aldergrove 1,"1,113",,794,37,95,228,62,27,63,71.34,3.32,8.54,20.49,5.57,2.43,5.66
Aldergrove 2,"1,829",,852,550,558,24,7,1,31,46.58,30.07,30.51,1.31,0.38,0.05,1.69
Aldergrove 3,"1,502",,"1,045",162,444,16,9,1,53,69.57,10.79,29.56,1.07,0.60,0.07,3.53
Altmore,"2,592",,476,"1,502",656,11,4,1,50,18.36,57.95,25.31,0.42,0.15,0.04,1.93
Altnagelvin 1,"1,471",,760,426,357,16,11,1,15,51.67,28.96,24.27,1.09,0.75,0.07,1.02
Altnagelvin 2,"1,777",,565,781,479,16,9,1,109,31.80,43.95,26.96,0.90,0.51,0.06,6.13
Altnagelvin 3,"1,614",,"1,220",133,458,15,12,0,39,75.59,8.24,28.38,0.93,0.74,0.00,2.42
Andersonstown 1,"1,768",,170,"1,230",428,1,4,1,10,9.62,69.57,24.21,0.06,0.23,0.06,0.57
Andersonstown 2,"1,523",,158,"1,015",399,2,4,1,9,10.37,66.64,26.20,0.13,0.26,0.07,0.59
Andersonstown 3,"1,616",,156,"1,146",364,5,3,0,11,9.65,70.92,22.52,0.31,0.19,0.00,0.68
Annagh 1,"1,612",,"1,178",118,400,12,4,1,116,73.08,7.32,24.81,0.74,0.25,0.06,7.20
Annagh 2,"1,430",,681,112,304,25,7,1,438,47.62,7.83,21.26,1.75,0.49,0.07,30.63
Annalong 1,"1,656",,729,553,484,15,5,3,28,44.02,33.39,29.23,0.91,0.30,0.18,1.69
Annalong 2,"1,555",,912,234,501,30,11,2,32,58.65,15.05,32.22,1.93,0.71,0.13,2.06
Antiville,"1,483",,"1,048",115,449,24,18,0,7,70.67,7.75,30.28,1.62,1.21,0.00,0.47
Ardboe,"2,578",,194,"1,430","1,026",21,5,3,19,7.53,55.47,39.80,0.81,0.19,0.12,0.74
Ardeevin,"3,503",,"2,483",245,"1,030",43,17,2,213,70.88,6.99,29.40,1.23,0.49,0.06,6.08
Ardglass 1,"1,492",,362,625,572,21,11,1,28,24.26,41.89,38.34,1.41,0.74,0.07,1.88
Ardglass 2,"1,686",,436,675,685,15,3,4,10,25.86,40.04,40.63,0.89,0.18,0.24,0.59
Ardoyne 1,"1,745",,195,"1,113",505,5,2,2,10,11.17,63.78,28.94,0.29,0.11,0.11,0.57
Ardoyne 2,"2,018",,334,"1,146",590,10,9,1,19,16.55,56.79,29.24,0.50,0.45,0.05,0.94
Ardoyne 3,"2,224",,329,"1,440",469,12,4,0,28,14.79,64.75,21.09,0.54,0.18,0.00,1.26
Armoy and Moss-Side and Moyarget,"2,045",,"1,269",306,619,24,15,3,10,62.05,14.96,30.27,1.17,0.73,0.15,0.49
Artigarvan,"2,760",,"1,297",806,858,17,11,1,11,46.99,29.20,31.09,0.62,0.40,0.04,0.40
Atlantic,"2,374",,"1,336",384,801,43,19,4,79,56.28,16.18,33.74,1.81,0.80,0.17,3.33
Audley's Acre,"2,211",,557,"1,052",727,14,7,0,17,25.19,47.58,32.88,0.63,0.32,0.00,0.77
Augher,"2,166",,818,807,659,14,7,0,42,37.77,37.26,30.42,0.65,0.32,0.00,1.94
Aughnacloy,"2,651",,"1,352",658,636,21,11,3,194,51.00,24.82,23.99,0.79,0.41,0.11,7.32
Ballee,"1,926",,"1,537",80,452,9,14,2,23,79.80,4.15,23.47,0.47,0.73,0.10,1.19
Ballinamallard,"2,586",,"1,710",365,754,22,7,0,43,66.13,14.11,29.16,0.85,0.27,0.00,1.66
Ballinderry 1,"2,263",,"1,458",343,721,35,7,2,21,64.43,15.16,31.86,1.55,0.31,0.09,0.93
Ballinderry 2,"2,865",,"1,970",347,905,31,27,2,49,68.76,12.11,31.59,1.08,0.94,0.07,1.71
Balloo,"1,734",,"1,114",216,498,16,12,0,65,64.24,12.46,28.72,0.92,0.69,0.00,3.75
Ballybay,"2,436",,"1,822",144,590,30,20,4,176,74.79,5.91,24.22,1.23,0.82,0.16,7.22
Ballybot,"2,192",,284,"1,148",700,30,6,1,149,12.96,52.37,31.93,1.37,0.27,0.05,6.80
Ballycarry,"2,582",,"1,992",115,804,35,27,2,28,77.15,4.45,31.14,1.36,1.05,0.08,1.08
Ballyclare North 1,"1,786",,"1,357",89,625,16,10,2,15,75.98,4.98,34.99,0.90,0.56,0.11,0.84
Ballyclare North 2,"2,065",,"1,611",100,653,15,2,1,19,78.01,4.84,31.62,0.73,0.10,0.05,0.92
Ballyclare South 1,"1,627",,"1,234",60,481,29,5,2,24,75.85,3.69,29.56,1.78,0.31,0.12,1.48
Ballyclare South 2,"2,011",,"1,547",103,685,22,13,0,35,76.93,5.12,34.06,1.09,0.65,0.00,1.74
Ballycolman,"1,827",,183,"1,048",620,15,19,0,7,10.02,57.36,33.94,0.82,1.04,0.00,0.38
Ballycraigy,"1,822",,"1,370",96,468,16,9,1,48,75.19,5.27,25.69,0.88,0.49,0.05,2.63
Ballycrochan 1,"1,730",,"1,390",115,523,25,12,1,17,80.35,6.65,30.23,1.45,0.69,0.06,0.98
Ballycrochan 2,"1,930",,"1,533",116,577,20,14,2,35,79.43,6.01,29.90,1.04,0.73,0.10,1.81
Ballycrochan 3,"1,634",,"1,231",106,520,27,11,0,21,75.34,6.49,31.82,1.65,0.67,0.00,1.29
Ballydown 1,"2,129",,"1,406",298,653,21,16,1,39,66.04,14.00,30.67,0.99,0.75,0.05,1.83
Ballydown 2,"2,667",,"1,562",522,863,31,6,2,81,58.57,19.57,32.36,1.16,0.22,0.07,3.04
Ballyduff 1,"1,611",,"1,230",64,499,9,7,6,27,76.35,3.97,30.97,0.56,0.43,0.37,1.68
Ballyduff 2,"1,255",,919,100,374,4,7,1,30,73.23,7.97,29.80,0.32,0.56,0.08,2.39
Ballygawley,"2,515",,622,"1,152",752,8,5,1,89,24.73,45.81,29.90,0.32,0.20,0.04,3.54
Ballygowan 1,"1,574",,"1,155",152,547,13,6,0,15,73.38,9.66,34.75,0.83,0.38,0.00,0.95
Ballygowan 2,"2,035",,"1,581",105,669,17,18,2,18,77.69,5.16,32.87,0.84,0.88,0.10,0.88
Ballyhackamore 1,"2,003",,"1,233",288,749,17,18,2,100,61.56,14.38,37.39,0.85,0.90,0.10,4.99
Ballyhackamore 2,"1,833",,"1,203",276,608,23,14,5,73,65.63,15.06,33.17,1.25,0.76,0.27,3.98
Ballyhackamore 3,"2,103",,"1,322",265,729,34,14,3,131,62.86,12.60,34.66,1.62,0.67,0.14,6.23
Ballyhanwood 1,"1,550",,"1,191",75,465,9,12,2,36,76.84,4.84,30.00,0.58,0.77,0.13,2.32
Ballyhanwood 2,"1,534",,"1,189",77,490,20,6,0,25,77.51,5.02,31.94,1.30,0.39,0.00,1.63
Ballyhenry 1,"1,517",,931,242,515,6,6,2,39,61.37,15.95,33.95,0.40,0.40,0.13,2.57
Ballyhenry 2,"1,255",,798,156,372,14,0,0,46,63.59,12.43,29.64,1.12,0.00,0.00,3.67
Ballyhoe and Corkey,"1,895",,299,907,797,8,4,0,8,15.78,47.86,42.06,0.42,0.21,0.00,0.42
Ballyholme,"2,652",,"1,800",346,981,68,26,5,15,67.87,13.05,36.99,2.56,0.98,0.19,0.57
Ballykeel,"1,739",,"1,455",37,375,21,11,0,18,83.67,2.13,21.56,1.21,0.63,0.00,1.04
Ballykelly,"1,753",,942,344,539,14,10,1,22,53.74,19.62,30.75,0.80,0.57,0.06,1.25
Ballyloran,"1,096",,794,61,327,12,17,2,11,72.45,5.57,29.84,1.09,1.55,0.18,1.00
Ballylough and Bushmills,"1,781",,"1,338",104,497,21,16,8,13,75.13,5.84,27.91,1.18,0.90,0.45,0.73
Ballyloughan,"2,588",,"1,844",255,700,23,10,0,130,71.25,9.85,27.05,0.89,0.39,0.00,5.02
Ballymacarrett 1,"1,708",,587,779,370,7,7,2,67,34.37,45.61,21.66,0.41,0.41,0.12,3.92
Ballymacarrett 2,"1,564",,385,839,360,11,4,0,19,24.62,53.64,23.02,0.70,0.26,0.00,1.21
Ballymacarrett 3,"1,636",,"1,112",167,365,12,15,0,127,67.97,10.21,22.31,0.73,0.92,0.00,7.76
Ballymacash 1,"2,233",,"1,642",184,661,24,9,3,53,73.53,8.24,29.60,1.07,0.40,0.13,2.37
Ballymacash 2,"2,054",,"1,264",418,660,15,16,1,26,61.54,20.35,32.13,0.73,0.78,0.05,1.27
Ballymacbrennan 1,"1,580",,"1,238",123,471,26,12,5,9,78.35,7.78,29.81,1.65,0.76,0.32,0.57
Ballymacbrennan 2,"1,792",,"1,315",205,528,14,3,0,12,73.38,11.44,29.46,0.78,0.17,0.00,0.67
Ballymaconnell 1,"1,246",,980,81,367,15,4,3,9,78.65,6.50,29.45,1.20,0.32,0.24,0.72
Ballymaconnell 2,"1,475",,"1,093",117,473,10,9,4,23,74.10,7.93,32.07,0.68,0.61,0.27,1.56
Ballymacoss 1,"2,325",,"1,713",175,702,35,12,5,43,73.68,7.53,30.19,1.51,0.52,0.22,1.85
Ballymacoss 2,"1,885",,"1,283",191,571,33,11,7,63,68.06,10.13,30.29,1.75,0.58,0.37,3.34
Ballymacoss 3,"3,362",,"2,253",514,"1,019",41,18,2,94,67.01,15.29,30.31,1.22,0.54,0.06,2.80
Ballymagee 1,"1,748",,"1,374",98,536,19,15,3,11,78.60,5.61,30.66,1.09,0.86,0.17,0.63
Ballymagee 2,"1,934",,"1,497",129,575,21,16,3,16,77.40,6.67,29.73,1.09,0.83,0.16,0.83
Ballymaglave 1,"1,319",,842,181,348,7,11,0,69,63.84,13.72,26.38,0.53,0.83,0.00,5.23
Ballymaglave 2,"1,577",,"1,202",69,461,21,6,2,21,76.22,4.38,29.23,1.33,0.38,0.13,1.33
Ballymaguigan,"2,748",,603,"1,305",972,7,9,0,33,21.94,47.49,35.37,0.25,0.33,0.00,1.20
Ballymartrim,"2,725",,723,"1,323",829,10,1,3,36,26.53,48.55,30.42,0.37,0.04,0.11,1.32
Ballymote,"2,934",,737,"1,219","1,108",28,13,4,57,25.12,41.55,37.76,0.95,0.44,0.14,1.94
Ballynafeigh 1,"1,813",,522,753,537,18,7,1,180,28.79,41.53,29.62,0.99,0.39,0.06,9.93
Ballynafeigh 2,"2,009",,585,738,628,20,16,7,270,29.12,36.73,31.26,1.00,0.80,0.35,13.44
Ballynafeigh 3,"2,106",,783,662,577,33,14,2,302,37.18,31.43,27.40,1.57,0.66,0.09,14.34
Ballynahinch East,"2,497",,"1,315",540,820,19,13,0,91,52.66,21.63,32.84,0.76,0.52,0.00,3.64
Ballynashallog 1,"1,559",,165,"1,099",341,19,4,1,11,10.58,70.49,21.87,1.22,0.26,0.06,0.71
Ballynashallog 2,"1,685",,113,"1,261",386,13,5,2,15,6.71,74.84,22.91,0.77,0.30,0.12,0.89
Ballynure 1,"1,525",,"1,221",76,494,7,6,0,20,80.07,4.98,32.39,0.46,0.39,0.00,1.31
Ballynure 2,"1,622",,"1,314",87,470,10,7,0,10,81.01,5.36,28.98,0.62,0.43,0.00,0.62
Ballyoran,"2,985",,756,"1,229","1,014",21,4,0,183,25.33,41.17,33.97,0.70,0.13,0.00,6.13
Ballyrainey,"2,347",,"1,736",136,725,24,14,3,46,73.97,5.79,30.89,1.02,0.60,0.13,1.96
Ballyrobert 1,"1,809",,"1,468",81,503,10,4,1,9,81.15,4.48,27.81,0.55,0.22,0.06,0.50
Ballyrobert 2,"2,446",,"1,940",89,777,24,9,1,24,79.31,3.64,31.77,0.98,0.37,0.04,0.98
Ballysaggart,"2,730",,415,"1,057",647,23,4,4,778,15.20,38.72,23.70,0.84,0.15,0.15,28.50
Ballysally 1,"1,406",,"1,012",57,457,18,22,5,12,71.98,4.05,32.50,1.28,1.56,0.36,0.85
Ballysally 2,"1,064",,763,61,351,12,6,0,12,71.71,5.73,32.99,1.13,0.56,0.00,1.13
Ballysillan 1,"1,925",,"1,537",119,404,14,12,1,41,79.84,6.18,20.99,0.73,0.62,0.05,2.13
Ballysillan 2,"1,779",,"1,334",128,486,10,3,1,39,74.99,7.20,27.32,0.56,0.17,0.06,2.19
Ballysillan 3,"1,922",,"1,494",127,498,5,9,3,45,77.73,6.61,25.91,0.26,0.47,0.16,2.34
Ballywalter 1,"2,026",,"1,611",58,573,34,12,2,27,79.52,2.86,28.28,1.68,0.59,0.10,1.33
Ballywalter 2,"2,193",,"1,669",147,675,34,14,6,21,76.11,6.70,30.78,1.55,0.64,0.27,0.96
Ballyward,"2,817",,"1,132",869,988,19,11,1,51,40.18,30.85,35.07,0.67,0.39,0.04,1.81
Banagher,"3,508",,"1,064","1,610","1,018",27,10,2,27,30.33,45.90,29.02,0.77,0.29,0.06,0.77
Banbridge West,"3,006",,"1,794",451,"1,005",40,8,3,75,59.68,15.00,33.43,1.33,0.27,0.10,2.50
Bangor Castle,"2,627",,"1,900",194,854,40,19,4,72,72.33,7.38,32.51,1.52,0.72,0.15,2.74
Bannside,"2,629",,"1,495",540,875,18,8,4,18,56.87,20.54,33.28,0.68,0.30,0.15,0.68
Beechill 1,"1,781",,784,579,637,9,8,1,51,44.02,32.51,35.77,0.51,0.45,0.06,2.86
Beechill 2,"1,700",,"1,015",365,524,12,7,3,65,59.71,21.47,30.82,0.71,0.41,0.18,3.82
Beechill 3,"1,480",,"1,029",187,465,16,11,3,29,69.53,12.64,31.42,1.08,0.74,0.20,1.96
Beechmount 1,"1,862",,324,"1,180",370,11,7,1,95,17.40,63.37,19.87,0.59,0.38,0.05,5.10
Beechmount 2,"1,922",,212,"1,284",395,8,4,3,78,11.03,66.81,20.55,0.42,0.21,0.16,4.06
Beechmount 3,"1,701",,159,"1,200",353,5,3,1,33,9.35,70.55,20.75,0.29,0.18,0.06,1.94
Beechwood,"2,151",,121,"1,608",487,7,8,2,7,5.63,74.76,22.64,0.33,0.37,0.09,0.33
Belcoo and Garrison,"2,541",,402,"1,392",768,58,11,1,35,15.82,54.78,30.22,2.28,0.43,0.04,1.38
Bellaghy,"2,685",,473,"1,491",851,17,3,1,21,17.62,55.53,31.69,0.63,0.11,0.04,0.78
Belleek and Boa,"2,540",,646,"1,186",764,54,15,2,26,25.43,46.69,30.08,2.13,0.59,0.08,1.02
Bellevue 1,"1,394",,372,657,426,10,5,0,15,26.69,47.13,30.56,0.72,0.36,0.00,1.08
Bellevue 2,"1,730",,625,585,506,19,14,0,89,36.13,33.82,29.25,1.10,0.81,0.00,5.14
Bellevue 3,"1,786",,730,619,500,18,10,2,91,40.87,34.66,28.00,1.01,0.56,0.11,5.10
Belmont 1,"2,151",,"1,601",187,719,16,14,2,40,74.43,8.69,33.43,0.74,0.65,0.09,1.86
Belmont 2,"1,896",,"1,408",143,604,8,9,2,42,74.26,7.54,31.86,0.42,0.47,0.11,2.22
Belmont 3,"2,118",,"1,538",144,580,26,15,3,85,72.62,6.80,27.38,1.23,0.71,0.14,4.01
Benburb,"2,860",,978,"1,009",862,8,7,0,217,34.20,35.28,30.14,0.28,0.24,0.00,7.59
Benvardin,"2,095",,"1,648",98,568,27,11,0,13,78.66,4.68,27.11,1.29,0.53,0.00,0.62
Beragh,"2,508",,"1,220",698,725,11,9,1,59,48.64,27.83,28.91,0.44,0.36,0.04,2.35
Bessbrook,"2,579",,726,"1,065",846,15,10,3,72,28.15,41.30,32.80,0.58,0.39,0.12,2.79
Binnian,"3,138",,"1,763",795,870,28,13,2,49,56.18,25.33,27.72,0.89,0.41,0.06,1.56
Blackcave,"1,635",,"1,196",156,441,17,23,1,19,73.15,9.54,26.97,1.04,1.41,0.06,1.16
Blackhead,"2,059",,"1,424",141,692,38,23,4,26,69.16,6.85,33.61,1.85,1.12,0.19,1.26
Blackstaff 1,"1,826",,"1,113",182,493,26,16,6,240,60.95,9.97,27.00,1.42,0.88,0.33,13.14
Blackstaff 2,"2,172",,"1,414",220,565,21,11,9,195,65.10,10.13,26.01,0.97,0.51,0.41,8.98
Blaris 1,"1,572",,"1,109",129,415,22,8,0,77,70.55,8.21,26.40,1.40,0.51,0.00,4.90
Blaris 2,"1,803",,"1,318",199,540,14,10,1,34,73.10,11.04,29.95,0.78,0.55,0.06,1.89
Bleary 1,"2,383",,"1,896",138,589,23,9,2,61,79.56,5.79,24.72,0.97,0.38,0.08,2.56
Bleary 2,"1,736",,"1,014",333,530,18,2,1,39,58.41,19.18,30.53,1.04,0.12,0.06,2.25
Bloomfield 1 (Belfast LGD),"1,895",,"1,226",184,498,16,16,3,182,64.70,9.71,26.28,0.84,0.84,0.16,9.60
Bloomfield 1 (North Down LGD),"1,724",,"1,313",98,523,21,11,0,25,76.16,5.68,30.34,1.22,0.64,0.00,1.45
Bloomfield 2 (Belfast LGD),"1,687",,"1,136",194,525,28,7,4,75,67.34,11.50,31.12,1.66,0.41,0.24,4.45
Bloomfield 2 (North Down LGD),"2,054",,"1,540",121,638,48,11,3,25,74.98,5.89,31.06,2.34,0.54,0.15,1.22
Bloomfield 3 (Belfast LGD),"1,871",,"1,143",199,556,18,21,3,199,61.09,10.64,29.72,0.96,1.12,0.16,10.64
Bluefield 1,"1,358",,"1,018",56,443,18,12,2,22,74.96,4.12,32.62,1.33,0.88,0.15,1.62
Bluefield 2,"1,604",,"1,280",50,531,18,7,2,21,79.80,3.12,33.10,1.12,0.44,0.12,1.31
Boho Cleenish and Letterbreen,"3,185",,"1,215","1,170",992,47,16,6,29,38.15,36.73,31.15,1.48,0.50,0.19,0.91
Bonamargy and Rathlin and Glenshesk,"1,872",,418,840,669,37,17,2,36,22.33,44.87,35.74,1.98,0.91,0.11,1.92
Boneybefore,"1,663",,"1,277",140,467,19,12,5,35,76.79,8.42,28.08,1.14,0.72,0.30,2.10
Botanic 1,"1,555",,469,622,525,38,12,2,215,30.16,40.00,33.76,2.44,0.77,0.13,13.83
Botanic 2,"1,958",,496,979,513,25,20,1,143,25.33,50.00,26.20,1.28,1.02,0.05,7.30
Botanic 3,"1,488",,344,763,381,30,6,5,170,23.12,51.28,25.60,2.02,0.40,0.34,11.42
Botanic 4,"1,703",,398,722,475,37,16,6,292,23.37,42.40,27.89,2.17,0.94,0.35,17.15
Botanic 5,"2,241",,499,"1,081",597,27,19,0,205,22.27,48.24,26.64,1.20,0.85,0.00,9.15
Bradshaw's Brae 1,"1,438",,"1,080",83,470,14,3,3,25,75.10,5.77,32.68,0.97,0.21,0.21,1.74
Bradshaw's Brae 2,"1,610",,"1,255",109,528,14,10,1,13,77.95,6.77,32.80,0.87,0.62,0.06,0.81
Brandywell,"2,495",,150,"1,896",483,9,7,1,21,6.01,75.99,19.36,0.36,0.28,0.04,0.84
Broadway 1,"1,420",,"1,029",106,484,25,11,4,21,72.46,7.46,34.08,1.76,0.77,0.28,1.48
Broadway 2,"1,425",,"1,018",173,489,21,16,1,25,71.44,12.14,34.32,1.47,1.12,0.07,1.75
Brookeborough,"2,367",,"1,202",659,645,33,8,1,26,50.78,27.84,27.25,1.39,0.34,0.04,1.10
Broughshane 1,"1,596",,"1,266",76,475,14,5,1,26,79.32,4.76,29.76,0.88,0.31,0.06,1.63
Broughshane 2,"1,767",,"1,438",61,459,19,8,0,20,81.38,3.45,25.98,1.08,0.45,0.00,1.13
Brownstown 1,"1,654",,"1,212",126,382,12,11,5,116,73.28,7.62,23.10,0.73,0.67,0.30,7.01
Brownstown 2,"1,718",,"1,251",98,413,12,6,0,132,72.82,5.70,24.04,0.70,0.35,0.00,7.68
Bryansburn 1,"1,323",,758,317,486,19,5,2,17,57.29,23.96,36.73,1.44,0.38,0.15,1.28
Bryansburn 2,"1,267",,888,187,371,11,17,0,31,70.09,14.76,29.28,0.87,1.34,0.00,2.45
Burleigh Hill 1,"1,709",,"1,384",83,510,19,8,3,26,80.98,4.86,29.84,1.11,0.47,0.18,1.52
Burleigh Hill 2,"1,358",,"1,144",43,386,8,14,2,5,84.24,3.17,28.42,0.59,1.03,0.15,0.37
Burnthill 1,"1,219",,846,149,372,6,3,1,38,69.40,12.22,30.52,0.49,0.25,0.08,3.12
Burnthill 2,"1,340",,982,105,423,22,3,3,18,73.28,7.84,31.57,1.64,0.22,0.22,1.34
Burren and Kilbroney 1,"1,964",,227,"1,196",598,10,3,1,49,11.56,60.90,30.45,0.51,0.15,0.05,2.49
Burren and Kilbroney 2,"2,542",,224,"1,602",706,30,11,3,87,8.81,63.02,27.77,1.18,0.43,0.12,3.42
Cairnshill 1,"1,739",,793,565,615,6,7,0,69,45.60,32.49,35.37,0.35,0.40,0.00,3.97
Cairnshill 2,"1,784",,894,418,633,7,3,2,41,50.11,23.43,35.48,0.39,0.17,0.11,2.30
Caledon,"2,510",,"1,042",881,663,12,4,0,74,41.51,35.10,26.41,0.48,0.16,0.00,2.95
Callan Bridge,"2,817",,318,"1,529",667,19,12,0,383,11.29,54.28,23.68,0.67,0.43,0.00,13.60
Camlough,"3,482",,203,"2,465",844,33,2,1,64,5.83,70.79,24.24,0.95,0.06,0.03,1.84
Camowen,"2,283",,888,738,716,20,9,3,97,38.90,32.33,31.36,0.88,0.39,0.13,4.25
Carn Hill 1,"1,376",,117,926,364,10,4,0,5,8.50,67.30,26.45,0.73,0.29,0.00,0.36
Carn Hill 2,"1,227",,87,824,340,3,3,1,12,7.09,67.16,27.71,0.24,0.24,0.08,0.98
Carnany,"1,999",,"1,518",132,505,26,15,3,62,75.94,6.60,25.26,1.30,0.75,0.15,3.10
Carncastle,"2,875",,"2,031",342,916,34,27,2,21,70.64,11.90,31.86,1.18,0.94,0.07,0.73
Carnlough,"2,041",,722,681,759,20,9,5,16,35.37,33.37,37.19,0.98,0.44,0.24,0.78
Carnmoney 1,"1,276",,977,60,379,8,7,2,22,76.57,4.70,29.70,0.63,0.55,0.16,1.72
Carnmoney 2,"1,258",,915,136,405,11,1,0,9,72.73,10.81,32.19,0.87,0.08,0.00,0.72
Carnmoon and Dunseverick,"1,806",,"1,313",130,534,22,4,2,24,72.70,7.20,29.57,1.22,0.22,0.11,1.33
Carrigatuke,"2,440",,626,"1,251",649,2,6,1,40,25.66,51.27,26.60,0.08,0.25,0.04,1.64
Carrowdore 1,"1,490",,"1,095",93,515,21,6,1,9,73.49,6.24,34.56,1.41,0.40,0.07,0.60
Carrowdore 2,"1,911",,"1,504",89,597,30,9,2,12,78.70,4.66,31.24,1.57,0.47,0.10,0.63
Carrowreagh 1,"2,352",,"1,873",93,755,14,8,3,42,79.63,3.95,32.10,0.60,0.34,0.13,1.79
Carrowreagh 2,"1,965",,"1,599",56,606,22,14,3,22,81.37,2.85,30.84,1.12,0.71,0.15,1.12
Carryduff East 1,"1,634",,687,612,536,11,9,1,23,42.04,37.45,32.80,0.67,0.55,0.06,1.41
Carryduff East 2,"1,912",,"1,116",372,575,14,14,1,71,58.37,19.46,30.07,0.73,0.73,0.05,3.71
Carryduff West 1,"1,519",,790,397,523,18,4,2,26,52.01,26.14,34.43,1.18,0.26,0.13,1.71
Carryduff West 2,"1,879",,896,524,631,11,10,0,61,47.68,27.89,33.58,0.59,0.53,0.00,3.25
Castle Demesne,"2,126",,"1,088",263,534,17,11,1,411,51.18,12.37,25.12,0.80,0.52,0.05,19.33
Castlecaulfield,"2,713",,993,"1,045",740,25,6,3,72,36.60,38.52,27.28,0.92,0.22,0.11,2.65
Castlecoole 1,"1,992",,696,567,658,37,10,3,172,34.94,28.46,33.03,1.86,0.50,0.15,8.63
Castlecoole 2,"1,884",,844,574,484,24,6,1,150,44.80,30.47,25.69,1.27,0.32,0.05,7.96
Castledawson 1,"1,586",,803,375,469,10,4,0,37,50.63,23.64,29.57,0.63,0.25,0.00,2.33
Castledawson 2,"1,743",,652,624,568,8,6,0,41,37.41,35.80,32.59,0.46,0.34,0.00,2.35
Castlederg,"2,109",,700,742,666,22,20,3,90,33.19,35.18,31.58,1.04,0.95,0.14,4.27
Castlerock 1,"1,546",,"1,126",111,445,23,18,2,19,72.83,7.18,28.78,1.49,1.16,0.13,1.23
Castlerock 2,"1,565",,"1,156",151,413,16,14,0,22,73.87,9.65,26.39,1.02,0.89,0.00,1.41
Castleview 1,"1,333",,854,188,373,17,11,1,78,64.07,14.10,27.98,1.28,0.83,0.08,5.85
Castleview 2,"1,752",,599,805,447,16,8,3,19,34.19,45.95,25.51,0.91,0.46,0.17,1.08
Castleview 3,"1,637",,"1,025",307,425,8,7,2,47,62.61,18.75,25.96,0.49,0.43,0.12,2.87
Castlewellan 1,"1,095",,162,579,340,11,6,0,35,14.79,52.88,31.05,1.00,0.55,0.00,3.20
Castlewellan 2,"2,447",,549,"1,292",704,18,10,1,74,22.44,52.80,28.77,0.74,0.41,0.04,3.02
Cathedral 1,"1,687",,402,769,571,19,3,1,29,23.83,45.58,33.85,1.13,0.18,0.06,1.72
Cathedral 2,"1,571",,404,619,582,7,4,1,35,25.72,39.40,37.05,0.45,0.25,0.06,2.23
Cavehill 1,"1,617",,727,582,518,6,3,1,15,44.96,35.99,32.03,0.37,0.19,0.06,0.93
Cavehill 2,"1,597",,400,895,450,10,2,0,16,25.05,56.04,28.18,0.63,0.13,0.00,1.00
Cavehill 3,"1,606",,862,498,433,10,4,0,37,53.67,31.01,26.96,0.62,0.25,0.00,2.30
Caw,"2,601",,"1,798",408,623,37,19,3,40,69.13,15.69,23.95,1.42,0.73,0.12,1.54
Central (Ards LGD),"2,870",,"2,091",141,924,27,12,1,82,72.86,4.91,32.20,0.94,0.42,0.03,2.86
Central (Coleraine LGD),"1,835",,"1,145",174,542,18,5,3,172,62.40,9.48,29.54,0.98,0.27,0.16,9.37
Central (Larne LGD),"1,817",,"1,239",158,583,22,13,3,37,68.19,8.70,32.09,1.21,0.72,0.17,2.04
Charlemont,"2,774",,878,"1,162",744,20,3,2,120,31.65,41.89,26.82,0.72,0.11,0.07,4.33
Cherryvalley 1,"1,959",,"1,307",282,682,16,13,2,29,66.72,14.40,34.81,0.82,0.66,0.10,1.48
Cherryvalley 2,"2,052",,"1,423",289,677,28,11,1,83,69.35,14.08,32.99,1.36,0.54,0.05,4.04
Cherryvalley 3,"1,909",,"1,394",154,557,18,12,0,78,73.02,8.07,29.18,0.94,0.63,0.00,4.09
Chichester Park 1,"1,996",,448,987,551,23,5,4,107,22.44,49.45,27.61,1.15,0.25,0.20,5.36
Chichester Park 2,"1,970",,394,"1,090",558,15,11,1,62,20.00,55.33,28.32,0.76,0.56,0.05,3.15
Chichester Park 3,"1,486",,552,651,379,9,8,0,71,37.15,43.81,25.50,0.61,0.54,0.00,4.78
Church,"2,131",,"1,505",78,509,19,26,2,245,70.62,3.66,23.89,0.89,1.22,0.09,11.50
Churchill 1,"1,369",,971,109,466,13,10,0,20,70.93,7.96,34.04,0.95,0.73,0.00,1.46
Churchill 2,"1,448",,"1,043",118,501,18,12,3,25,72.03,8.15,34.60,1.24,0.83,0.21,1.73
Churchland,"2,472",,"1,501",300,744,25,19,1,180,60.72,12.14,30.10,1.01,0.77,0.04,7.28
Clady,"3,013",,"1,957",508,859,30,7,2,31,64.95,16.86,28.51,1.00,0.23,0.07,1.03
Clanabogan,"3,177",,"1,028","1,237","1,069",12,4,4,63,32.36,38.94,33.65,0.38,0.13,0.13,1.98
Clandeboye 1,"1,777",,"1,295",117,608,25,20,2,34,72.88,6.58,34.21,1.41,1.13,0.11,1.91
Clandeboye 2,"1,862",,"1,389",97,553,24,25,2,55,74.60,5.21,29.70,1.29,1.34,0.11,2.95
Clandeboye 3,"1,255",,960,36,425,16,6,1,10,76.49,2.87,33.86,1.27,0.48,0.08,0.80
Clare,"2,670",,"1,700",431,684,13,14,1,24,63.67,16.14,25.62,0.49,0.52,0.04,0.90
Claudy 1,"1,588",,444,723,482,16,12,2,10,27.96,45.53,30.35,1.01,0.76,0.13,0.63
Claudy 2,"1,974",,575,877,625,13,4,0,3,29.13,44.43,31.66,0.66,0.20,0.00,0.15
Cliftonville 1,"2,031",,320,"1,296",452,22,5,0,49,15.76,63.81,22.26,1.08,0.25,0.00,2.41
Cliftonville 2,"1,595",,389,810,491,3,3,1,23,24.39,50.78,30.78,0.19,0.19,0.06,1.44
Cliftonville 3,"1,704",,855,477,447,9,5,3,48,50.18,27.99,26.23,0.53,0.29,0.18,2.82
Clipperstown,"2,171",,"1,728",66,612,15,11,3,54,79.59,3.04,28.19,0.69,0.51,0.14,2.49
Clogh Mills,"1,993",,"1,127",392,651,9,2,1,19,56.55,19.67,32.66,0.45,0.10,0.05,0.95
Clogher,"2,252",,753,921,640,10,9,0,79,33.44,40.90,28.42,0.44,0.40,0.00,3.51
Clonallan 1,"2,052",,303,"1,088",637,16,8,1,120,14.77,53.02,31.04,0.78,0.39,0.05,5.85
Clonallan 2,"2,341",,327,"1,395",642,31,11,5,89,13.97,59.59,27.42,1.32,0.47,0.21,3.80
Clonard 1,"2,553",,358,"1,723",520,12,5,0,37,14.02,67.49,20.37,0.47,0.20,0.00,1.45
Clonard 2,"2,422",,286,"1,557",535,11,4,0,147,11.81,64.29,22.09,0.45,0.17,0.00,6.07
Clondermot 1,"1,291",,250,759,307,8,3,2,10,19.36,58.79,23.78,0.62,0.23,0.15,0.77
Clondermot 2,"1,656",,741,610,446,28,6,8,28,44.75,36.84,26.93,1.69,0.36,0.48,1.69
Cloughfern 1,"1,718",,"1,303",111,493,13,15,2,25,75.84,6.46,28.70,0.76,0.87,0.12,1.46
Cloughfern 2,"1,228",,990,35,338,7,10,0,18,80.62,2.85,27.52,0.57,0.81,0.00,1.47
Coagh,"2,029",,"1,138",367,649,19,8,1,50,56.09,18.09,31.99,0.94,0.39,0.05,2.46
Coalisland North,"3,530",,263,"2,218",970,22,3,0,179,7.45,62.83,27.48,0.62,0.08,0.00,5.07
Coalisland South,"2,485",,205,"1,416",708,25,6,1,228,8.25,56.98,28.49,1.01,0.24,0.04,9.18
Coalisland West and Newmills,"2,803",,672,"1,287",819,14,7,2,192,23.97,45.92,29.22,0.50,0.25,0.07,6.85
Collin Glen 1,"1,565",,212,"1,053",372,4,5,1,9,13.55,67.28,23.77,0.26,0.32,0.06,0.58
Collin Glen 2,"2,365",,290,"1,578",546,17,6,0,24,12.26,66.72,23.09,0.72,0.25,0.00,1.01
Collin Glen 3,"1,969",,263,"1,333",461,4,3,0,14,13.36,67.70,23.41,0.20,0.15,0.00,0.71
Collinbridge 1,"1,697",,507,798,534,14,4,1,22,29.88,47.02,31.47,0.82,0.24,0.06,1.30
Collinbridge 2,"1,381",,424,599,443,8,2,0,31,30.70,43.37,32.08,0.58,0.14,0.00,2.24
Comber East 1,"1,658",,"1,223",84,507,14,17,2,55,73.76,5.07,30.58,0.84,1.03,0.12,3.32
Comber East 2,"1,295",,"1,034",41,375,8,2,3,15,79.85,3.17,28.96,0.62,0.15,0.23,1.16
Comber North 1,"1,331",,990,50,393,18,6,1,22,74.38,3.76,29.53,1.35,0.45,0.08,1.65
Comber North 2,"1,294",,"1,041",45,392,12,7,0,27,80.45,3.48,30.29,0.93,0.54,0.00,2.09
Comber West 1,"1,325",,"1,041",79,426,9,12,2,34,78.57,5.96,32.15,0.68,0.91,0.15,2.57
Comber West 2,"1,618",,"1,274",86,523,16,11,4,30,78.74,5.32,32.32,0.99,0.68,0.25,1.85
Conlig 1,"2,449",,"1,868",121,785,31,16,4,26,76.28,4.94,32.05,1.27,0.65,0.16,1.06
Conlig 2,"2,269",,"1,752",117,723,28,16,5,37,77.21,5.16,31.86,1.23,0.71,0.22,1.63
Conlig 3,"1,545",,"1,157",72,516,24,15,0,21,74.89,4.66,33.40,1.55,0.97,0.00,1.36
Coole,"2,409",,"1,909",73,649,18,8,5,38,79.24,3.03,26.94,0.75,0.33,0.21,1.58
Coolessan,"1,422",,651,315,491,19,6,1,23,45.78,22.15,34.53,1.34,0.42,0.07,1.62
Coolhill,"2,716",,"1,216",386,547,15,11,0,794,44.77,14.21,20.14,0.55,0.41,0.00,29.23
Coolnagard,"3,489",,660,"1,428","1,308",31,11,1,259,18.92,40.93,37.49,0.89,0.32,0.03,7.42
Corcrain 1,"1,649",,265,747,457,3,7,3,268,16.07,45.30,27.71,0.18,0.42,0.18,16.25
Corcrain 2,"1,671",,402,556,447,18,5,1,372,24.06,33.27,26.75,1.08,0.30,0.06,22.26
Court 1,"1,467",,273,679,460,6,2,2,109,18.61,46.28,31.36,0.41,0.14,0.14,7.43
Court 2,"1,683",,379,732,536,9,7,0,106,22.52,43.49,31.85,0.53,0.42,0.00,6.30
Craigavad,"2,540",,"1,718",350,816,59,27,4,81,67.64,13.78,32.13,2.32,1.06,0.16,3.19
Craigy Hill,"1,455",,"1,020",100,468,9,11,3,10,70.10,6.87,32.16,0.62,0.76,0.21,0.69
Craigywarren,"2,590",,"2,102",115,687,27,7,2,34,81.16,4.44,26.53,1.04,0.27,0.08,1.31
Cranfield,"2,701",,"1,011",867,958,16,6,2,57,37.43,32.10,35.47,0.59,0.22,0.07,2.11
Crawfordsburn,"2,770",,"2,007",385,930,38,35,5,55,72.45,13.90,33.57,1.37,1.26,0.18,1.99
Cregagh,"2,090",,"1,564",121,619,21,14,6,48,74.83,5.79,29.62,1.00,0.67,0.29,2.30
Creggan,"3,088",,204,"2,195",735,18,8,0,41,6.61,71.08,23.80,0.58,0.26,0.00,1.33
Creggan Central 1,"1,456",,99,"1,090",278,3,5,1,9,6.80,74.86,19.09,0.21,0.34,0.07,0.62
Creggan Central 2,"1,294",,89,981,259,4,4,0,6,6.88,75.81,20.02,0.31,0.31,0.00,0.46
Creggan South,"2,277",,121,"1,723",492,5,6,0,8,5.31,75.67,21.61,0.22,0.26,0.00,0.35
Crevagh 1,"2,022",,261,"1,389",391,8,13,1,34,12.91,68.69,19.34,0.40,0.64,0.05,1.68
Crevagh 2,"1,298",,104,849,379,6,5,1,7,8.01,65.41,29.20,0.46,0.39,0.08,0.54
Crevagh 3,"2,538",,169,"1,838",551,19,11,0,17,6.66,72.42,21.71,0.75,0.43,0.00,0.67
Cross Glebe,"2,665",,"1,842",126,802,25,18,1,92,69.12,4.73,30.09,0.94,0.68,0.04,3.45
Crossgar 1,"1,501",,742,368,508,14,8,0,48,49.43,24.52,33.84,0.93,0.53,0.00,3.20
Crossgar 2,"1,768",,701,534,627,12,3,6,66,39.65,30.20,35.46,0.68,0.17,0.34,3.73
Crossmaglen,"2,665",,143,"1,981",546,12,6,1,58,5.37,74.33,20.49,0.45,0.23,0.04,2.18
Crumlin 1 (Antrim LGD),"1,953",,453,"1,044",559,19,5,7,28,23.20,53.46,28.62,0.97,0.26,0.36,1.43
Crumlin 1 (Belfast LGD),"2,019",,"1,663",126,377,10,9,5,11,82.37,6.24,18.67,0.50,0.45,0.25,0.54
Crumlin 2 (Antrim LGD),"2,694",,657,"1,465",676,17,3,1,29,24.39,54.38,25.09,0.63,0.11,0.04,1.08
Crumlin 2 (Belfast LGD),"2,563",,"1,916",307,525,14,8,1,48,74.76,11.98,20.48,0.55,0.31,0.04,1.87
Cullybackey,"2,805",,"2,330",67,703,19,14,4,63,83.07,2.39,25.06,0.68,0.50,0.14,2.25
Culmore 1,"1,205",,157,849,235,15,6,1,11,13.03,70.46,19.50,1.24,0.50,0.08,0.91
Culmore 2,"1,236",,88,871,291,5,9,1,21,7.12,70.47,23.54,0.40,0.73,0.08,1.70
Culmore 3,"1,569",,109,"1,068",427,15,2,0,10,6.95,68.07,27.21,0.96,0.13,0.00,0.64
Culmore 4,"2,553",,204,"1,840",592,19,14,1,8,7.99,72.07,23.19,0.74,0.55,0.04,0.31
Culmore 5,"2,309",,238,"1,695",477,16,7,2,21,10.31,73.41,20.66,0.69,0.30,0.09,0.91
Cultra,"2,477",,"1,617",394,915,35,13,8,51,65.28,15.91,36.94,1.41,0.52,0.32,2.06
Daisy Hill 1,"1,580",,122,958,439,12,4,1,114,7.72,60.63,27.78,0.76,0.25,0.06,7.22
Daisy Hill 2,"1,575",,137,881,441,15,4,0,186,8.70,55.94,28.00,0.95,0.25,0.00,11.81
Dalriada,"1,452",,331,698,455,23,17,1,29,22.80,48.07,31.34,1.58,1.17,0.07,2.00
Demesne 1,"1,468",,526,594,429,9,6,2,62,35.83,40.46,29.22,0.61,0.41,0.14,4.22
Demesne 2,"1,308",,591,429,332,9,2,2,66,45.18,32.80,25.38,0.69,0.15,0.15,5.05
Dergmoney,"1,675",,528,563,584,14,5,2,102,31.52,33.61,34.87,0.84,0.30,0.12,6.09
Derryaghy 1,"3,775",,380,"2,759",792,16,7,1,49,10.07,73.09,20.98,0.42,0.19,0.03,1.30
Derryaghy 2,"1,697",,172,"1,206",370,0,1,0,11,10.14,71.07,21.80,0.00,0.06,0.00,0.65
Derryaghy 3,"3,992",,"1,980","1,137","1,115",33,25,1,97,49.60,28.48,27.93,0.83,0.63,0.03,2.43
Derryboy 1,"1,695",,936,383,551,13,1,0,21,55.22,22.60,32.51,0.77,0.06,0.00,1.24
Derryboy 2,"1,326",,870,117,478,16,3,2,15,65.61,8.82,36.05,1.21,0.23,0.15,1.13
Derrygonnelly,"2,812",,970,"1,065",849,41,7,2,96,34.50,37.87,30.19,1.46,0.25,0.07,3.41
Derryleckagh 1,"2,046",,190,"1,303",580,13,5,2,55,9.29,63.69,28.35,0.64,0.24,0.10,2.69
Derryleckagh 2,"2,412",,416,"1,338",676,12,11,4,130,17.25,55.47,28.03,0.50,0.46,0.17,5.39
Derrylin,"2,678",,462,"1,469",676,33,16,0,134,17.25,54.85,25.24,1.23,0.60,0.00,5.00
Derrymore 1,"1,652",,170,"1,034",412,24,4,0,61,10.29,62.59,24.94,1.45,0.24,0.00,3.69
Derrymore 2,"1,543",,222,846,470,7,6,2,60,14.39,54.83,30.46,0.45,0.39,0.13,3.89
Derrynoose,"3,475",,636,"1,953",977,23,16,1,66,18.30,56.20,28.12,0.66,0.46,0.03,1.90
Derrytrasna 1,"3,074",,369,"1,824",976,8,9,0,77,12.00,59.34,31.75,0.26,0.29,0.00,2.50
Derrytrasna 2,"2,401",,541,"1,135",765,13,13,0,61,22.53,47.27,31.86,0.54,0.54,0.00,2.54
Dervock,"1,509",,"1,112",88,497,12,7,9,21,73.69,5.83,32.94,0.80,0.46,0.60,1.39
Devenish,"1,707",,429,664,550,18,11,2,127,25.13,38.90,32.22,1.05,0.64,0.12,7.44
Doagh 1,"1,840",,"1,447",75,579,21,14,3,9,78.64,4.08,31.47,1.14,0.76,0.16,0.49
Doagh 2,"1,834",,"1,413",66,608,12,9,2,21,77.04,3.60,33.15,0.65,0.49,0.11,1.15
Donagh,"2,387",,519,"1,151",762,27,5,3,40,21.74,48.22,31.92,1.13,0.21,0.13,1.68
Donaghadee North 1,"1,690",,"1,238",109,541,37,18,3,58,73.25,6.45,32.01,2.19,1.07,0.18,3.43
Donaghadee North 2,"1,637",,"1,271",137,466,16,9,8,9,77.64,8.37,28.47,0.98,0.55,0.49,0.55
Donaghadee South 1,"1,408",,"1,157",41,402,21,9,4,10,82.17,2.91,28.55,1.49,0.64,0.28,0.71
Donaghadee South 2,"1,547",,"1,166",86,498,25,11,6,16,75.37,5.56,32.19,1.62,0.71,0.39,1.03
Donaghcloney 1,"1,538",,"1,142",123,421,27,6,5,30,74.25,8.00,27.37,1.76,0.39,0.33,1.95
Donaghcloney 2,"2,451",,"1,901",158,681,26,9,1,36,77.56,6.45,27.78,1.06,0.37,0.04,1.47
Donaghmore,"2,588",,703,"1,129",812,11,6,0,111,27.16,43.62,31.38,0.43,0.23,0.00,4.29
Donaghmore 1,"2,057",,756,795,633,9,2,0,20,36.75,38.65,30.77,0.44,0.10,0.00,0.97
Donaghmore 2,"1,416",,330,708,431,6,8,1,8,23.31,50.00,30.44,0.42,0.56,0.07,0.56
Donard 1,"1,507",,578,484,521,24,12,3,44,38.35,32.12,34.57,1.59,0.80,0.20,2.92
Donard 2,"1,686",,537,646,607,21,11,1,41,31.85,38.32,36.00,1.25,0.65,0.06,2.43
Downs,"2,565",,229,"1,569",725,14,6,0,134,8.93,61.17,28.27,0.55,0.23,0.00,5.22
Downshire,"2,417",,"1,768",172,681,26,23,2,74,73.15,7.12,28.18,1.08,0.95,0.08,3.06
Draperstown,"2,984",,317,"1,860",876,11,21,0,82,10.62,62.33,29.36,0.37,0.70,0.00,2.75
Dromara 1,"1,974",,"1,479",203,634,29,13,3,42,74.92,10.28,32.12,1.47,0.66,0.15,2.13
Dromara 2,"2,724",,"2,011",284,800,20,15,1,19,73.83,10.43,29.37,0.73,0.55,0.04,0.70
Dromore,"2,394",,483,"1,213",734,35,11,0,45,20.18,50.67,30.66,1.46,0.46,0.00,1.88
Dromore North,"2,563",,"1,722",186,839,33,16,4,81,67.19,7.26,32.74,1.29,0.62,0.16,3.16
Dromore South 1,"2,036",,"1,482",138,631,21,27,10,69,72.79,6.78,30.99,1.03,1.33,0.49,3.39
Dromore South 2,"2,080",,"1,505",177,652,17,8,3,29,72.36,8.51,31.35,0.82,0.38,0.14,1.39
Drumalane 1,"1,966",,159,"1,195",416,12,11,0,291,8.09,60.78,21.16,0.61,0.56,0.00,14.80
Drumalane 2,"1,386",,105,903,351,16,7,0,76,7.58,65.15,25.32,1.15,0.51,0.00,5.48
Drumanaway,"2,140",,"1,606",168,580,24,15,2,45,75.05,7.85,27.10,1.12,0.70,0.09,2.10
Drumaness 1,"1,784",,495,643,717,19,8,0,18,27.75,36.04,40.19,1.07,0.45,0.00,1.01
Drumaness 2,"2,092",,618,783,837,17,6,0,22,29.54,37.43,40.01,0.81,0.29,0.00,1.05
Drumbo 1,"1,697",,"1,044",345,601,20,11,1,49,61.52,20.33,35.42,1.18,0.65,0.06,2.89
Drumbo 2,"1,667",,"1,138",270,528,18,9,3,20,68.27,16.20,31.67,1.08,0.54,0.18,1.20
Drumgask 1,"2,929",,635,"1,143","1,028",21,15,1,205,21.68,39.02,35.10,0.72,0.51,0.03,7.00
Drumgask 2,"1,283",,180,632,428,12,7,0,69,14.03,49.26,33.36,0.94,0.55,0.00,5.38
Drumglass,"2,357",,331,928,690,22,4,5,540,14.04,39.37,29.27,0.93,0.17,0.21,22.91
Drumgor 1,"1,401",,558,325,406,18,4,2,227,39.83,23.20,28.98,1.28,0.29,0.14,16.20
Drumgor 2,"1,344",,505,363,448,8,4,2,114,37.57,27.01,33.33,0.60,0.30,0.15,8.48
Drumgullion 1,"1,419",,183,743,455,5,8,1,111,12.90,52.36,32.06,0.35,0.56,0.07,7.82
Drumgullion 2,"1,679",,222,917,488,11,9,3,148,13.22,54.62,29.06,0.66,0.54,0.18,8.81
Drumnakilly,"2,916",,532,"1,569",874,16,7,1,68,18.24,53.81,29.97,0.55,0.24,0.03,2.33
Drumnamoe 1,"1,270",,148,718,386,5,6,1,40,11.65,56.54,30.39,0.39,0.47,0.08,3.15
Drumnamoe 2,"1,381",,127,835,465,3,2,0,15,9.20,60.46,33.67,0.22,0.14,0.00,1.09
Drumquin,"2,231",,660,875,778,7,11,6,29,29.58,39.22,34.87,0.31,0.49,0.27,1.30
Drumragh,"2,315",,"1,447",262,631,27,11,2,166,62.51,11.32,27.26,1.17,0.48,0.09,7.17
Dufferin,"2,449",,"1,822",124,800,35,28,4,27,74.40,5.06,32.67,1.43,1.14,0.16,1.10
Dunanney,"2,262",,"1,891",81,550,15,12,4,19,83.60,3.58,24.31,0.66,0.53,0.18,0.84
Duncairn 1,"2,807",,"1,598",534,643,34,35,5,292,56.93,19.02,22.91,1.21,1.25,0.18,10.40
Duncairn 2,"2,094",,"1,357",282,523,21,12,3,127,64.80,13.47,24.98,1.00,0.57,0.14,6.06
Dunclug,"2,363",,"1,171",411,676,19,14,5,283,49.56,17.39,28.61,0.80,0.59,0.21,11.98
Dundonald 1,"1,950",,"1,429",125,587,29,9,3,75,73.28,6.41,30.10,1.49,0.46,0.15,3.85
Dundonald 2,"1,413",,"1,134",43,367,16,10,0,51,80.25,3.04,25.97,1.13,0.71,0.00,3.61
Dundooan 1,"1,377",,"1,041",102,434,13,8,2,13,75.60,7.41,31.52,0.94,0.58,0.15,0.94
Dundooan 2,"1,899",,"1,034",364,687,25,21,3,48,54.45,19.17,36.18,1.32,1.11,0.16,2.53
Dundrum,"2,851",,"1,138",927,983,35,11,1,42,39.92,32.51,34.48,1.23,0.39,0.04,1.47
Dungiven,"2,022",,193,"1,382",501,10,12,1,44,9.55,68.35,24.78,0.49,0.59,0.05,2.18
Dunloy,"2,278",,501,"1,109",708,6,7,1,65,21.99,48.68,31.08,0.26,0.31,0.04,2.85
Dunluce,"1,990",,"1,545",112,544,15,12,0,27,77.64,5.63,27.34,0.75,0.60,0.00,1.36
Dunminning,"2,610",,"1,923",259,775,15,15,1,19,73.68,9.92,29.69,0.57,0.57,0.04,0.73
Dunmore,"3,058",,"1,718",659,962,35,14,8,40,56.18,21.55,31.46,1.14,0.46,0.26,1.31
Dunmurry 1,"2,199",,594,"1,070",681,23,10,2,47,27.01,48.66,30.97,1.05,0.45,0.09,2.14
Dunmurry 2,"2,180",,333,"1,539",464,6,5,2,26,15.28,70.60,21.28,0.28,0.23,0.09,1.19
Dunnamanagh,"2,187",,"1,059",661,562,19,12,1,3,48.42,30.22,25.70,0.87,0.55,0.05,0.14
Dunnamore,"2,357",,250,"1,370",799,18,4,0,17,10.61,58.12,33.90,0.76,0.17,0.00,0.72
East,"1,714",,204,954,582,13,10,1,11,11.90,55.66,33.96,0.76,0.58,0.06,0.64
Ebrington 1,833,,440,239,233,11,6,1,20,52.82,28.69,27.97,1.32,0.72,0.12,2.40
Ebrington 2,"1,736",,735,523,430,21,17,1,150,42.34,30.13,24.77,1.21,0.98,0.06,8.64
Eden 1,"2,231",,"1,758",95,742,20,13,1,25,78.80,4.26,33.26,0.90,0.58,0.04,1.12
Eden 2,"2,566",,"2,054",120,742,36,23,3,38,80.05,4.68,28.92,1.40,0.90,0.12,1.48
Edenderry,"2,769",,"1,484",544,916,27,8,2,66,53.59,19.65,33.08,0.98,0.29,0.07,2.38
Edenderry 1,"1,449",,"1,071",75,364,16,9,1,124,73.91,5.18,25.12,1.10,0.62,0.07,8.56
Edenderry 2,"1,599",,"1,233",62,406,16,12,4,106,77.11,3.88,25.39,1.00,0.75,0.25,6.63
Eglinton 1,"1,753",,877,483,485,31,10,1,26,50.03,27.55,27.67,1.77,0.57,0.06,1.48
Eglinton 2,"2,648",,"1,105",831,913,27,15,1,44,41.73,31.38,34.48,1.02,0.57,0.04,1.66
Enagh 1 (Derry LGD),"2,407",,556,"1,158",638,27,20,1,135,23.10,48.11,26.51,1.12,0.83,0.04,5.61
Enagh 1 (Limavady LGD),"1,275",,729,254,397,9,8,3,8,57.18,19.92,31.14,0.71,0.63,0.24,0.63
Enagh 2 (Derry LGD),"3,338",,"1,256","1,337",949,31,24,1,107,37.63,40.05,28.43,0.93,0.72,0.03,3.21
Enagh 2 (Limavady LGD),"1,212",,735,178,360,26,4,6,16,60.64,14.69,29.70,2.15,0.33,0.50,1.32
Enler,"2,592",,"2,078",98,695,23,19,3,42,80.17,3.78,26.81,0.89,0.73,0.12,1.62
Erne,"2,627",,798,"1,003",838,28,5,1,165,30.38,38.18,31.90,1.07,0.19,0.04,6.28
Fair Green,"1,784",,826,381,531,9,9,2,198,46.30,21.36,29.76,0.50,0.50,0.11,11.10
Fairhill,"1,798",,"1,311",110,536,9,11,1,14,72.91,6.12,29.81,0.50,0.61,0.06,0.78
Fairy Water,"2,142",,"1,042",604,664,17,7,1,6,48.65,28.20,31.00,0.79,0.33,0.05,0.28
Falls 1,"1,497",,187,939,380,11,5,0,36,12.49,62.73,25.38,0.73,0.33,0.00,2.40
Falls 2,"1,752",,286,"1,070",448,4,4,1,15,16.32,61.07,25.57,0.23,0.23,0.06,0.86
Falls 3,"1,935",,267,"1,089",441,9,11,3,197,13.80,56.28,22.79,0.47,0.57,0.16,10.18
Falls Park 1,"1,687",,151,"1,210",338,3,4,0,38,8.95,71.72,20.04,0.18,0.24,0.00,2.25
Falls Park 2,"1,935",,210,"1,327",480,0,0,1,22,10.85,68.58,24.81,0.00,0.00,0.05,1.14
Falls Park 3,"1,721",,126,"1,219",414,4,2,1,28,7.32,70.83,24.06,0.23,0.12,0.06,1.63
Farranshane,"1,698",,954,249,537,16,14,1,80,56.18,14.66,31.63,0.94,0.82,0.06,4.71
Fathom,"3,110",,204,"2,100",788,14,12,1,106,6.56,67.52,25.34,0.45,0.39,0.03,3.41
Feeny,"2,206",,336,"1,267",698,12,9,1,13,15.23,57.43,31.64,0.54,0.41,0.05,0.59
Finaghy 1,"1,418",,810,324,445,6,3,1,56,57.12,22.85,31.38,0.42,0.21,0.07,3.95
Finaghy 2,"1,552",,372,890,407,11,4,0,30,23.97,57.35,26.22,0.71,0.26,0.00,1.93
Finaghy 3,"1,585",,821,454,470,8,6,1,78,51.80,28.64,29.65,0.50,0.38,0.06,4.92
Finn,"2,807",,755,"1,254",941,22,13,3,13,26.90,44.67,33.52,0.78,0.46,0.11,0.46
Fintona,"2,046",,633,733,692,9,13,3,73,30.94,35.83,33.82,0.44,0.64,0.15,3.57
Fivemiletown,"2,114",,"1,385",264,575,24,3,0,84,65.52,12.49,27.20,1.14,0.14,0.00,3.97
Florence Court and Kinawley,"2,630",,788,"1,229",724,33,6,0,38,29.96,46.73,27.53,1.25,0.23,0.00,1.44
Forest,"2,449",,"1,216",643,756,26,8,3,6,49.65,26.26,30.87,1.06,0.33,0.12,0.24
Forkhill 1,"2,205",,145,"1,599",519,12,6,2,66,6.58,72.52,23.54,0.54,0.27,0.09,2.99
Forkhill 2,"2,151",,136,"1,654",417,8,9,2,50,6.32,76.89,19.39,0.37,0.42,0.09,2.32
Fort,"2,364",,"1,615",287,665,28,11,2,33,68.32,12.14,28.13,1.18,0.47,0.08,1.40
Fortwilliam 1,"1,388",,596,519,368,11,4,0,43,42.94,37.39,26.51,0.79,0.29,0.00,3.10
Fortwilliam 2,"1,540",,"1,122",129,388,11,4,0,87,72.86,8.38,25.19,0.71,0.26,0.00,5.65
Fortwilliam 3,"1,633",,688,617,437,15,13,6,77,42.13,37.78,26.76,0.92,0.80,0.37,4.72
Fountain Hill,"2,220",,"1,545",185,655,35,10,1,100,69.59,8.33,29.50,1.58,0.45,0.05,4.50
Foyle Springs 1,"1,962",,95,"1,535",410,8,6,1,14,4.84,78.24,20.90,0.41,0.31,0.05,0.71
Foyle Springs 2,"1,787",,157,"1,250",415,18,8,0,20,8.79,69.95,23.22,1.01,0.45,0.00,1.12
Galgorm 1,"1,603",,"1,293",65,461,12,8,0,24,80.66,4.05,28.76,0.75,0.50,0.00,1.50
Galgorm 2,"1,674",,"1,307",131,500,6,17,0,22,78.08,7.83,29.87,0.36,1.02,0.00,1.31
Galwally,"2,567",,"1,273",716,954,18,13,1,84,49.59,27.89,37.16,0.70,0.51,0.04,3.27
Gardenmore,"1,916",,"1,249",246,644,11,9,1,15,65.19,12.84,33.61,0.57,0.47,0.05,0.78
Garvagh,"2,795",,"1,381",792,793,21,15,1,44,49.41,28.34,28.37,0.75,0.54,0.04,1.57
Gilford,"2,522",,"1,462",478,759,33,13,0,41,57.97,18.95,30.10,1.31,0.52,0.00,1.63
Gilnahirk,"2,512",,"1,875",206,855,16,15,7,58,74.64,8.20,34.04,0.64,0.60,0.28,2.31
Glack,"2,106",,881,604,780,8,4,0,16,41.83,28.68,37.04,0.38,0.19,0.00,0.76
Glebe,"1,719",,"1,249",130,511,5,7,2,34,72.66,7.56,29.73,0.29,0.41,0.12,1.98
Glebe 1 (Magherafelt LGD),"1,799",,532,726,588,14,9,2,135,29.57,40.36,32.68,0.78,0.50,0.11,7.50
Glebe 1 (Newtownabbey LGD),"1,661",,512,719,511,12,6,1,41,30.82,43.29,30.76,0.72,0.36,0.06,2.47
Glebe 2 (Magherafelt LGD),"1,280",,395,433,388,15,4,1,126,30.86,33.83,30.31,1.17,0.31,0.08,9.84
Glebe 2 (Newtownabbey LGD),"1,655",,858,478,525,7,11,0,35,51.84,28.88,31.72,0.42,0.66,0.00,2.11
Glen 1,"1,440",,"1,065",77,422,17,11,1,39,73.96,5.35,29.31,1.18,0.76,0.07,2.71
Glen 2,"1,336",,"1,048",102,438,12,7,2,7,78.44,7.63,32.78,0.90,0.52,0.15,0.52
Glen Road 1,"2,158",,232,"1,523",462,7,10,0,24,10.75,70.57,21.41,0.32,0.46,0.00,1.11
Glen Road 2,"1,839",,172,"1,395",350,12,2,2,9,9.35,75.86,19.03,0.65,0.11,0.11,0.49
Glen Road 3,"1,576",,116,"1,191",303,1,8,5,19,7.36,75.57,19.23,0.06,0.51,0.32,1.21
Glenaan and Glendun,"2,421",,376,"1,281",816,20,19,1,31,15.53,52.91,33.71,0.83,0.78,0.04,1.28
Glenariff,"1,690",,238,937,595,8,12,0,18,14.08,55.44,35.21,0.47,0.71,0.00,1.07
Glenarm,"1,851",,"1,083",326,554,29,10,1,12,58.51,17.61,29.93,1.57,0.54,0.05,0.65
Glenavy 1,"2,946",,869,"1,407",895,30,17,1,36,29.50,47.76,30.38,1.02,0.58,0.03,1.22
Glenavy 2,"2,751",,"1,357",783,846,26,11,4,29,49.33,28.46,30.75,0.95,0.40,0.15,1.05
Glencairn 1,"1,995",,"1,579",155,418,17,11,2,39,79.15,7.77,20.95,0.85,0.55,0.10,1.95
Glencairn 2,"1,754",,"1,119",386,375,10,8,2,22,63.80,22.01,21.38,0.57,0.46,0.11,1.25
Glencolin 1,"1,548",,143,"1,139",319,6,4,0,16,9.24,73.58,20.61,0.39,0.26,0.00,1.03
Glencolin 2,"1,614",,163,"1,108",367,4,5,1,11,10.10,68.65,22.74,0.25,0.31,0.06,0.68
Glencolin 3,"1,705",,152,"1,249",366,4,7,0,16,8.91,73.26,21.47,0.23,0.41,0.00,0.94
Glencolin 4,"1,631",,191,"1,163",314,6,6,0,16,11.71,71.31,19.25,0.37,0.37,0.00,0.98
Glenderg,"2,593",,805,"1,115",767,20,8,0,16,31.05,43.00,29.58,0.77,0.31,0.00,0.62
Glengormley 1,"1,668",,596,582,600,10,5,2,65,35.73,34.89,35.97,0.60,0.30,0.12,3.90
Glengormley 2,"1,297",,924,113,338,11,9,4,45,71.24,8.71,26.06,0.85,0.69,0.31,3.47
Glenravel,"3,451",,"1,425","1,111","1,183",14,25,1,36,41.29,32.19,34.28,0.41,0.72,0.03,1.04
Glentaisie and Kinbane,"2,251",,775,843,701,27,29,1,62,34.43,37.45,31.14,1.20,1.29,0.04,2.75
Glenwhirry,"2,981",,"2,309",223,850,11,11,1,48,77.46,7.48,28.51,0.37,0.37,0.03,1.61
Glynn,"2,027",,"1,657",97,568,16,18,0,10,81.75,4.79,28.02,0.79,0.89,0.00,0.49
Gortalee,"1,493",,"1,163",40,433,13,14,3,29,77.90,2.68,29.00,0.87,0.94,0.20,1.94
Gortalowry,"2,787",,661,"1,114",910,22,13,1,265,23.72,39.97,32.65,0.79,0.47,0.04,9.51
Gortin,"2,836",,"1,121",958,862,10,10,0,96,39.53,33.78,30.39,0.35,0.35,0.00,3.39
Gortrush 1,"1,488",,268,715,549,6,1,1,70,18.01,48.05,36.90,0.40,0.07,0.07,4.70
Gortrush 2,"1,345",,276,589,506,15,7,1,49,20.52,43.79,37.62,1.12,0.52,0.07,3.64
Graham's Bridge,"2,702",,"2,065",100,774,21,11,3,112,76.42,3.70,28.65,0.78,0.41,0.11,4.15
Grange,"3,461",,"1,843",815,"1,149",28,18,3,21,53.25,23.55,33.20,0.81,0.52,0.09,0.61
Gransha,"3,473",,"2,584",277,"1,006",28,8,1,32,74.40,7.98,28.97,0.81,0.23,0.03,0.92
Greenisland,"2,619",,"1,839",229,866,33,21,7,60,70.22,8.74,33.07,1.26,0.80,0.27,2.29
Gregstown 1,"1,392",,"1,077",65,442,22,5,1,14,77.37,4.67,31.75,1.58,0.36,0.07,1.01
Gregstown 2,"1,472",,"1,133",39,419,10,3,3,27,76.97,2.65,28.46,0.68,0.20,0.20,1.83
Gregstown 3,"1,580",,"1,261",66,509,19,11,3,21,79.81,4.18,32.22,1.20,0.70,0.19,1.33
Gresteel 1,"2,146",,433,"1,090",711,21,7,0,9,20.18,50.79,33.13,0.98,0.33,0.00,0.42
Gresteel 2,"1,525",,678,388,488,19,5,4,58,44.46,25.44,32.00,1.25,0.33,0.26,3.80
Greystone (Antrim LGD),"1,953",,"1,209",251,647,27,9,1,68,61.90,12.85,33.13,1.38,0.46,0.05,3.48
Greystone (Limavady LGD),"1,338",,732,233,381,11,21,2,34,54.71,17.41,28.48,0.82,1.57,0.15,2.54
Groomsport,"3,005",,"2,258",216,"1,025",47,28,7,42,75.14,7.19,34.11,1.56,0.93,0.23,1.40
Gulladuff,"2,723",,831,"1,174",856,12,6,0,41,30.52,43.11,31.44,0.44,0.22,0.00,1.51
Hamiltonsbawn 1,"1,496",,"1,119",151,364,13,4,2,11,74.80,10.09,24.33,0.87,0.27,0.13,0.74
Hamiltonsbawn 2,"1,858",,"1,469",82,478,14,2,6,65,79.06,4.41,25.73,0.75,0.11,0.32,3.50
Harbour,"1,811",,"1,343",171,521,18,23,1,47,74.16,9.44,28.77,0.99,1.27,0.06,2.60
Harbour 1,"1,495",,818,174,515,32,21,1,200,54.72,11.64,34.45,2.14,1.40,0.07,13.38
Harbour 2,"1,527",,930,167,605,47,17,8,88,60.90,10.94,39.62,3.08,1.11,0.52,5.76
Harmony Hill,"3,054",,"1,969",536,943,34,31,4,47,64.47,17.55,30.88,1.11,1.02,0.13,1.54
Harryville,"1,885",,"1,451",76,508,7,7,1,101,76.98,4.03,26.95,0.37,0.37,0.05,5.36
Hawthorne,"2,266",,"1,780",139,636,12,19,3,30,78.55,6.13,28.07,0.53,0.84,0.13,1.32
Highfield 1,"2,149",,"1,803",85,434,16,4,3,56,83.90,3.96,20.20,0.74,0.19,0.14,2.61
Highfield 2,"1,733",,"1,237",218,421,11,7,2,30,71.38,12.58,24.29,0.63,0.40,0.12,1.73
Highfield 3,"1,769",,"1,424",128,335,16,13,2,29,80.50,7.24,18.94,0.90,0.73,0.11,1.64
Hightown,"2,237",,"1,346",412,733,10,10,3,57,60.17,18.42,32.77,0.45,0.45,0.13,2.55
Hilden 1,"1,528",,"1,000",162,404,19,15,3,97,65.45,10.60,26.44,1.24,0.98,0.20,6.35
Hilden 2,"1,376",,945,107,390,9,11,1,79,68.68,7.78,28.34,0.65,0.80,0.07,5.74
Hillfoot,"2,561",,"1,555",532,870,25,22,2,64,60.72,20.77,33.97,0.98,0.86,0.08,2.50
Hillhall 1,"1,420",,"1,010",76,386,15,18,1,78,71.13,5.35,27.18,1.06,1.27,0.07,5.49
Hillhall 2,"1,485",,"1,083",120,416,13,6,3,44,72.93,8.08,28.01,0.88,0.40,0.20,2.96
Hillsborough 1,"1,793",,"1,280",173,542,21,11,2,39,71.39,9.65,30.23,1.17,0.61,0.11,2.18
Hillsborough 2,"1,965",,"1,423",231,585,44,8,3,34,72.42,11.76,29.77,2.24,0.41,0.15,1.73
Hockley,"2,577",,"1,786",356,721,22,4,1,55,69.31,13.81,27.98,0.85,0.16,0.04,2.13
Holly Mount 1,"2,241",,825,870,718,15,9,0,15,36.81,38.82,32.04,0.67,0.40,0.00,0.67
Holly Mount 2,"2,939",,886,"1,495",694,32,8,1,53,30.15,50.87,23.61,1.09,0.27,0.03,1.80
Holywood Demesne,"3,012",,"1,782",475,"1,036",153,27,11,115,59.16,15.77,34.40,5.08,0.90,0.37,3.82
Holywood Priory,"2,675",,"1,741",404,969,62,27,4,52,65.08,15.10,36.22,2.32,1.01,0.15,1.94
Hopefield 1,"1,821",,"1,242",183,583,21,12,6,34,68.20,10.05,32.02,1.15,0.66,0.33,1.87
Hopefield 2,"1,949",,"1,197",263,684,37,12,7,79,61.42,13.49,35.09,1.90,0.62,0.36,4.05
Irvinestown,"2,588",,805,871,950,35,11,1,90,31.11,33.66,36.71,1.35,0.43,0.04,3.48
Island 1,"2,257",,"1,537",181,473,21,31,1,233,68.10,8.02,20.96,0.93,1.37,0.04,10.32
Island 2,"2,757",,"1,773",232,811,24,12,2,346,64.31,8.41,29.42,0.87,0.44,0.07,12.55
Island Magee,"2,568",,"1,891",153,887,44,29,4,38,73.64,5.96,34.54,1.71,1.13,0.16,1.48
Jordanstown 1,"1,872",,"1,443",88,598,5,4,2,20,77.08,4.70,31.94,0.27,0.21,0.11,1.07
Jordanstown 2,"2,047",,"1,443",247,678,14,3,0,33,70.49,12.07,33.12,0.68,0.15,0.00,1.61
Jordanstown 3,"2,306",,"1,530",378,828,23,7,3,45,66.35,16.39,35.91,1.00,0.30,0.13,1.95
Katesbridge,"2,582",,"1,618",421,766,17,9,4,26,62.66,16.31,29.67,0.66,0.35,0.15,1.01
Keady,"1,795",,219,987,534,14,7,1,102,12.20,54.99,29.75,0.78,0.39,0.06,5.68
Kells 1,"1,904",,"1,608",44,454,24,12,2,32,84.45,2.31,23.84,1.26,0.63,0.11,1.68
Kells 2,"1,460",,"1,179",86,432,13,7,1,10,80.75,5.89,29.59,0.89,0.48,0.07,0.68
Kernan 1,"2,791",,"2,044",231,768,38,10,2,149,73.24,8.28,27.52,1.36,0.36,0.07,5.34
Kernan 2,"3,316",,"1,873",374,901,30,15,1,543,56.48,11.28,27.17,0.90,0.45,0.03,16.38
Kesh Ederney and Lack 1,"1,555",,725,454,438,15,6,1,16,46.62,29.20,28.17,0.96,0.39,0.06,1.03
Kesh Ederney and Lack 2,"2,097",,"1,339",324,563,29,12,4,38,63.85,15.45,26.85,1.38,0.57,0.19,1.81
Kilfennan 1,"1,558",,936,312,425,14,8,1,31,60.08,20.03,27.28,0.90,0.51,0.06,1.99
Kilfennan 2,"1,486",,734,385,410,24,7,2,90,49.39,25.91,27.59,1.62,0.47,0.13,6.06
Kilkeel Central 1,"1,862",,"1,352",110,497,11,10,0,113,72.61,5.91,26.69,0.59,0.54,0.00,6.07
Kilkeel Central 2,"1,825",,"1,028",344,464,18,5,0,106,56.33,18.85,25.42,0.99,0.27,0.00,5.81
Kilkeel South 1,"1,302",,841,210,368,12,5,2,41,64.59,16.13,28.26,0.92,0.38,0.15,3.15
Kilkeel South 2,"1,681",,494,638,522,19,13,0,100,29.39,37.95,31.05,1.13,0.77,0.00,5.95
Killeen,"2,785",,"1,246","1,060",661,9,6,2,33,44.74,38.06,23.73,0.32,0.22,0.07,1.18
Killinchy 1,"1,510",,"1,180",95,495,19,8,4,17,78.15,6.29,32.78,1.26,0.53,0.26,1.13
Killinchy 2,"1,606",,"1,175",177,507,26,24,1,41,73.16,11.02,31.57,1.62,1.49,0.06,2.55
Killoquin Lower,"1,890",,"1,075",381,603,14,15,1,25,56.88,20.16,31.90,0.74,0.79,0.05,1.32
Killoquin Upper,"1,797",,663,603,539,26,2,0,99,36.89,33.56,29.99,1.45,0.11,0.00,5.51
Killough 1,"1,781",,517,745,623,20,10,4,17,29.03,41.83,34.98,1.12,0.56,0.22,0.95
Killough 2,"1,778",,764,377,535,202,13,10,67,42.97,21.20,30.09,11.36,0.73,0.56,3.77
Killyclogher 1,"1,532",,297,693,537,17,13,0,56,19.39,45.23,35.05,1.11,0.85,0.00,3.66
Killyclogher 2,"1,564",,234,788,596,8,12,1,29,14.96,50.38,38.11,0.51,0.77,0.06,1.85
Killycolpy,"2,616",,439,"1,282","1,020",9,8,1,25,16.78,49.01,38.99,0.34,0.31,0.04,0.96
Killycomain,"2,539",,"1,926",70,620,19,21,5,189,75.86,2.76,24.42,0.75,0.83,0.20,7.44
Killycrot,"2,620",,"1,830",188,774,46,29,8,121,69.85,7.18,29.54,1.76,1.11,0.31,4.62
Killylea,"2,474",,983,928,652,11,6,1,39,39.73,37.51,26.35,0.44,0.24,0.04,1.58
Killyleagh,"2,994",,"1,895",420,970,43,13,5,83,63.29,14.03,32.40,1.44,0.43,0.17,2.77
Killyman,"2,724",,"1,839",407,648,22,8,2,67,67.51,14.94,23.79,0.81,0.29,0.07,2.46
Killymeal,"2,891",,"1,050",728,657,20,9,2,749,36.32,25.18,22.73,0.69,0.31,0.07,25.91
Killymoon,"1,885",,794,510,586,15,14,0,110,42.12,27.06,31.09,0.80,0.74,0.00,5.84
Kilmore 1,"1,601",,"1,118",182,547,24,15,2,24,69.83,11.37,34.17,1.50,0.94,0.12,1.50
Kilmore 2,"1,693",,"1,070",306,538,23,4,3,23,63.20,18.07,31.78,1.36,0.24,0.18,1.36
Kilrea,"2,724",,873,"1,044",927,16,16,0,112,32.05,38.33,34.03,0.59,0.59,0.00,4.11
Kilwaughter 1,"3,660",,"2,748",255,"1,180",38,30,1,54,75.08,6.97,32.24,1.04,0.82,0.03,1.48
Kilwaughter 2,"1,770",,"1,380",106,534,21,6,1,12,77.97,5.99,30.17,1.19,0.34,0.06,0.68
Kilwee 1,"1,476",,189,"1,021",317,1,1,1,22,12.80,69.17,21.48,0.07,0.07,0.07,1.49
Kilwee 2,"1,688",,240,"1,062",453,6,4,0,14,14.22,62.91,26.84,0.36,0.24,0.00,0.83
Kircubbin 1,"2,005",,964,462,740,34,11,4,24,48.08,23.04,36.91,1.70,0.55,0.20,1.20
Kircubbin 2,"1,484",,719,295,597,12,6,1,24,48.45,19.88,40.23,0.81,0.40,0.07,1.62
Knock 1,"1,604",,"1,207",110,475,17,7,3,24,75.25,6.86,29.61,1.06,0.44,0.19,1.50
Knock 2,"1,685",,"1,164",234,583,19,4,1,34,69.08,13.89,34.60,1.13,0.24,0.06,2.02
Knock 3,"1,538",,"1,242",80,430,10,6,3,22,80.75,5.20,27.96,0.65,0.39,0.20,1.43
Knockagh,"2,489",,"1,839",177,848,16,17,2,32,73.89,7.11,34.07,0.64,0.68,0.08,1.29
Knockaholet,"1,677",,969,268,609,31,12,3,6,57.78,15.98,36.31,1.85,0.72,0.18,0.36
Knockbracken 1,"1,793",,767,616,559,18,11,1,66,42.78,34.36,31.18,1.00,0.61,0.06,3.68
Knockbracken 2,"1,564",,789,469,519,22,8,3,36,50.45,29.99,33.18,1.41,0.51,0.19,2.30
Knockcloghrim,"2,747",,"1,260",893,804,31,5,2,46,45.87,32.51,29.27,1.13,0.18,0.07,1.67
Knocklayd,"1,732",,529,675,591,19,20,2,18,30.54,38.97,34.12,1.10,1.15,0.12,1.04
Knocklynn 1,"2,144",,"1,600",173,639,19,21,6,65,74.63,8.07,29.80,0.89,0.98,0.28,3.03
Knocklynn 2,"1,751",,"1,220",171,517,20,14,3,60,69.67,9.77,29.53,1.14,0.80,0.17,3.43
Knockmore 1,"2,749",,"1,770",307,786,25,26,2,171,64.39,11.17,28.59,0.91,0.95,0.07,6.22
Knockmore 2,"1,549",,"1,119",80,397,38,36,8,37,72.24,5.16,25.63,2.45,2.32,0.52,2.39
Knocknashane 1,"1,974",,"1,593",88,478,24,12,1,61,80.70,4.46,24.21,1.22,0.61,0.05,3.09
Knocknashane 2,"1,377",,"1,079",55,389,14,7,4,74,78.36,3.99,28.25,1.02,0.51,0.29,5.37
Ladybrook 1,"2,227",,203,"1,580",516,4,6,2,17,9.12,70.95,23.17,0.18,0.27,0.09,0.76
Ladybrook 2,"2,032",,562,"1,028",476,12,6,1,70,27.66,50.59,23.43,0.59,0.30,0.05,3.44
Ladybrook 3,"2,260",,281,"1,566",465,12,4,0,21,12.43,69.29,20.58,0.53,0.18,0.00,0.93
Lagan Valley 1,"1,415",,986,97,469,17,3,1,61,69.68,6.86,33.14,1.20,0.21,0.07,4.31
Lagan Valley 2,"1,638",,"1,108",150,441,18,8,2,126,67.64,9.16,26.92,1.10,0.49,0.12,7.69
Lambeg 1,"1,305",,908,109,410,19,12,0,36,69.58,8.35,31.42,1.46,0.92,0.00,2.76
Lambeg 2,"1,432",,"1,109",74,361,17,9,0,28,77.44,5.17,25.21,1.19,0.63,0.00,1.96
Laurelvale,"3,035",,"2,312",220,764,32,14,1,47,76.18,7.25,25.17,1.05,0.46,0.03,1.55
Lawrencetown,"2,724",,"1,183",780,"1,045",26,18,2,25,43.43,28.63,38.36,0.95,0.66,0.07,0.92
Lecumpher,"2,724",,"1,295",845,763,22,9,0,21,47.54,31.02,28.01,0.81,0.33,0.00,0.77
Legoniel 1,"3,232",,"1,126","1,269",867,16,19,1,152,34.84,39.26,26.83,0.50,0.59,0.03,4.70
Legoniel 2,"1,553",,"1,112",168,393,10,10,1,65,71.60,10.82,25.31,0.64,0.64,0.06,4.19
Legoniel 3,"1,624",,965,352,426,17,13,1,47,59.42,21.67,26.23,1.05,0.80,0.06,2.89
Lisanelly 1,364,,139,106,116,5,5,0,16,38.19,29.12,31.87,1.37,1.37,0.00,4.40
Lisanelly 2,"1,669",,376,647,543,14,15,6,144,22.53,38.77,32.53,0.84,0.90,0.36,8.63
Lisbane 1,"1,533",,"1,247",70,471,8,3,5,10,81.34,4.57,30.72,0.52,0.20,0.33,0.65
Lisbane 2,"1,603",,"1,264",138,504,17,5,0,22,78.85,8.61,31.44,1.06,0.31,0.00,1.37
Lisbellaw,"3,190",,"1,879",613,905,34,12,1,40,58.90,19.22,28.37,1.07,0.38,0.03,1.25
Lisnacree,"2,990",,"1,049","1,134",978,17,11,2,43,35.08,37.93,32.71,0.57,0.37,0.07,1.44
Lisnagarvey,"2,605",,"1,920",260,768,42,21,0,83,73.70,9.98,29.48,1.61,0.81,0.00,3.19
Lisnagelvin 1,"1,614",,"1,092",252,404,19,12,1,28,67.66,15.61,25.03,1.18,0.74,0.06,1.73
Lisnagelvin 2,"1,752",,"1,172",275,409,23,4,3,66,66.89,15.70,23.34,1.31,0.23,0.17,3.77
Lisnarrick,"1,908",,"1,123",444,555,25,7,1,13,58.86,23.27,29.09,1.31,0.37,0.05,0.68
Lisnasharragh,"2,126",,"1,722",97,637,24,4,0,24,81.00,4.56,29.96,1.13,0.19,0.00,1.13
Lisnaskea,"2,580",,615,"1,109",803,31,15,0,132,23.84,42.98,31.12,1.20,0.58,0.00,5.12
Lissan,"2,045",,"1,059",487,622,10,3,2,16,51.78,23.81,30.42,0.49,0.15,0.10,0.78
Loughbrickland,"2,708",,"1,583",573,861,17,7,0,32,58.46,21.16,31.79,0.63,0.26,0.00,1.18
Loughgall,"2,903",,"1,565",728,806,19,6,0,91,53.91,25.08,27.76,0.65,0.21,0.00,3.13
Loughries 1,"1,793",,"1,427",72,510,23,12,0,20,79.59,4.02,28.44,1.28,0.67,0.00,1.12
Loughries 2,"1,763",,"1,295",114,605,32,15,4,16,73.45,6.47,34.32,1.82,0.85,0.23,0.91
Loughview 1,"1,981",,"1,328",162,719,47,19,3,46,67.04,8.18,36.29,2.37,0.96,0.15,2.32
Loughview 2,"1,453",,934,85,233,229,56,7,104,64.28,5.85,16.04,15.76,3.85,0.48,7.16
Love Lane,"1,417",,"1,097",71,402,11,19,1,12,77.42,5.01,28.37,0.78,1.34,0.07,0.85
Lower Braniel,"2,493",,"1,931",137,742,19,12,1,30,77.46,5.50,29.76,0.76,0.48,0.04,1.20
Lower Glenshane 1,"1,438",,103,929,480,5,0,0,18,7.16,64.60,33.38,0.35,0.00,0.00,1.25
Lower Glenshane 2,"1,479",,137,969,403,6,7,0,22,9.26,65.52,27.25,0.41,0.47,0.00,1.49
Macosquin,"2,325",,"1,827",158,660,27,10,2,21,78.58,6.80,28.39,1.16,0.43,0.09,0.90
Maghaberry 1,"2,332",,"1,807",124,747,31,14,2,18,77.49,5.32,32.03,1.33,0.60,0.09,0.77
Maghaberry 2,"2,384",,"1,721",225,818,16,5,7,21,72.19,9.44,34.31,0.67,0.21,0.29,0.88
Maghera,"2,852",,543,"1,420",790,25,8,1,174,19.04,49.79,27.70,0.88,0.28,0.04,6.10
Magheralave 1,"1,603",,"1,085",170,390,116,31,24,74,67.69,10.61,24.33,7.24,1.93,1.50,4.62
Magheralave 2,"1,687",,925,382,542,23,9,1,36,54.83,22.64,32.13,1.36,0.53,0.06,2.13
Magheralin 1,"2,283",,"1,811",108,670,19,8,1,61,79.33,4.73,29.35,0.83,0.35,0.04,2.67
Magheralin 2,"2,865",,"1,599",570,928,27,8,2,92,55.81,19.90,32.39,0.94,0.28,0.07,3.21
Magilligan,"2,407",,"1,099",626,762,26,22,7,49,45.66,26.01,31.66,1.08,0.91,0.29,2.04
Maguiresbridge,"3,131",,"1,621",788,885,34,9,6,58,51.77,25.17,28.27,1.09,0.29,0.19,1.85
Mallusk 1,"1,827",,"1,328",173,573,14,2,0,27,72.69,9.47,31.36,0.77,0.11,0.00,1.48
Mallusk 2,"4,574",,"1,715","1,760","1,524",32,27,2,152,37.49,38.48,33.32,0.70,0.59,0.04,3.32
Mallusk 3,"1,937",,"1,220",343,661,20,3,0,41,62.98,17.71,34.12,1.03,0.15,0.00,2.12
Malone 1,"1,951",,625,"1,020",564,15,7,0,65,32.03,52.28,28.91,0.77,0.36,0.00,3.33
Malone 2,"1,639",,596,738,531,10,11,5,63,36.36,45.03,32.40,0.61,0.67,0.31,3.84
Malone 3,"1,965",,726,796,648,31,13,3,118,36.95,40.51,32.98,1.58,0.66,0.15,6.01
Markethill,"2,820",,"1,999",305,731,31,4,3,81,70.89,10.82,25.92,1.10,0.14,0.11,2.87
Massereene 1,"2,800",,"1,637",354,910,29,14,2,231,58.46,12.64,32.50,1.04,0.50,0.07,8.25
Massereene 2,"2,564",,"1,469",408,849,65,27,7,136,57.29,15.91,33.11,2.54,1.05,0.27,5.30
Mayobridge 1,"2,302",,365,"1,295",678,12,6,1,58,15.86,56.26,29.45,0.52,0.26,0.04,2.52
Mayobridge 2,"1,735",,316,928,584,5,0,1,23,18.21,53.49,33.66,0.29,0.00,0.06,1.33
Maze 1,"2,158",,"1,612",226,658,31,13,1,42,74.70,10.47,30.49,1.44,0.60,0.05,1.95
Maze 2,"1,658",,"1,324",81,470,10,4,1,22,79.86,4.89,28.35,0.60,0.24,0.06,1.33
Milebush,"1,552",,"1,243",55,411,18,6,2,18,80.09,3.54,26.48,1.16,0.39,0.13,1.16
Milford,"2,730",,780,"1,286",768,21,7,0,60,28.57,47.11,28.13,0.77,0.26,0.00,2.20
Millisle 1,"1,688",,"1,343",51,493,27,13,1,23,79.56,3.02,29.21,1.60,0.77,0.06,1.36
Millisle 2,"2,591",,"1,995",135,851,31,17,5,17,77.00,5.21,32.84,1.20,0.66,0.19,0.66
Minnowburn,"2,226",,"1,709",154,608,25,16,3,76,76.77,6.92,27.31,1.12,0.72,0.13,3.41
Moat,"1,746",,"1,297",73,491,9,15,2,33,74.28,4.18,28.12,0.52,0.86,0.11,1.89
Moira 1,"2,822",,"1,879",338,919,35,30,6,85,66.58,11.98,32.57,1.24,1.06,0.21,3.01
Moira 2,"2,317",,"1,544",306,740,26,10,10,84,66.64,13.21,31.94,1.12,0.43,0.43,3.63
Moneymore,"2,646",,"1,427",564,753,25,8,2,72,53.93,21.32,28.46,0.94,0.30,0.08,2.72
Moneyreagh 1,"1,826",,"1,237",305,581,14,9,0,35,67.74,16.70,31.82,0.77,0.49,0.00,1.92
Moneyreagh 2,"1,944",,"1,578",80,598,10,11,1,15,81.17,4.12,30.76,0.51,0.57,0.05,0.77
Monkstown 1,"1,517",,"1,240",44,411,16,9,2,18,81.74,2.90,27.09,1.05,0.59,0.13,1.19
Monkstown 2,"2,026",,"1,474",126,653,10,6,1,116,72.75,6.22,32.23,0.49,0.30,0.05,5.73
Mossley 1,"1,414",,"1,107",79,412,7,4,1,21,78.29,5.59,29.14,0.50,0.28,0.07,1.49
Mossley 2,"1,571",,"1,285",44,393,4,5,1,16,81.80,2.80,25.02,0.25,0.32,0.06,1.02
Mount Sandel,"1,879",,"1,073",329,610,19,17,0,158,57.10,17.51,32.46,1.01,0.90,0.00,8.41
Mourneview,"2,401",,"1,250",611,612,12,10,0,99,52.06,25.45,25.49,0.50,0.42,0.00,4.12
Movilla 1,"1,613",,"1,256",90,464,15,6,1,23,77.87,5.58,28.77,0.93,0.37,0.06,1.43
Movilla 2,"1,784",,"1,389",73,608,17,7,3,25,77.86,4.09,34.08,0.95,0.39,0.17,1.40
Movilla 3,"1,391",,"1,079",63,451,14,10,2,15,77.57,4.53,32.42,1.01,0.72,0.14,1.08
Moy,"3,009",,963,"1,135",828,21,11,0,309,32.00,37.72,27.52,0.70,0.37,0.00,10.27
Moygashel,"2,189",,"1,280",391,510,11,11,3,220,58.47,17.86,23.30,0.50,0.50,0.14,10.05
Mullaghmore,"2,351",,294,"1,123",659,20,6,0,432,12.51,47.77,28.03,0.85,0.26,0.00,18.38
Murlough,"2,256",,742,822,773,26,9,1,63,32.89,36.44,34.26,1.15,0.40,0.04,2.79
Musgrave 1,"1,452",,995,167,365,4,5,0,102,68.53,11.50,25.14,0.28,0.34,0.00,7.02
Musgrave 2,"1,590",,144,"1,110",417,8,5,1,24,9.06,69.81,26.23,0.50,0.31,0.06,1.51
Musgrave 3,"1,885",,555,836,603,11,12,0,93,29.44,44.35,31.99,0.58,0.64,0.00,4.93
New Buildings 1,"1,644",,"1,286",114,413,18,5,2,11,78.22,6.93,25.12,1.09,0.30,0.12,0.67
New Buildings 2,"1,762",,583,797,495,18,10,1,36,33.09,45.23,28.09,1.02,0.57,0.06,2.04
New Lodge 1,"1,970",,455,"1,007",564,14,8,1,49,23.10,51.12,28.63,0.71,0.41,0.05,2.49
New Lodge 2,"1,478",,225,887,390,4,3,0,47,15.22,60.01,26.39,0.27,0.20,0.00,3.18
New Lodge 3,"1,502",,201,905,404,7,3,0,62,13.38,60.25,26.90,0.47,0.20,0.00,4.13
Newbuildings,"2,187",,"1,086",345,600,25,5,1,316,49.66,15.78,27.43,1.14,0.23,0.05,14.45
Newhill,"2,507",,"1,862",131,697,39,19,4,73,74.27,5.23,27.80,1.56,0.76,0.16,2.91
Newtownbreda,"2,780",,"1,465",718,862,33,21,5,139,52.70,25.83,31.01,1.19,0.76,0.18,5.00
Newtownbutler,"2,502",,511,"1,308",717,23,10,1,33,20.42,52.28,28.66,0.92,0.40,0.04,1.32
Newtownhamilton,"2,836",,856,"1,259",789,21,4,2,84,30.18,44.39,27.82,0.74,0.14,0.07,2.96
Newtownsaville,"2,392",,789,836,878,7,9,1,38,32.98,34.95,36.71,0.29,0.38,0.04,1.59
Newtownstewart,"2,269",,"1,103",508,769,22,9,3,40,48.61,22.39,33.89,0.97,0.40,0.13,1.76
North,"3,179",,473,"1,796",998,17,29,5,39,14.88,56.50,31.39,0.53,0.91,0.16,1.23
Northland,"1,407",,"1,130",37,371,18,7,1,15,80.31,2.63,26.37,1.28,0.50,0.07,1.07
Oaklands,"2,181",,"1,118",612,673,16,3,0,6,51.26,28.06,30.86,0.73,0.14,0.00,0.28
Observatory,"2,342",,969,772,672,18,15,11,191,41.37,32.96,28.69,0.77,0.64,0.47,8.16
Old Warren,"2,589",,"1,725",200,715,28,32,4,121,66.63,7.72,27.62,1.08,1.24,0.15,4.67
Oldtown,"2,373",,"1,431",375,637,17,16,0,138,60.30,15.80,26.84,0.72,0.67,0.00,5.82
Orangefield 1,"1,794",,"1,147",194,602,12,16,1,122,63.94,10.81,33.56,0.67,0.89,0.06,6.80
Orangefield 2,"1,926",,"1,394",192,624,10,11,2,30,72.38,9.97,32.40,0.52,0.57,0.10,1.56
Orangefield 3,"1,899",,"1,407",157,593,15,7,5,43,74.09,8.27,31.23,0.79,0.37,0.26,2.26
Owenkillew,"2,350",,262,"1,381",786,10,7,2,28,11.15,58.77,33.45,0.43,0.30,0.09,1.19
Park,"2,139",,"1,240",283,607,20,10,2,249,57.97,13.23,28.38,0.94,0.47,0.09,11.64
Parkgate,"2,775",,"2,186",180,856,24,9,3,18,78.77,6.49,30.85,0.86,0.32,0.11,0.65
Parklake,"3,983",,"1,555","1,296","1,072",42,10,2,341,39.04,32.54,26.91,1.05,0.25,0.05,8.56
Pennyburn 1,"1,239",,112,889,246,17,8,0,20,9.04,71.75,19.85,1.37,0.65,0.00,1.61
Pennyburn 2,"1,253",,98,882,307,6,10,1,6,7.82,70.39,24.50,0.48,0.80,0.08,0.48
Plumbridge,"2,223",,648,910,759,20,9,3,5,29.15,40.94,34.14,0.90,0.40,0.13,0.22
Poleglass 1,"1,986",,247,"1,253",565,11,0,0,10,12.44,63.09,28.45,0.55,0.00,0.00,0.50
Poleglass 2,"1,795",,193,"1,296",373,8,6,0,14,10.75,72.20,20.78,0.45,0.33,0.00,0.78
Pomeroy,"2,309",,459,"1,107",762,18,6,1,94,19.88,47.94,33.00,0.78,0.26,0.04,4.07
Portaferry 1,"1,889",,675,691,647,15,5,1,28,35.73,36.58,34.25,0.79,0.26,0.05,1.48
Portaferry 2,"1,524",,503,503,593,16,5,0,19,33.01,33.01,38.91,1.05,0.33,0.00,1.25
Portavogie 1,"2,387",,"1,963",86,658,33,14,4,52,82.24,3.60,27.57,1.38,0.59,0.17,2.18
Portavogie 2,"2,332",,"1,581",252,796,27,24,3,43,67.80,10.81,34.13,1.16,1.03,0.13,1.84
Portglenone 1,"1,555",,973,309,387,16,6,1,17,62.57,19.87,24.89,1.03,0.39,0.06,1.09
Portglenone 2,"1,581",,979,266,459,9,3,1,18,61.92,16.82,29.03,0.57,0.19,0.06,1.14
Portora,"3,117",,"1,170","1,007",889,51,7,3,258,37.54,32.31,28.52,1.64,0.22,0.10,8.28
Portstewart,"1,799",,964,347,585,37,11,1,60,53.59,19.29,32.52,2.06,0.61,0.06,3.34
Poyntz Pass,"2,720",,"1,568",602,741,21,7,2,53,57.65,22.13,27.24,0.77,0.26,0.07,1.95
Princetown,"2,846",,"1,944",421,"1,016",46,30,3,42,68.31,14.79,35.70,1.62,1.05,0.11,1.48
Quilly,"2,432",,"1,777",238,764,17,11,5,18,73.07,9.79,31.41,0.70,0.45,0.21,0.74
Quoile 1,"1,179",,430,423,367,14,6,0,47,36.47,35.88,31.13,1.19,0.51,0.00,3.99
Quoile 2,"1,523",,451,672,503,13,11,2,21,29.61,44.12,33.03,0.85,0.72,0.13,1.38
Randalstown 1,"1,745",,636,535,598,18,8,1,109,36.45,30.66,34.27,1.03,0.46,0.06,6.25
Randalstown 2,"1,562",,619,546,506,7,8,1,72,39.63,34.96,32.39,0.45,0.51,0.06,4.61
Rathbrady,"1,452",,864,277,442,12,13,2,18,59.50,19.08,30.44,0.83,0.90,0.14,1.24
Rathfriland,"2,740",,"1,467",544,844,26,15,3,88,53.54,19.85,30.80,0.95,0.55,0.11,3.21
Rathgael,"2,215",,"1,568",122,748,24,19,1,72,70.79,5.51,33.77,1.08,0.86,0.05,3.25
Ravenhill 1,"2,082",,746,783,664,30,13,2,140,35.83,37.61,31.89,1.44,0.62,0.10,6.72
Ravenhill 2,"1,826",,969,357,601,30,10,0,166,53.07,19.55,32.91,1.64,0.55,0.00,9.09
Ravenhill 3,"2,133",,974,637,673,33,10,1,190,45.66,29.86,31.55,1.55,0.47,0.05,8.91
Rich Hill 1,"1,308",,995,71,399,13,5,5,37,76.07,5.43,30.50,0.99,0.38,0.38,2.83
Rich Hill 2,"1,702",,"1,244",47,479,16,14,2,111,73.09,2.76,28.14,0.94,0.82,0.12,6.52
Ringsend,"2,455",,"1,213",610,801,38,20,1,19,49.41,24.85,32.63,1.55,0.81,0.04,0.77
Roeside,"1,429",,799,245,470,15,10,3,57,55.91,17.14,32.89,1.05,0.70,0.21,3.99
Rosemount,"2,521",,268,"1,669",608,27,11,0,120,10.63,66.20,24.12,1.07,0.44,0.00,4.76
Rosetta 1,"3,099",,"1,105","1,281",967,49,20,8,167,35.66,41.34,31.20,1.58,0.65,0.26,5.39
Rosetta 2,"1,880",,644,712,603,22,27,3,110,34.26,37.87,32.07,1.17,1.44,0.16,5.85
Rosetta 3,"1,585",,471,758,506,14,10,0,61,29.72,47.82,31.92,0.88,0.63,0.00,3.85
Rosslea,"2,167",,348,"1,255",625,15,5,0,34,16.06,57.91,28.84,0.69,0.23,0.00,1.57
Rossorry,"2,444",,991,850,714,32,8,2,90,40.55,34.78,29.21,1.31,0.33,0.08,3.68
Rostrevor,"2,893",,413,"1,633",875,36,9,10,104,14.28,56.45,30.25,1.24,0.31,0.35,3.59
Rostulla 1,"2,250",,"1,196",399,772,28,16,7,128,53.16,17.73,34.31,1.24,0.71,0.31,5.69
Rostulla 2,"2,644",,"1,273",576,881,39,7,1,281,48.15,21.79,33.32,1.48,0.26,0.04,10.63
Route,"1,529",,"1,065",140,443,25,13,1,37,69.65,9.16,28.97,1.64,0.85,0.07,2.42
Royal Portrush,"2,032",,"1,301",243,645,20,17,1,99,64.03,11.96,31.74,0.98,0.84,0.05,4.87
Saintfield 1,"1,695",,"1,086",241,579,29,9,8,36,64.07,14.22,34.16,1.71,0.53,0.47,2.12
Saintfield 2,"1,686",,"1,094",249,575,13,14,2,21,64.89,14.77,34.10,0.77,0.83,0.12,1.25
Sandholes,"1,817",,"1,278",210,516,20,6,1,9,70.34,11.56,28.40,1.10,0.33,0.06,0.50
Scrabo 1,"1,557",,"1,208",45,492,21,7,1,16,77.59,2.89,31.60,1.35,0.45,0.06,1.03
Scrabo 2,"1,483",,"1,153",30,449,19,15,2,25,77.75,2.02,30.28,1.28,1.01,0.13,1.69
Seacon,"2,684",,"2,002",165,736,52,19,1,27,74.59,6.15,27.42,1.94,0.71,0.04,1.01
Seaforde,"3,001",,"1,288",903,"1,047",26,9,1,23,42.92,30.09,34.89,0.87,0.30,0.03,0.77
Seapatrick,"2,374",,"1,690",231,672,21,13,4,33,71.19,9.73,28.31,0.88,0.55,0.17,1.39
Seaview 1,"1,532",,275,868,438,19,10,2,73,17.95,56.66,28.59,1.24,0.65,0.13,4.77
Seaview 2,"1,535",,198,795,515,18,7,1,118,12.90,51.79,33.55,1.17,0.46,0.07,7.69
Seymour Hill,"2,502",,"1,728",224,718,28,7,4,117,69.06,8.95,28.70,1.12,0.28,0.16,4.68
Shaftesbury 1,"2,409",,667,908,567,31,14,1,420,27.69,37.69,23.54,1.29,0.58,0.04,17.43
Shaftesbury 2,"2,711",,"1,450",593,619,33,13,6,306,53.49,21.87,22.83,1.22,0.48,0.22,11.29
Shaftesbury 3,"2,094",,"1,370",241,541,19,21,4,206,65.43,11.51,25.84,0.91,1.00,0.19,9.84
Shankill 1,"1,697",,"1,396",105,329,4,8,2,18,82.26,6.19,19.39,0.24,0.47,0.12,1.06
Shankill 2,"2,119",,"1,671",144,390,26,24,1,56,78.86,6.80,18.40,1.23,1.13,0.05,2.64
Shantallow East,"2,503",,135,"1,807",609,18,10,0,12,5.39,72.19,24.33,0.72,0.40,0.00,0.48
Shantallow West 1,"1,289",,81,948,285,5,7,0,6,6.28,73.55,22.11,0.39,0.54,0.00,0.47
Shantallow West 2,"1,458",,100,"1,085",305,10,6,0,1,6.86,74.42,20.92,0.69,0.41,0.00,0.07
Shantallow West 3,"1,559",,128,"1,115",363,9,3,0,12,8.21,71.52,23.28,0.58,0.19,0.00,0.77
Shantallow West 4,"2,057",,102,"1,536",469,5,11,0,28,4.96,74.67,22.80,0.24,0.53,0.00,1.36
Shilvodan,"2,349",,"1,429",435,767,29,13,0,15,60.83,18.52,32.65,1.23,0.55,0.00,0.64
Shimna,"2,687",,860,997,979,29,12,3,79,32.01,37.10,36.43,1.08,0.45,0.11,2.94
Silver Bridge 1,"1,845",,91,"1,428",322,12,10,0,41,4.93,77.40,17.45,0.65,0.54,0.00,2.22
Silver Bridge 2,"1,925",,91,"1,454",391,17,2,0,43,4.73,75.53,20.31,0.88,0.10,0.00,2.23
Silverstream,"3,155",,"2,178",223,987,35,22,4,197,69.03,7.07,31.28,1.11,0.70,0.13,6.24
Sion Mills,"2,190",,790,707,798,23,18,2,13,36.07,32.28,36.44,1.05,0.82,0.09,0.59
Sixmilecross,"2,374",,518,"1,162",774,5,3,0,46,21.82,48.95,32.60,0.21,0.13,0.00,1.94
Slemish,"2,509",,"1,890",187,702,12,12,2,23,75.33,7.45,27.98,0.48,0.48,0.08,0.92
Slievekirk,"2,533",,"1,715",369,716,26,9,0,27,67.71,14.57,28.27,1.03,0.36,0.00,1.07
South 1,"1,876",,216,"1,003",602,11,5,2,143,11.51,53.46,32.09,0.59,0.27,0.11,7.62
South 2,"1,356",,154,785,446,6,8,0,33,11.36,57.89,32.89,0.44,0.59,0.00,2.43
Spelga,"3,583",,629,"1,901","1,168",18,14,1,38,17.56,53.06,32.60,0.50,0.39,0.03,1.06
Springfarm 1,"2,641",,"1,497",324,825,35,22,4,268,56.68,12.27,31.24,1.33,0.83,0.15,10.15
Springfarm 2,"1,545",,798,245,479,27,10,1,172,51.65,15.86,31.00,1.75,0.65,0.06,11.13
Springhill 1,"1,336",,"1,009",107,450,13,6,4,13,75.52,8.01,33.68,0.97,0.45,0.30,0.97
Springhill 2,"1,369",,976,143,419,10,4,1,36,71.29,10.45,30.61,0.73,0.29,0.07,2.63
Springtown 1,"1,745",,100,"1,334",330,11,15,3,10,5.73,76.45,18.91,0.63,0.86,0.17,0.57
Springtown 2,"1,386",,71,"1,070",270,4,7,2,17,5.12,77.20,19.48,0.29,0.51,0.14,1.23
St Mary's,"2,284",,250,"1,316",559,15,5,2,274,10.95,57.62,24.47,0.66,0.22,0.09,12.00
St Patrick's 1,"2,210",,272,"1,287",521,13,8,5,246,12.31,58.24,23.57,0.59,0.36,0.23,11.13
St Patrick's 2,"1,320",,139,715,392,7,6,1,106,10.53,54.17,29.70,0.53,0.45,0.08,8.03
Steeple,"1,807",,"1,225",71,535,22,18,4,160,67.79,3.93,29.61,1.22,1.00,0.22,8.85
Stewartstown,"2,041",,959,530,654,21,7,1,16,46.99,25.97,32.04,1.03,0.34,0.05,0.78
Stiles,"2,142",,"1,270",236,681,23,18,1,96,59.29,11.02,31.79,1.07,0.84,0.05,4.48
Stormont 1,"1,926",,"1,399",221,716,13,2,0,30,72.64,11.47,37.18,0.67,0.10,0.00,1.56
Stormont 2,"1,524",,"1,099",197,523,11,11,0,21,72.11,12.93,34.32,0.72,0.72,0.00,1.38
Stormont 3,"2,098",,"1,359",299,725,34,19,3,96,64.78,14.25,34.56,1.62,0.91,0.14,4.58
Strand 1 (Coleraine LGD),"1,690",,837,439,632,29,9,4,33,49.53,25.98,37.40,1.72,0.53,0.24,1.95
Strand 1 (Derry LGD),"2,002",,199,"1,242",501,20,15,2,134,9.94,62.04,25.02,1.00,0.75,0.10,6.69
Strand 2 (Coleraine LGD),"1,252",,552,366,437,8,11,0,35,44.09,29.23,34.90,0.64,0.88,0.00,2.80
Strand 2 (Derry LGD),"1,831",,278,"1,060",457,33,22,5,133,15.18,57.89,24.96,1.80,1.20,0.27,7.26
Strangford,"2,686",,670,"1,174","1,007",29,8,3,34,24.94,43.71,37.49,1.08,0.30,0.11,1.27
Stranmillis 1,"1,826",,812,670,579,15,11,4,61,44.47,36.69,31.71,0.82,0.60,0.22,3.34
Stranmillis 2,"1,784",,606,710,566,87,22,4,169,33.97,39.80,31.73,4.88,1.23,0.22,9.47
Stranmillis 3,"2,261",,865,801,844,60,16,7,152,38.26,35.43,37.33,2.65,0.71,0.31,6.72
Stranmillis 4,"2,268",,938,883,728,33,21,0,163,41.36,38.93,32.10,1.46,0.93,0.00,7.19
Stranocum,"1,728",,"1,212",158,545,28,11,2,14,70.14,9.14,31.54,1.62,0.64,0.12,0.81
Strule,"1,496",,383,547,490,8,6,0,146,25.60,36.56,32.75,0.53,0.40,0.00,9.76
Summerfield,"2,711",,"1,084",866,835,17,12,0,189,39.99,31.94,30.80,0.63,0.44,0.00,6.97
Sunnylands,"1,530",,"1,184",62,447,13,12,0,30,77.39,4.05,29.22,0.85,0.78,0.00,1.96
Swatragh 1,"1,699",,237,"1,098",416,8,2,0,24,13.95,64.63,24.48,0.47,0.12,0.00,1.41
Swatragh 2,"1,592",,175,"1,087",402,8,3,3,28,10.99,68.28,25.25,0.50,0.19,0.19,1.76
Sydenham 1,"1,480",,"1,083",100,375,13,10,2,75,73.18,6.76,25.34,0.88,0.68,0.14,5.07
Sydenham 2,"1,670",,"1,178",100,547,20,12,1,95,70.54,5.99,32.75,1.20,0.72,0.06,5.69
Sydenham 3,"1,724",,"1,187",133,499,31,14,6,118,68.85,7.71,28.94,1.80,0.81,0.35,6.84
Taghnevan,"3,728",,449,"2,156","1,081",26,9,1,188,12.04,57.83,29.00,0.70,0.24,0.03,5.04
Tandragee,"2,925",,"2,151",200,823,37,21,1,63,73.54,6.84,28.14,1.26,0.72,0.03,2.15
Tavanagh,"2,157",,"1,532",128,501,28,20,1,203,71.02,5.93,23.23,1.30,0.93,0.05,9.41
Templepatrick,"2,439",,"1,796",195,743,29,16,0,52,73.64,8.00,30.46,1.19,0.66,0.00,2.13
Tempo,"2,590",,"1,186",783,744,14,9,1,24,45.79,30.23,28.73,0.54,0.35,0.04,0.93
Termon,"2,330",,153,"1,584",650,3,3,0,19,6.57,67.98,27.90,0.13,0.13,0.00,0.82
The Birches 1,"2,027",,"1,306",320,549,8,3,1,79,64.43,15.79,27.08,0.39,0.15,0.05,3.90
The Birches 2,"1,742",,935,458,447,10,4,0,44,53.67,26.29,25.66,0.57,0.23,0.00,2.53
The Cut,"1,724",,998,261,578,23,6,1,43,57.89,15.14,33.53,1.33,0.35,0.06,2.49
The Cuts 1,"2,173",,"1,516",205,718,23,19,2,63,69.77,9.43,33.04,1.06,0.87,0.09,2.90
The Cuts 2,"1,919",,"1,335",181,617,15,14,6,18,69.57,9.43,32.15,0.78,0.73,0.31,0.94
The Diamond,"2,351",,384,"1,439",556,45,9,2,63,16.33,61.21,23.65,1.91,0.38,0.09,2.68
The Highlands,"1,969",,957,622,457,6,4,0,20,48.60,31.59,23.21,0.30,0.20,0.00,1.02
The Loop,"2,946",,938,"1,245",937,17,14,1,19,31.84,42.26,31.81,0.58,0.48,0.03,0.64
The Mall,"1,740",,"1,108",221,360,19,8,0,192,63.68,12.70,20.69,1.09,0.46,0.00,11.03
The Mount 1,"2,864",,"1,874",196,663,28,28,7,360,65.43,6.84,23.15,0.98,0.98,0.24,12.57
The Mount 2,"2,727",,"1,718",242,786,24,19,7,292,63.00,8.87,28.82,0.88,0.70,0.26,10.71
The Vow,"2,126",,"1,294",314,707,24,11,3,8,60.87,14.77,33.25,1.13,0.52,0.14,0.38
Tobermore,"2,641",,"1,462",653,710,12,5,0,42,55.36,24.73,26.88,0.45,0.19,0.00,1.59
Tollymore 1,"1,566",,286,935,427,11,3,0,12,18.26,59.71,27.27,0.70,0.19,0.00,0.77
Tollymore 2,"1,821",,465,855,612,22,7,1,33,25.54,46.95,33.61,1.21,0.38,0.05,1.81
Tonagh,"2,594",,"1,579",336,767,18,16,0,162,60.87,12.95,29.57,0.69,0.62,0.00,6.25
Toome,"2,687",,380,"1,419",935,15,9,0,49,14.14,52.81,34.80,0.56,0.33,0.00,1.82
Town Parks,"1,593",,"1,073",167,455,10,10,5,46,67.36,10.48,28.56,0.63,0.63,0.31,2.89
Town Parks East 1,"1,520",,668,462,462,9,17,0,53,43.95,30.39,30.39,0.59,1.12,0.00,3.49
Town Parks East 2,"1,398",,523,441,395,12,9,5,118,37.41,31.55,28.25,0.86,0.64,0.36,8.44
Town Parks West,"2,211",,936,684,663,33,10,0,132,42.33,30.94,29.99,1.49,0.45,0.00,5.97
Trillick,"2,440",,748,"1,060",729,9,3,2,22,30.66,43.44,29.88,0.37,0.12,0.08,0.90
Tullagh,"2,216",,565,869,746,14,11,1,182,25.50,39.21,33.66,0.63,0.50,0.05,8.21
Tullycarnet,"2,419",,"1,935",75,682,17,13,1,30,79.99,3.10,28.19,0.70,0.54,0.04,1.24
Tullyhappy,"3,366",,"1,224","1,388",915,20,4,0,37,36.36,41.24,27.18,0.59,0.12,0.00,1.10
Twinbrook 1,"1,261",,211,799,296,3,4,0,14,16.73,63.36,23.47,0.24,0.32,0.00,1.11
Twinbrook 2,"1,386",,150,857,433,5,3,1,13,10.82,61.83,31.24,0.36,0.22,0.07,0.94
University,"2,873",,"1,750",412,909,35,20,3,150,60.91,14.34,31.64,1.22,0.70,0.10,5.22
Upper Braniel,"2,248",,"1,746",138,655,11,5,2,64,77.67,6.14,29.14,0.49,0.22,0.09,2.85
Upper Glenshane,"2,458",,406,"1,463",657,7,5,0,23,16.52,59.52,26.73,0.28,0.20,0.00,0.94
Upper Malone 1,"1,670",,840,538,493,14,8,3,52,50.30,32.22,29.52,0.84,0.48,0.18,3.11
Upper Malone 2,"1,554",,"1,154",141,408,18,13,1,45,74.26,9.07,26.25,1.16,0.84,0.06,2.90
Upper Malone 3,"1,617",,939,359,465,7,9,2,88,58.07,22.20,28.76,0.43,0.56,0.12,5.44
Upper Springfield 1,"1,712",,231,"1,180",351,6,4,0,13,13.49,68.93,20.50,0.35,0.23,0.00,0.76
Upper Springfield 2,"1,874",,224,"1,236",453,6,2,0,12,11.95,65.96,24.17,0.32,0.11,0.00,0.64
Upper Springfield 3,"1,664",,171,"1,095",410,6,2,0,21,10.28,65.81,24.64,0.36,0.12,0.00,1.26
Upperlands,"2,498",,"1,444",587,639,11,6,1,14,57.81,23.50,25.58,0.44,0.24,0.04,0.56
Valley,"2,691",,754,"1,166",919,19,5,2,57,28.02,43.33,34.15,0.71,0.19,0.07,2.12
Valley 1,"1,568",,633,477,534,11,7,0,42,40.37,30.42,34.06,0.70,0.45,0.00,2.68
Valley 2,"1,926",,"1,035",373,640,19,15,0,60,53.74,19.37,33.23,0.99,0.78,0.00,3.12
Victoria (Carrickfergus LGD),"2,630",,"2,087",133,731,35,17,5,42,79.35,5.06,27.79,1.33,0.65,0.19,1.60
Victoria (Derry LGD),"3,410",,834,"1,791",762,39,17,4,164,24.46,52.52,22.35,1.14,0.50,0.12,4.81
Victoria Bridge,"2,288",,979,689,740,15,13,4,12,42.79,30.11,32.34,0.66,0.57,0.17,0.52
Wallace Park 1,"1,095",,710,128,212,188,52,11,34,64.84,11.69,19.36,17.17,4.75,1.00,3.11
Wallace Park 2,"2,283",,"1,583",325,704,96,23,7,49,69.34,14.24,30.84,4.20,1.01,0.31,2.15
Waringstown 1,"2,583",,"1,917",168,791,39,23,3,51,74.22,6.50,30.62,1.51,0.89,0.12,1.97
Waringstown 2,"1,953",,"1,479",140,665,23,10,4,24,75.73,7.17,34.05,1.18,0.51,0.20,1.23
Washing Bay,"3,106",,216,"1,979",991,13,5,2,50,6.95,63.72,31.91,0.42,0.16,0.06,1.61
Water Works 1,"2,314",,384,"1,244",687,17,11,0,128,16.59,53.76,29.69,0.73,0.48,0.00,5.53
Water Works 2,"1,717",,289,"1,000",427,16,2,1,90,16.83,58.24,24.87,0.93,0.12,0.06,5.24
Water Works 3,"1,798",,294,976,537,17,17,0,76,16.35,54.28,29.87,0.95,0.95,0.00,4.23
Waterside,"2,794",,"1,794",343,937,53,21,3,113,64.21,12.28,33.54,1.90,0.75,0.11,4.04
West 1,"1,911",,233,"1,053",678,12,11,0,39,12.19,55.10,35.48,0.63,0.58,0.00,2.04
West 2,"1,351",,131,770,493,6,4,1,6,9.70,56.99,36.49,0.44,0.30,0.07,0.44
Westland,"2,083",,126,"1,510",451,13,11,0,38,6.05,72.49,21.65,0.62,0.53,0.00,1.82
Whitehead,"2,159",,"1,466",190,753,22,21,8,55,67.90,8.80,34.88,1.02,0.97,0.37,2.55
Whitehill,"2,469",,"1,737",144,856,32,18,4,48,70.35,5.83,34.67,1.30,0.73,0.16,1.94
Whitehouse,"2,071",,"1,611",87,592,16,8,2,30,77.79,4.20,28.59,0.77,0.39,0.10,1.45
Whiterock 1,"1,615",,191,"1,092",353,8,3,0,31,11.83,67.62,21.86,0.50,0.19,0.00,1.92
Whiterock 2,"2,411",,231,"1,657",550,22,8,0,10,9.58,68.73,22.81,0.91,0.33,0.00,0.41
Whiterock 3,"1,668",,192,"1,177",350,7,4,1,10,11.51,70.56,20.98,0.42,0.24,0.06,0.60
Whitespots 1,"1,540",,"1,109",119,473,14,12,1,41,72.01,7.73,30.71,0.91,0.78,0.06,2.66
Whitespots 2,"1,485",,"1,159",92,520,8,3,2,27,78.05,6.20,35.02,0.54,0.20,0.13,1.82
Windsor 1,"1,662",,595,656,459,42,19,1,138,35.80,39.47,27.62,2.53,1.14,0.06,8.30
Windsor 2,"2,270",,713,802,742,54,16,5,384,31.41,35.33,32.69,2.38,0.70,0.22,16.92
Windsor 3,"2,142",,795,558,738,71,10,3,421,37.11,26.05,34.45,3.31,0.47,0.14,19.65
Windsor 4,"2,067",,868,544,679,37,10,6,275,41.99,26.32,32.85,1.79,0.48,0.29,13.30
Windsor Hill 1,"1,614",,242,877,436,9,7,1,166,14.99,54.34,27.01,0.56,0.43,0.06,10.29
Windsor Hill 2,"1,389",,468,444,437,15,7,5,110,33.69,31.97,31.46,1.08,0.50,0.36,7.92
Woodburn,"2,479",,"1,996",114,684,23,14,1,35,80.52,4.60,27.59,0.93,0.56,0.04,1.41
Woodstock 1,"1,499",,900,167,395,12,8,2,199,60.04,11.14,26.35,0.80,0.53,0.13,13.28
Woodstock 2,"2,061",,"1,276",181,518,17,15,2,296,61.91,8.78,25.13,0.82,0.73,0.10,14.36
Woodstock 3,"1,885",,"1,084",266,516,18,10,0,231,57.51,14.11,27.37,0.95,0.53,0.00,12.25
Woodvale 1,"1,353",,"1,081",81,293,17,6,1,22,79.90,5.99,21.66,1.26,0.44,0.07,1.63
Woodvale 2,"1,399",,"1,146",61,295,9,6,0,28,81.92,4.36,21.09,0.64,0.43,0.00,2.00
Woodvale 3,"1,336",,"1,111",48,316,13,7,0,18,83.16,3.59,23.65,0.97,0.52,0.00,1.35
Woodville 1,"1,519",,228,699,489,15,10,0,159,15.01,46.02,32.19,0.99,0.66,0.00,10.47
Woodville 2,"2,179",,266,"1,364",623,11,2,1,48,12.21,62.60,28.59,0.50,0.09,0.05,2.20
Wynchurch,"2,190",,"1,035",631,750,12,10,2,82,47.26,28.81,34.25,0.55,0.46,0.09,3.74
