,Year,Variables,,,,,,,,
,2011,,,,,,,,,
SOA,All usual residents,,Religion or religion brought up in: Catholic,Religion or religion brought up in: Protestant and Other Christian (including Christian related),Religion or religion brought up in: Other religions,Religion or religion brought up in: None,Religion or religion brought up in: Catholic (%),Religion or religion brought up in: Protestant and Other Christian (including Christian related) (%),Religion or religion brought up in: Other religions (%),Religion or religion brought up in: None (%)
Northern Ireland,"1,810,863",,"817,385","875,717","16,592","101,169",45.14,48.36,0.92,5.59
Abbey 1,"1,441",,385,893,27,136,26.72,61.97,1.87,9.44
Abbey 2,"1,373",,230,947,31,165,16.75,68.97,2.26,12.02
Abbey Park,"2,558",,"2,244",250,18,46,87.72,9.77,0.70,1.80
Academy,"2,099",,334,"1,648",21,96,15.91,78.51,1.00,4.57
Aghagallon 1,"2,488",,"2,013",367,23,85,80.91,14.75,0.92,3.42
Aghagallon 2,"2,443",,"2,130",228,6,79,87.19,9.33,0.25,3.23
Aghanloo 1,"2,491",,"1,029","1,371",11,80,41.31,55.04,0.44,3.21
Aghanloo 2,"1,876",,790,"1,020",5,61,42.11,54.37,0.27,3.25
Agivey,"2,499",,588,"1,792",16,103,23.53,71.71,0.64,4.12
Ahoghill 1,"1,453",,54,"1,326",13,60,3.72,91.26,0.89,4.13
Ahoghill 2,"2,435",,175,"2,139",14,107,7.19,87.84,0.57,4.39
Aldergrove 1,"1,113",,161,516,24,412,14.47,46.36,2.16,37.02
Aldergrove 2,"1,829",,"1,003",736,8,82,54.84,40.24,0.44,4.48
Aldergrove 3,"1,502",,321,"1,032",15,134,21.37,68.71,1.00,8.92
Altmore,"2,592",,"2,087",467,11,27,80.52,18.02,0.42,1.04
Altnagelvin 1,"1,471",,647,778,15,31,43.98,52.89,1.02,2.11
Altnagelvin 2,"1,777",,"1,139",544,34,60,64.10,30.61,1.91,3.38
Altnagelvin 3,"1,614",,183,"1,356",20,55,11.34,84.01,1.24,3.41
Andersonstown 1,"1,768",,"1,680",68,4,16,95.02,3.85,0.23,0.90
Andersonstown 2,"1,523",,"1,443",55,1,24,94.75,3.61,0.07,1.58
Andersonstown 3,"1,616",,"1,516",53,8,39,93.81,3.28,0.50,2.41
Annagh 1,"1,612",,279,"1,235",11,87,17.31,76.61,0.68,5.40
Annagh 2,"1,430",,509,738,38,145,35.59,51.61,2.66,10.14
Annalong 1,"1,656",,887,715,10,44,53.56,43.18,0.60,2.66
Annalong 2,"1,555",,495,977,12,71,31.83,62.83,0.77,4.57
Antiville,"1,483",,357,"1,028",4,94,24.07,69.32,0.27,6.34
Ardboe,"2,578",,"2,449",118,4,7,95.00,4.58,0.16,0.27
Ardeevin,"3,503",,590,"2,601",46,266,16.84,74.25,1.31,7.59
Ardglass 1,"1,492",,"1,296",148,6,42,86.86,9.92,0.40,2.82
Ardglass 2,"1,686",,"1,443",203,5,35,85.59,12.04,0.30,2.08
Ardoyne 1,"1,745",,"1,621",104,5,15,92.89,5.96,0.29,0.86
Ardoyne 2,"2,018",,"1,848",108,5,57,91.58,5.35,0.25,2.82
Ardoyne 3,"2,224",,"2,089",94,5,36,93.93,4.23,0.22,1.62
Armoy and Moss-Side and Moyarget,"2,045",,650,"1,275",3,117,31.78,62.35,0.15,5.72
Artigarvan,"2,760",,"1,296","1,409",16,39,46.96,51.05,0.58,1.41
Atlantic,"2,374",,733,"1,451",15,175,30.88,61.12,0.63,7.37
Audley's Acre,"2,211",,"1,952",190,9,60,88.29,8.59,0.41,2.71
Augher,"2,166",,"1,271",856,11,28,58.68,39.52,0.51,1.29
Aughnacloy,"2,651",,"1,029","1,560",21,41,38.82,58.85,0.79,1.55
Ballee,"1,926",,128,"1,635",22,141,6.65,84.89,1.14,7.32
Ballinamallard,"2,586",,561,"1,944",21,60,21.69,75.17,0.81,2.32
Ballinderry 1,"2,263",,513,"1,631",13,106,22.67,72.07,0.57,4.68
Ballinderry 2,"2,865",,600,"1,997",20,248,20.94,69.70,0.70,8.66
Balloo,"1,734",,570,"1,048",7,109,32.87,60.44,0.40,6.29
Ballybay,"2,436",,251,"1,986",21,178,10.30,81.53,0.86,7.31
Ballybot,"2,192",,"1,969",125,34,64,89.83,5.70,1.55,2.92
Ballycarry,"2,582",,120,"2,235",24,203,4.65,86.56,0.93,7.86
Ballyclare North 1,"1,786",,99,"1,531",14,142,5.54,85.72,0.78,7.95
Ballyclare North 2,"2,065",,88,"1,806",8,163,4.26,87.46,0.39,7.89
Ballyclare South 1,"1,627",,114,"1,339",6,168,7.01,82.30,0.37,10.33
Ballyclare South 2,"2,011",,122,"1,680",14,195,6.07,83.54,0.70,9.70
Ballycolman,"1,827",,"1,726",88,2,11,94.47,4.82,0.11,0.60
Ballycraigy,"1,822",,195,"1,422",15,190,10.70,78.05,0.82,10.43
Ballycrochan 1,"1,730",,169,"1,384",21,156,9.77,80.00,1.21,9.02
Ballycrochan 2,"1,930",,181,"1,531",29,189,9.38,79.33,1.50,9.79
Ballycrochan 3,"1,634",,159,"1,269",7,199,9.73,77.66,0.43,12.18
Ballydown 1,"2,129",,565,"1,405",21,138,26.54,65.99,0.99,6.48
Ballydown 2,"2,667",,908,"1,573",23,163,34.05,58.98,0.86,6.11
Ballyduff 1,"1,611",,133,"1,283",8,187,8.26,79.64,0.50,11.61
Ballyduff 2,"1,255",,187,946,9,113,14.90,75.38,0.72,9.00
Ballygawley,"2,515",,"1,818",660,5,32,72.29,26.24,0.20,1.27
Ballygowan 1,"1,574",,255,"1,197",14,108,16.20,76.05,0.89,6.86
Ballygowan 2,"2,035",,150,"1,697",11,177,7.37,83.39,0.54,8.70
Ballyhackamore 1,"2,003",,415,"1,319",36,233,20.72,65.85,1.80,11.63
Ballyhackamore 2,"1,833",,308,"1,255",46,224,16.80,68.47,2.51,12.22
Ballyhackamore 3,"2,103",,301,"1,474",31,297,14.31,70.09,1.47,14.12
Ballyhanwood 1,"1,550",,87,"1,294",16,153,5.61,83.48,1.03,9.87
Ballyhanwood 2,"1,534",,62,"1,360",18,94,4.04,88.66,1.17,6.13
Ballyhenry 1,"1,517",,487,866,38,126,32.10,57.09,2.50,8.31
Ballyhenry 2,"1,255",,335,817,15,88,26.69,65.10,1.20,7.01
Ballyhoe and Corkey,"1,895",,"1,732",141,0,22,91.40,7.44,0.00,1.16
Ballyholme,"2,652",,303,"2,031",18,300,11.43,76.58,0.68,11.31
Ballykeel,"1,739",,100,"1,479",30,130,5.75,85.05,1.73,7.48
Ballykelly,"1,753",,873,833,8,39,49.80,47.52,0.46,2.22
Ballyloran,"1,096",,243,767,5,81,22.17,69.98,0.46,7.39
Ballylough and Bushmills,"1,781",,93,"1,622",8,58,5.22,91.07,0.45,3.26
Ballyloughan,"2,588",,536,"1,889",22,141,20.71,72.99,0.85,5.45
Ballymacarrett 1,"1,708",,"1,063",534,38,73,62.24,31.26,2.22,4.27
Ballymacarrett 2,"1,564",,"1,225",295,6,38,78.32,18.86,0.38,2.43
Ballymacarrett 3,"1,636",,234,"1,191",25,186,14.30,72.80,1.53,11.37
Ballymacash 1,"2,233",,282,"1,722",18,211,12.63,77.12,0.81,9.45
Ballymacash 2,"2,054",,671,"1,286",26,71,32.67,62.61,1.27,3.46
Ballymacbrennan 1,"1,580",,114,"1,365",13,88,7.22,86.39,0.82,5.57
Ballymacbrennan 2,"1,792",,212,"1,479",11,90,11.83,82.53,0.61,5.02
Ballymaconnell 1,"1,246",,106,989,19,132,8.51,79.37,1.52,10.59
Ballymaconnell 2,"1,475",,131,"1,140",22,182,8.88,77.29,1.49,12.34
Ballymacoss 1,"2,325",,370,"1,668",12,275,15.91,71.74,0.52,11.83
Ballymacoss 2,"1,885",,308,"1,378",9,190,16.34,73.10,0.48,10.08
Ballymacoss 3,"3,362",,769,"2,265",25,303,22.87,67.37,0.74,9.01
Ballymagee 1,"1,748",,195,"1,362",23,168,11.16,77.92,1.32,9.61
Ballymagee 2,"1,934",,211,"1,483",15,225,10.91,76.68,0.78,11.63
Ballymaglave 1,"1,319",,368,820,14,117,27.90,62.17,1.06,8.87
Ballymaglave 2,"1,577",,176,"1,296",4,101,11.16,82.18,0.25,6.40
Ballymaguigan,"2,748",,"2,097",589,10,52,76.31,21.43,0.36,1.89
Ballymartrim,"2,725",,"1,908",773,3,41,70.02,28.37,0.11,1.50
Ballymote,"2,934",,"2,557",269,19,89,87.15,9.17,0.65,3.03
Ballynafeigh 1,"1,813",,"1,207",385,45,176,66.57,21.24,2.48,9.71
Ballynafeigh 2,"2,009",,"1,148",550,53,258,57.14,27.38,2.64,12.84
Ballynafeigh 3,"2,106",,"1,021",672,71,342,48.48,31.91,3.37,16.24
Ballynahinch East,"2,497",,"1,329","1,005",15,148,53.22,40.25,0.60,5.93
Ballynashallog 1,"1,559",,"1,425",108,10,16,91.40,6.93,0.64,1.03
Ballynashallog 2,"1,685",,"1,584",71,14,16,94.01,4.21,0.83,0.95
Ballynure 1,"1,525",,74,"1,333",4,114,4.85,87.41,0.26,7.48
Ballynure 2,"1,622",,60,"1,449",22,91,3.70,89.33,1.36,5.61
Ballyoran,"2,985",,"2,382",526,7,70,79.80,17.62,0.23,2.35
Ballyrainey,"2,347",,224,"1,881",33,209,9.54,80.14,1.41,8.90
Ballyrobert 1,"1,809",,101,"1,571",9,128,5.58,86.84,0.50,7.08
Ballyrobert 2,"2,446",,115,"2,150",15,166,4.70,87.90,0.61,6.79
Ballysaggart,"2,730",,"2,216",391,26,97,81.17,14.32,0.95,3.55
Ballysally 1,"1,406",,146,"1,103",14,143,10.38,78.45,1.00,10.17
Ballysally 2,"1,064",,176,785,8,95,16.54,73.78,0.75,8.93
Ballysillan 1,"1,925",,116,"1,618",24,167,6.03,84.05,1.25,8.68
Ballysillan 2,"1,779",,165,"1,466",29,119,9.27,82.41,1.63,6.69
Ballysillan 3,"1,922",,157,"1,603",24,138,8.17,83.40,1.25,7.18
Ballywalter 1,"2,026",,59,"1,781",22,164,2.91,87.91,1.09,8.09
Ballywalter 2,"2,193",,174,"1,782",31,206,7.93,81.26,1.41,9.39
Ballyward,"2,817",,"1,593","1,130",7,87,56.55,40.11,0.25,3.09
Banagher,"3,508",,"2,416","1,003",17,72,68.87,28.59,0.48,2.05
Banbridge West,"3,006",,"1,156","1,645",20,185,38.46,54.72,0.67,6.15
Bangor Castle,"2,627",,273,"1,989",29,336,10.39,75.71,1.10,12.79
Bannside,"2,629",,988,"1,528",16,97,37.58,58.12,0.61,3.69
Beechill 1,"1,781",,909,728,38,106,51.04,40.88,2.13,5.95
Beechill 2,"1,700",,503,"1,001",38,158,29.59,58.88,2.24,9.29
Beechill 3,"1,480",,263,"1,064",27,126,17.77,71.89,1.82,8.51
Beechmount 1,"1,862",,"1,660",143,6,53,89.15,7.68,0.32,2.85
Beechmount 2,"1,922",,"1,738",110,21,53,90.43,5.72,1.09,2.76
Beechmount 3,"1,701",,"1,583",81,8,29,93.06,4.76,0.47,1.70
Beechwood,"2,151",,"2,062",55,3,31,95.86,2.56,0.14,1.44
Belcoo and Garrison,"2,541",,"2,161",315,15,50,85.05,12.40,0.59,1.97
Bellaghy,"2,685",,"2,214",441,0,30,82.46,16.42,0.00,1.12
Belleek and Boa,"2,540",,"1,836",636,8,60,72.28,25.04,0.31,2.36
Bellevue 1,"1,394",,"1,085",243,12,54,77.83,17.43,0.86,3.87
Bellevue 2,"1,730",,"1,078",538,18,96,62.31,31.10,1.04,5.55
Bellevue 3,"1,786",,964,655,23,144,53.98,36.67,1.29,8.06
Belmont 1,"2,151",,174,"1,761",27,189,8.09,81.87,1.26,8.79
Belmont 2,"1,896",,167,"1,525",17,187,8.81,80.43,0.90,9.86
Belmont 3,"2,118",,190,"1,685",17,226,8.97,79.56,0.80,10.67
Benburb,"2,860",,"1,687","1,082",30,61,58.99,37.83,1.05,2.13
Benvardin,"2,095",,126,"1,839",10,120,6.01,87.78,0.48,5.73
Beragh,"2,508",,"1,107","1,335",16,50,44.14,53.23,0.64,1.99
Bessbrook,"2,579",,"1,705",792,11,71,66.11,30.71,0.43,2.75
Binnian,"3,138",,"1,415","1,616",16,91,45.09,51.50,0.51,2.90
Blackcave,"1,635",,440,"1,092",12,91,26.91,66.79,0.73,5.57
Blackhead,"2,059",,306,"1,478",15,260,14.86,71.78,0.73,12.63
Blackstaff 1,"1,826",,290,"1,290",26,220,15.88,70.65,1.42,12.05
Blackstaff 2,"2,172",,310,"1,569",47,246,14.27,72.24,2.16,11.33
Blaris 1,"1,572",,224,"1,167",29,152,14.25,74.24,1.84,9.67
Blaris 2,"1,803",,326,"1,342",15,120,18.08,74.43,0.83,6.66
Bleary 1,"2,383",,195,"2,042",21,125,8.18,85.69,0.88,5.25
Bleary 2,"1,736",,626,969,64,77,36.06,55.82,3.69,4.44
Bloomfield 1 (Belfast LGD),"1,895",,296,"1,285",20,294,15.62,67.81,1.06,15.51
Bloomfield 1 (North Down LGD),"1,724",,163,"1,268",13,280,9.45,73.55,0.75,16.24
Bloomfield 2 (Belfast LGD),"1,687",,231,"1,253",34,169,13.69,74.27,2.02,10.02
Bloomfield 2 (North Down LGD),"2,054",,176,"1,560",18,300,8.57,75.95,0.88,14.61
Bloomfield 3 (Belfast LGD),"1,871",,351,"1,264",38,218,18.76,67.56,2.03,11.65
Bluefield 1,"1,358",,100,"1,110",10,138,7.36,81.74,0.74,10.16
Bluefield 2,"1,604",,96,"1,349",9,150,5.99,84.10,0.56,9.35
Boho Cleenish and Letterbreen,"3,185",,"1,759","1,313",17,96,55.23,41.22,0.53,3.01
Bonamargy and Rathlin and Glenshesk,"1,872",,"1,470",344,14,44,78.53,18.38,0.75,2.35
Boneybefore,"1,663",,184,"1,358",7,114,11.06,81.66,0.42,6.86
Botanic 1,"1,555",,720,514,70,251,46.30,33.05,4.50,16.14
Botanic 2,"1,958",,"1,153",513,78,214,58.89,26.20,3.98,10.93
Botanic 3,"1,488",,962,304,41,181,64.65,20.43,2.76,12.16
Botanic 4,"1,703",,891,445,93,274,52.32,26.13,5.46,16.09
Botanic 5,"2,241",,"1,715",304,67,155,76.53,13.57,2.99,6.92
Bradshaw's Brae 1,"1,438",,127,"1,150",19,142,8.83,79.97,1.32,9.87
Bradshaw's Brae 2,"1,610",,100,"1,388",5,117,6.21,86.21,0.31,7.27
Brandywell,"2,495",,"2,359",111,2,23,94.55,4.45,0.08,0.92
Broadway 1,"1,420",,142,"1,102",9,167,10.00,77.61,0.63,11.76
Broadway 2,"1,425",,159,"1,087",10,169,11.16,76.28,0.70,11.86
Brookeborough,"2,367",,"1,006","1,309",8,44,42.50,55.30,0.34,1.86
Broughshane 1,"1,596",,96,"1,388",7,105,6.02,86.97,0.44,6.58
Broughshane 2,"1,767",,87,"1,586",5,89,4.92,89.76,0.28,5.04
Brownstown 1,"1,654",,222,"1,288",19,125,13.42,77.87,1.15,7.56
Brownstown 2,"1,718",,205,"1,414",11,88,11.93,82.31,0.64,5.12
Bryansburn 1,"1,323",,497,700,12,114,37.57,52.91,0.91,8.62
Bryansburn 2,"1,267",,271,907,13,76,21.39,71.59,1.03,6.00
Burleigh Hill 1,"1,709",,154,"1,371",19,165,9.01,80.22,1.11,9.65
Burleigh Hill 2,"1,358",,61,"1,196",9,92,4.49,88.07,0.66,6.77
Burnthill 1,"1,219",,263,838,16,102,21.58,68.74,1.31,8.37
Burnthill 2,"1,340",,223,997,8,112,16.64,74.40,0.60,8.36
Burren and Kilbroney 1,"1,964",,"1,780",147,5,32,90.63,7.48,0.25,1.63
Burren and Kilbroney 2,"2,542",,"2,365",131,10,36,93.04,5.15,0.39,1.42
Cairnshill 1,"1,739",,879,705,31,124,50.55,40.54,1.78,7.13
Cairnshill 2,"1,784",,755,840,31,158,42.32,47.09,1.74,8.86
Caledon,"2,510",,"1,303","1,123",15,69,51.91,44.74,0.60,2.75
Callan Bridge,"2,817",,"2,417",233,27,140,85.80,8.27,0.96,4.97
Camlough,"3,482",,"3,325",111,6,40,95.49,3.19,0.17,1.15
Camowen,"2,283",,"1,260",920,29,74,55.19,40.30,1.27,3.24
Carn Hill 1,"1,376",,"1,296",58,6,16,94.19,4.22,0.44,1.16
Carn Hill 2,"1,227",,"1,147",70,6,4,93.48,5.70,0.49,0.33
Carnany,"1,999",,335,"1,531",11,122,16.76,76.59,0.55,6.10
Carncastle,"2,875",,805,"1,905",15,150,28.00,66.26,0.52,5.22
Carnlough,"2,041",,"1,578",425,2,36,77.32,20.82,0.10,1.76
Carnmoney 1,"1,276",,86,"1,045",16,129,6.74,81.90,1.25,10.11
Carnmoney 2,"1,258",,256,928,14,60,20.35,73.77,1.11,4.77
Carnmoon and Dunseverick,"1,806",,160,"1,558",17,71,8.86,86.27,0.94,3.93
Carrigatuke,"2,440",,"1,715",689,5,31,70.29,28.24,0.20,1.27
Carrowdore 1,"1,490",,54,"1,289",36,111,3.62,86.51,2.42,7.45
Carrowdore 2,"1,911",,57,"1,658",18,178,2.98,86.76,0.94,9.31
Carrowreagh 1,"2,352",,114,"2,013",20,205,4.85,85.59,0.85,8.72
Carrowreagh 2,"1,965",,82,"1,639",23,221,4.17,83.41,1.17,11.25
Carryduff East 1,"1,634",,"1,036",510,15,73,63.40,31.21,0.92,4.47
Carryduff East 2,"1,912",,696,"1,044",36,136,36.40,54.60,1.88,7.11
Carryduff West 1,"1,519",,705,676,26,112,46.41,44.50,1.71,7.37
Carryduff West 2,"1,879",,934,776,19,150,49.71,41.30,1.01,7.98
Castle Demesne,"2,126",,823,"1,123",29,151,38.71,52.82,1.36,7.10
Castlecaulfield,"2,713",,"1,544","1,091",13,65,56.91,40.21,0.48,2.40
Castlecoole 1,"1,992",,"1,116",747,12,117,56.02,37.50,0.60,5.87
Castlecoole 2,"1,884",,903,910,11,60,47.93,48.30,0.58,3.18
Castledawson 1,"1,586",,739,790,15,42,46.60,49.81,0.95,2.65
Castledawson 2,"1,743",,"1,040",657,9,37,59.67,37.69,0.52,2.12
Castlederg,"2,109",,"1,323",768,1,17,62.73,36.42,0.05,0.81
Castlerock 1,"1,546",,266,"1,201",17,62,17.21,77.68,1.10,4.01
Castlerock 2,"1,565",,259,"1,217",15,74,16.55,77.76,0.96,4.73
Castleview 1,"1,333",,268,928,24,113,20.11,69.62,1.80,8.48
Castleview 2,"1,752",,"1,116",529,18,89,63.70,30.19,1.03,5.08
Castleview 3,"1,637",,417,"1,102",14,104,25.47,67.32,0.86,6.35
Castlewellan 1,"1,095",,"1,007",59,11,18,91.96,5.39,1.00,1.64
Castlewellan 2,"2,447",,"2,078",299,11,59,84.92,12.22,0.45,2.41
Cathedral 1,"1,687",,"1,570",72,10,35,93.06,4.27,0.59,2.07
Cathedral 2,"1,571",,"1,375",145,16,35,87.52,9.23,1.02,2.23
Cavehill 1,"1,617",,815,720,10,72,50.40,44.53,0.62,4.45
Cavehill 2,"1,597",,"1,268",259,16,54,79.40,16.22,1.00,3.38
Cavehill 3,"1,606",,671,838,16,81,41.78,52.18,1.00,5.04
Caw,"2,601",,473,"2,012",22,94,18.19,77.35,0.85,3.61
Central (Ards LGD),"2,870",,335,"2,173",61,301,11.67,75.71,2.13,10.49
Central (Coleraine LGD),"1,835",,519,"1,165",7,144,28.28,63.49,0.38,7.85
Central (Larne LGD),"1,817",,541,"1,153",24,99,29.77,63.46,1.32,5.45
Charlemont,"2,774",,"1,814",878,18,64,65.39,31.65,0.65,2.31
Cherryvalley 1,"1,959",,289,"1,497",12,161,14.75,76.42,0.61,8.22
Cherryvalley 2,"2,052",,331,"1,457",20,244,16.13,71.00,0.97,11.89
Cherryvalley 3,"1,909",,236,"1,502",18,153,12.36,78.68,0.94,8.01
Chichester Park 1,"1,996",,"1,547",274,25,150,77.51,13.73,1.25,7.52
Chichester Park 2,"1,970",,"1,608",225,26,111,81.62,11.42,1.32,5.63
Chichester Park 3,"1,486",,898,439,35,114,60.43,29.54,2.36,7.67
Church,"2,131",,300,"1,620",25,186,14.08,76.02,1.17,8.73
Churchill 1,"1,369",,133,"1,125",11,100,9.72,82.18,0.80,7.30
Churchill 2,"1,448",,152,"1,123",3,170,10.50,77.56,0.21,11.74
Churchland,"2,472",,"1,001","1,301",22,148,40.49,52.63,0.89,5.99
Clady,"3,013",,832,"1,979",26,176,27.61,65.68,0.86,5.84
Clanabogan,"3,177",,"2,092","1,000",17,68,65.85,31.48,0.54,2.14
Clandeboye 1,"1,777",,158,"1,360",11,248,8.89,76.53,0.62,13.96
Clandeboye 2,"1,862",,202,"1,365",23,272,10.85,73.31,1.24,14.61
Clandeboye 3,"1,255",,83,998,11,163,6.61,79.52,0.88,12.99
Clare,"2,670",,676,"1,960",17,17,25.32,73.41,0.64,0.64
Claudy 1,"1,588",,"1,163",388,3,34,73.24,24.43,0.19,2.14
Claudy 2,"1,974",,"1,419",521,10,24,71.88,26.39,0.51,1.22
Cliftonville 1,"2,031",,"1,794",124,26,87,88.33,6.11,1.28,4.28
Cliftonville 2,"1,595",,"1,233",300,6,56,77.30,18.81,0.38,3.51
Cliftonville 3,"1,704",,758,834,4,108,44.48,48.94,0.23,6.34
Clipperstown,"2,171",,127,"1,772",8,264,5.85,81.62,0.37,12.16
Clogh Mills,"1,993",,769,"1,141",6,77,38.59,57.25,0.30,3.86
Clogher,"2,252",,"1,429",791,9,23,63.45,35.12,0.40,1.02
Clonallan 1,"2,052",,"1,773",204,7,68,86.40,9.94,0.34,3.31
Clonallan 2,"2,341",,"2,068",236,4,33,88.34,10.08,0.17,1.41
Clonard 1,"2,553",,"2,330",146,15,62,91.27,5.72,0.59,2.43
Clonard 2,"2,422",,"2,170",170,17,65,89.60,7.02,0.70,2.68
Clondermot 1,"1,291",,"1,097",175,2,17,84.97,13.56,0.15,1.32
Clondermot 2,"1,656",,846,772,8,30,51.09,46.62,0.48,1.81
Cloughfern 1,"1,718",,204,"1,311",20,183,11.87,76.31,1.16,10.65
Cloughfern 2,"1,228",,46,"1,059",8,115,3.75,86.24,0.65,9.36
Coagh,"2,029",,709,"1,229",26,65,34.94,60.57,1.28,3.20
Coalisland North,"3,530",,"3,289",201,7,33,93.17,5.69,0.20,0.93
Coalisland South,"2,485",,"2,299",144,8,34,92.52,5.79,0.32,1.37
Coalisland West and Newmills,"2,803",,"2,037",713,6,47,72.67,25.44,0.21,1.68
Collin Glen 1,"1,565",,"1,439",107,1,18,91.95,6.84,0.06,1.15
Collin Glen 2,"2,365",,"2,203",112,8,42,93.15,4.74,0.34,1.78
Collin Glen 3,"1,969",,"1,827",111,10,21,92.79,5.64,0.51,1.07
Collinbridge 1,"1,697",,"1,296",308,19,74,76.37,18.15,1.12,4.36
Collinbridge 2,"1,381",,"1,046",282,6,47,75.74,20.42,0.43,3.40
Comber East 1,"1,658",,90,"1,367",21,180,5.43,82.45,1.27,10.86
Comber East 2,"1,295",,28,"1,154",12,101,2.16,89.11,0.93,7.80
Comber North 1,"1,331",,90,"1,087",24,130,6.76,81.67,1.80,9.77
Comber North 2,"1,294",,69,"1,116",11,98,5.33,86.24,0.85,7.57
Comber West 1,"1,325",,56,"1,138",7,124,4.23,85.89,0.53,9.36
Comber West 2,"1,618",,74,"1,375",8,161,4.57,84.98,0.49,9.95
Conlig 1,"2,449",,171,"1,962",28,288,6.98,80.11,1.14,11.76
Conlig 2,"2,269",,219,"1,691",17,342,9.65,74.53,0.75,15.07
Conlig 3,"1,545",,123,"1,088",11,323,7.96,70.42,0.71,20.91
Coole,"2,409",,102,"2,028",19,260,4.23,84.18,0.79,10.79
Coolessan,"1,422",,913,471,4,34,64.21,33.12,0.28,2.39
Coolhill,"2,716",,"1,121","1,405",27,163,41.27,51.73,0.99,6.00
Coolnagard,"3,489",,"2,894",470,17,108,82.95,13.47,0.49,3.10
Corcrain 1,"1,649",,"1,445",97,17,90,87.63,5.88,1.03,5.46
Corcrain 2,"1,671",,"1,199",350,4,118,71.75,20.95,0.24,7.06
Court 1,"1,467",,"1,240",153,13,61,84.53,10.43,0.89,4.16
Court 2,"1,683",,"1,403",232,9,39,83.36,13.78,0.53,2.32
Craigavad,"2,540",,368,"1,866",22,284,14.49,73.46,0.87,11.18
Craigy Hill,"1,455",,384,984,7,80,26.39,67.63,0.48,5.50
Craigywarren,"2,590",,169,"2,295",18,108,6.53,88.61,0.69,4.17
Cranfield,"2,701",,"1,683",900,12,106,62.31,33.32,0.44,3.92
Crawfordsburn,"2,770",,318,"2,129",35,288,11.48,76.86,1.26,10.40
Cregagh,"2,090",,177,"1,649",22,242,8.47,78.90,1.05,11.58
Creggan,"3,088",,"2,886",172,1,29,93.46,5.57,0.03,0.94
Creggan Central 1,"1,456",,"1,409",43,0,4,96.77,2.95,0.00,0.27
Creggan Central 2,"1,294",,"1,229",47,2,16,94.98,3.63,0.15,1.24
Creggan South,"2,277",,"2,215",50,1,11,97.28,2.20,0.04,0.48
Crevagh 1,"2,022",,"1,733",263,3,23,85.71,13.01,0.15,1.14
Crevagh 2,"1,298",,"1,249",35,2,12,96.22,2.70,0.15,0.92
Crevagh 3,"2,538",,"2,411",85,12,30,95.00,3.35,0.47,1.18
Cross Glebe,"2,665",,585,"1,893",21,166,21.95,71.03,0.79,6.23
Crossgar 1,"1,501",,761,638,18,84,50.70,42.50,1.20,5.60
Crossgar 2,"1,768",,"1,051",618,16,83,59.45,34.95,0.90,4.69
Crossmaglen,"2,665",,"2,543",97,1,24,95.42,3.64,0.04,0.90
Crumlin 1 (Antrim LGD),"1,953",,"1,585",319,3,46,81.16,16.33,0.15,2.36
Crumlin 1 (Belfast LGD),"2,019",,127,"1,773",13,106,6.29,87.82,0.64,5.25
Crumlin 2 (Antrim LGD),"2,694",,"2,170",455,6,63,80.55,16.89,0.22,2.34
Crumlin 2 (Belfast LGD),"2,563",,392,"1,997",12,162,15.29,77.92,0.47,6.32
Cullybackey,"2,805",,107,"2,494",37,167,3.81,88.91,1.32,5.95
Culmore 1,"1,205",,"1,070",121,2,12,88.80,10.04,0.17,1.00
Culmore 2,"1,236",,"1,179",46,1,10,95.39,3.72,0.08,0.81
Culmore 3,"1,569",,"1,498",57,5,9,95.47,3.63,0.32,0.57
Culmore 4,"2,553",,"2,421",98,9,25,94.83,3.84,0.35,0.98
Culmore 5,"2,309",,"2,117",142,15,35,91.68,6.15,0.65,1.52
Cultra,"2,477",,536,"1,676",48,217,21.64,67.66,1.94,8.76
Daisy Hill 1,"1,580",,"1,488",50,7,35,94.18,3.16,0.44,2.22
Daisy Hill 2,"1,575",,"1,437",78,20,40,91.24,4.95,1.27,2.54
Dalriada,"1,452",,"1,186",209,7,50,81.68,14.39,0.48,3.44
Demesne 1,"1,468",,878,511,22,57,59.81,34.81,1.50,3.88
Demesne 2,"1,308",,664,609,4,31,50.76,46.56,0.31,2.37
Dergmoney,"1,675",,"1,080",520,17,58,64.48,31.04,1.01,3.46
Derryaghy 1,"3,775",,"3,482",199,10,84,92.24,5.27,0.26,2.23
Derryaghy 2,"1,697",,"1,603",68,3,23,94.46,4.01,0.18,1.36
Derryaghy 3,"3,992",,"1,694","1,942",51,305,42.43,48.65,1.28,7.64
Derryboy 1,"1,695",,655,939,10,91,38.64,55.40,0.59,5.37
Derryboy 2,"1,326",,329,890,8,99,24.81,67.12,0.60,7.47
Derrygonnelly,"2,812",,"1,723",968,26,95,61.27,34.42,0.92,3.38
Derryleckagh 1,"2,046",,"1,865",150,2,29,91.15,7.33,0.10,1.42
Derryleckagh 2,"2,412",,"2,034",317,21,40,84.33,13.14,0.87,1.66
Derrylin,"2,678",,"2,202",426,18,32,82.23,15.91,0.67,1.19
Derrymore 1,"1,652",,"1,513",97,9,33,91.59,5.87,0.54,2.00
Derrymore 2,"1,543",,"1,352",159,3,29,87.62,10.30,0.19,1.88
Derrynoose,"3,475",,"2,819",611,10,35,81.12,17.58,0.29,1.01
Derrytrasna 1,"3,074",,"2,905",126,2,41,94.50,4.10,0.07,1.33
Derrytrasna 2,"2,401",,"1,928",430,11,32,80.30,17.91,0.46,1.33
Dervock,"1,509",,157,"1,263",12,77,10.40,83.70,0.80,5.10
Devenish,"1,707",,"1,376",282,18,31,80.61,16.52,1.05,1.82
Doagh 1,"1,840",,49,"1,624",10,157,2.66,88.26,0.54,8.53
Doagh 2,"1,834",,62,"1,621",8,143,3.38,88.39,0.44,7.80
Donagh,"2,387",,"1,872",478,9,28,78.42,20.03,0.38,1.17
Donaghadee North 1,"1,690",,143,"1,347",27,173,8.46,79.70,1.60,10.24
Donaghadee North 2,"1,637",,107,"1,379",17,134,6.54,84.24,1.04,8.19
Donaghadee South 1,"1,408",,52,"1,214",17,125,3.69,86.22,1.21,8.88
Donaghadee South 2,"1,547",,88,"1,319",23,117,5.69,85.26,1.49,7.56
Donaghcloney 1,"1,538",,180,"1,218",9,131,11.70,79.19,0.59,8.52
Donaghcloney 2,"2,451",,190,"2,104",29,128,7.75,85.84,1.18,5.22
Donaghmore,"2,588",,"1,821",704,15,48,70.36,27.20,0.58,1.85
Donaghmore 1,"2,057",,"1,178",834,14,31,57.27,40.54,0.68,1.51
Donaghmore 2,"1,416",,"1,070",330,1,15,75.56,23.31,0.07,1.06
Donard 1,"1,507",,925,487,6,89,61.38,32.32,0.40,5.91
Donard 2,"1,686",,"1,176",405,15,90,69.75,24.02,0.89,5.34
Downs,"2,565",,"2,331",182,8,44,90.88,7.10,0.31,1.72
Downshire,"2,417",,262,"1,893",20,242,10.84,78.32,0.83,10.01
Draperstown,"2,984",,"2,755",192,8,29,92.33,6.43,0.27,0.97
Dromara 1,"1,974",,196,"1,633",11,134,9.93,82.73,0.56,6.79
Dromara 2,"2,724",,397,"2,133",28,166,14.57,78.30,1.03,6.09
Dromore,"2,394",,"1,938",397,13,46,80.95,16.58,0.54,1.92
Dromore North,"2,563",,469,"1,894",29,171,18.30,73.90,1.13,6.67
Dromore South 1,"2,036",,309,"1,536",18,173,15.18,75.44,0.88,8.50
Dromore South 2,"2,080",,278,"1,635",19,148,13.37,78.61,0.91,7.12
Drumalane 1,"1,966",,"1,782",122,9,53,90.64,6.21,0.46,2.70
Drumalane 2,"1,386",,"1,299",40,14,33,93.72,2.89,1.01,2.38
Drumanaway,"2,140",,336,"1,680",17,107,15.70,78.50,0.79,5.00
Drumaness 1,"1,784",,"1,528",191,8,57,85.65,10.71,0.45,3.20
Drumaness 2,"2,092",,"1,616",372,6,98,77.25,17.78,0.29,4.68
Drumbo 1,"1,697",,422,"1,126",21,128,24.87,66.35,1.24,7.54
Drumbo 2,"1,667",,234,"1,275",15,143,14.04,76.48,0.90,8.58
Drumgask 1,"2,929",,"2,417",309,40,163,82.52,10.55,1.37,5.57
Drumgask 2,"1,283",,"1,191",46,9,37,92.83,3.59,0.70,2.88
Drumglass,"2,357",,"1,999",275,10,73,84.81,11.67,0.42,3.10
Drumgor 1,"1,401",,827,428,35,111,59.03,30.55,2.50,7.92
Drumgor 2,"1,344",,847,370,12,115,63.02,27.53,0.89,8.56
Drumgullion 1,"1,419",,"1,256",108,4,51,88.51,7.61,0.28,3.59
Drumgullion 2,"1,679",,"1,471",165,18,25,87.61,9.83,1.07,1.49
Drumnakilly,"2,916",,"2,367",520,3,26,81.17,17.83,0.10,0.89
Drumnamoe 1,"1,270",,"1,176",64,15,15,92.60,5.04,1.18,1.18
Drumnamoe 2,"1,381",,"1,331",40,0,10,96.38,2.90,0.00,0.72
Drumquin,"2,231",,"1,543",652,8,28,69.16,29.22,0.36,1.26
Drumragh,"2,315",,537,"1,665",37,76,23.20,71.92,1.60,3.28
Dufferin,"2,449",,190,"1,948",21,290,7.76,79.54,0.86,11.84
Dunanney,"2,262",,64,"1,919",14,265,2.83,84.84,0.62,11.72
Duncairn 1,"2,807",,733,"1,686",75,313,26.11,60.06,2.67,11.15
Duncairn 2,"2,094",,422,"1,445",35,192,20.15,69.01,1.67,9.17
Dunclug,"2,363",,"1,336",826,11,190,56.54,34.96,0.47,8.04
Dundonald 1,"1,950",,214,"1,533",31,172,10.97,78.62,1.59,8.82
Dundonald 2,"1,413",,79,"1,166",13,155,5.59,82.52,0.92,10.97
Dundooan 1,"1,377",,177,"1,115",12,73,12.85,80.97,0.87,5.30
Dundooan 2,"1,899",,616,"1,118",14,151,32.44,58.87,0.74,7.95
Dundrum,"2,851",,"1,738",972,14,127,60.96,34.09,0.49,4.45
Dungiven,"2,022",,"1,914",83,1,24,94.66,4.10,0.05,1.19
Dunloy,"2,278",,"1,875",373,5,25,82.31,16.37,0.22,1.10
Dunluce,"1,990",,121,"1,775",14,80,6.08,89.20,0.70,4.02
Dunminning,"2,610",,407,"2,082",13,108,15.59,79.77,0.50,4.14
Dunmore,"3,058",,"1,198","1,639",31,190,39.18,53.60,1.01,6.21
Dunmurry 1,"2,199",,"1,523",516,28,132,69.26,23.47,1.27,6.00
Dunmurry 2,"2,180",,"2,003",140,8,29,91.88,6.42,0.37,1.33
Dunnamanagh,"2,187",,"1,028","1,131",3,25,47.01,51.71,0.14,1.14
Dunnamore,"2,357",,"2,168",170,5,14,91.98,7.21,0.21,0.59
East,"1,714",,"1,606",89,7,12,93.70,5.19,0.41,0.70
Ebrington 1,833,,330,468,18,17,39.62,56.18,2.16,2.04
Ebrington 2,"1,736",,864,787,36,49,49.77,45.33,2.07,2.82
Eden 1,"2,231",,140,"1,861",18,212,6.28,83.42,0.81,9.50
Eden 2,"2,566",,194,"2,092",30,250,7.56,81.53,1.17,9.74
Edenderry,"2,769",,"1,345","1,254",14,156,48.57,45.29,0.51,5.63
Edenderry 1,"1,449",,141,"1,164",27,117,9.73,80.33,1.86,8.07
Edenderry 2,"1,599",,127,"1,374",18,80,7.94,85.93,1.13,5.00
Eglinton 1,"1,753",,838,860,6,49,47.80,49.06,0.34,2.80
Eglinton 2,"2,648",,"1,460","1,079",14,95,55.14,40.75,0.53,3.59
Enagh 1 (Derry LGD),"2,407",,"1,969",356,23,59,81.80,14.79,0.96,2.45
Enagh 1 (Limavady LGD),"1,275",,533,697,3,42,41.80,54.67,0.24,3.29
Enagh 2 (Derry LGD),"3,338",,"1,860","1,226",83,169,55.72,36.73,2.49,5.06
Enagh 2 (Limavady LGD),"1,212",,453,667,11,81,37.38,55.03,0.91,6.68
Enler,"2,592",,88,"2,200",23,281,3.40,84.88,0.89,10.84
Erne,"2,627",,"1,888",645,18,76,71.87,24.55,0.69,2.89
Fair Green,"1,784",,"1,001",654,15,114,56.11,36.66,0.84,6.39
Fairhill,"1,798",,299,"1,371",18,110,16.63,76.25,1.00,6.12
Fairy Water,"2,142",,965,"1,147",3,27,45.05,53.55,0.14,1.26
Falls 1,"1,497",,"1,367",106,2,22,91.32,7.08,0.13,1.47
Falls 2,"1,752",,"1,588",130,4,30,90.64,7.42,0.23,1.71
Falls 3,"1,935",,"1,584",154,114,83,81.86,7.96,5.89,4.29
Falls Park 1,"1,687",,"1,570",57,17,43,93.06,3.38,1.01,2.55
Falls Park 2,"1,935",,"1,841",61,14,19,95.14,3.15,0.72,0.98
Falls Park 3,"1,721",,"1,633",57,8,23,94.89,3.31,0.46,1.34
Farranshane,"1,698",,757,761,14,166,44.58,44.82,0.82,9.78
Fathom,"3,110",,"2,955",124,4,27,95.02,3.99,0.13,0.87
Feeny,"2,206",,"1,924",264,2,16,87.22,11.97,0.09,0.73
Finaghy 1,"1,418",,479,798,45,96,33.78,56.28,3.17,6.77
Finaghy 2,"1,552",,"1,169",312,20,51,75.32,20.10,1.29,3.29
Finaghy 3,"1,585",,592,832,55,106,37.35,52.49,3.47,6.69
Finn,"2,807",,"2,037",734,1,35,72.57,26.15,0.04,1.25
Fintona,"2,046",,"1,473",544,7,22,71.99,26.59,0.34,1.08
Fivemiletown,"2,114",,498,"1,539",11,66,23.56,72.80,0.52,3.12
Florence Court and Kinawley,"2,630",,"1,783",810,3,34,67.79,30.80,0.11,1.29
Forest,"2,449",,"1,285","1,092",6,66,52.47,44.59,0.24,2.69
Forkhill 1,"2,205",,"2,084",87,1,33,94.51,3.95,0.05,1.50
Forkhill 2,"2,151",,"2,037",87,8,19,94.70,4.04,0.37,0.88
Fort,"2,364",,649,"1,583",16,116,27.45,66.96,0.68,4.91
Fortwilliam 1,"1,388",,784,508,28,68,56.48,36.60,2.02,4.90
Fortwilliam 2,"1,540",,212,"1,178",12,138,13.77,76.49,0.78,8.96
Fortwilliam 3,"1,633",,887,610,13,123,54.32,37.35,0.80,7.53
Fountain Hill,"2,220",,491,"1,466",28,235,22.12,66.04,1.26,10.59
Foyle Springs 1,"1,962",,"1,883",60,4,15,95.97,3.06,0.20,0.76
Foyle Springs 2,"1,787",,"1,573",174,10,30,88.02,9.74,0.56,1.68
Galgorm 1,"1,603",,62,"1,422",20,99,3.87,88.71,1.25,6.18
Galgorm 2,"1,674",,177,"1,398",20,79,10.57,83.51,1.19,4.72
Galwally,"2,567",,"1,203","1,146",30,188,46.86,44.64,1.17,7.32
Gardenmore,"1,916",,659,"1,135",5,117,34.39,59.24,0.26,6.11
Garvagh,"2,795",,"1,322","1,395",12,66,47.30,49.91,0.43,2.36
Gilford,"2,522",,992,"1,376",22,132,39.33,54.56,0.87,5.23
Gilnahirk,"2,512",,233,"2,040",27,212,9.28,81.21,1.07,8.44
Glack,"2,106",,"1,321",727,6,52,62.73,34.52,0.28,2.47
Glebe,"1,719",,278,"1,323",21,97,16.17,76.96,1.22,5.64
Glebe 1 (Magherafelt LGD),"1,799",,"1,212",514,27,46,67.37,28.57,1.50,2.56
Glebe 1 (Newtownabbey LGD),"1,661",,"1,263",301,20,77,76.04,18.12,1.20,4.64
Glebe 2 (Magherafelt LGD),"1,280",,850,401,1,28,66.41,31.33,0.08,2.19
Glebe 2 (Newtownabbey LGD),"1,655",,830,685,27,113,50.15,41.39,1.63,6.83
Glen 1,"1,440",,142,"1,039",39,220,9.86,72.15,2.71,15.28
Glen 2,"1,336",,91,"1,107",16,122,6.81,82.86,1.20,9.13
Glen Road 1,"2,158",,"2,048",79,17,14,94.90,3.66,0.79,0.65
Glen Road 2,"1,839",,"1,759",53,5,22,95.65,2.88,0.27,1.20
Glen Road 3,"1,576",,"1,495",49,7,25,94.86,3.11,0.44,1.59
Glenaan and Glendun,"2,421",,"2,249",138,7,27,92.90,5.70,0.29,1.12
Glenariff,"1,690",,"1,551",113,7,19,91.78,6.69,0.41,1.12
Glenarm,"1,851",,765,"1,015",10,61,41.33,54.84,0.54,3.30
Glenavy 1,"2,946",,"2,223",621,9,93,75.46,21.08,0.31,3.16
Glenavy 2,"2,751",,"1,193","1,395",21,142,43.37,50.71,0.76,5.16
Glencairn 1,"1,995",,150,"1,688",16,141,7.52,84.61,0.80,7.07
Glencairn 2,"1,754",,505,"1,144",16,89,28.79,65.22,0.91,5.07
Glencolin 1,"1,548",,"1,436",89,6,17,92.76,5.75,0.39,1.10
Glencolin 2,"1,614",,"1,524",72,0,18,94.42,4.46,0.00,1.12
Glencolin 3,"1,705",,"1,614",58,3,30,94.66,3.40,0.18,1.76
Glencolin 4,"1,631",,"1,479",113,4,35,90.68,6.93,0.25,2.15
Glenderg,"2,593",,"1,764",803,5,21,68.03,30.97,0.19,0.81
Glengormley 1,"1,668",,"1,091",479,6,92,65.41,28.72,0.36,5.52
Glengormley 2,"1,297",,207,941,12,137,15.96,72.55,0.93,10.56
Glenravel,"3,451",,"2,087","1,265",23,76,60.48,36.66,0.67,2.20
Glentaisie and Kinbane,"2,251",,"1,480",692,7,72,65.75,30.74,0.31,3.20
Glenwhirry,"2,981",,372,"2,458",33,118,12.48,82.46,1.11,3.96
Glynn,"2,027",,151,"1,716",8,152,7.45,84.66,0.39,7.50
Gortalee,"1,493",,102,"1,214",15,162,6.83,81.31,1.00,10.85
Gortalowry,"2,787",,"2,144",492,17,134,76.93,17.65,0.61,4.81
Gortin,"2,836",,"1,558","1,215",13,50,54.94,42.84,0.46,1.76
Gortrush 1,"1,488",,"1,382",89,2,15,92.88,5.98,0.13,1.01
Gortrush 2,"1,345",,"1,160",157,2,26,86.25,11.67,0.15,1.93
Graham's Bridge,"2,702",,182,"2,183",47,290,6.74,80.79,1.74,10.73
Grange,"3,461",,"1,380","1,953",17,111,39.87,56.43,0.49,3.21
Gransha,"3,473",,482,"2,758",23,210,13.88,79.41,0.66,6.05
Greenisland,"2,619",,396,"1,940",22,261,15.12,74.07,0.84,9.97
Gregstown 1,"1,392",,82,"1,130",16,164,5.89,81.18,1.15,11.78
Gregstown 2,"1,472",,128,"1,190",28,126,8.70,80.84,1.90,8.56
Gregstown 3,"1,580",,101,"1,281",9,189,6.39,81.08,0.57,11.96
Gresteel 1,"2,146",,"1,914",206,0,26,89.19,9.60,0.00,1.21
Gresteel 2,"1,525",,877,570,11,67,57.51,37.38,0.72,4.39
Greystone (Antrim LGD),"1,953",,806,939,25,183,41.27,48.08,1.28,9.37
Greystone (Limavady LGD),"1,338",,672,620,3,43,50.22,46.34,0.22,3.21
Groomsport,"3,005",,228,"2,491",35,251,7.59,82.90,1.16,8.35
Gulladuff,"2,723",,"1,861",813,4,45,68.34,29.86,0.15,1.65
Hamiltonsbawn 1,"1,496",,186,"1,251",12,47,12.43,83.62,0.80,3.14
Hamiltonsbawn 2,"1,858",,111,"1,650",20,77,5.97,88.81,1.08,4.14
Harbour,"1,811",,368,"1,323",7,113,20.32,73.05,0.39,6.24
Harbour 1,"1,495",,389,821,41,244,26.02,54.92,2.74,16.32
Harbour 2,"1,527",,255,981,22,269,16.70,64.24,1.44,17.62
Harmony Hill,"3,054",,871,"1,943",30,210,28.52,63.62,0.98,6.88
Harryville,"1,885",,164,"1,572",28,121,8.70,83.40,1.49,6.42
Hawthorne,"2,266",,201,"1,865",13,187,8.87,82.30,0.57,8.25
Highfield 1,"2,149",,99,"1,841",13,196,4.61,85.67,0.60,9.12
Highfield 2,"1,733",,291,"1,316",24,102,16.79,75.94,1.38,5.89
Highfield 3,"1,769",,146,"1,510",13,100,8.25,85.36,0.73,5.65
Hightown,"2,237",,721,"1,326",35,155,32.23,59.28,1.56,6.93
Hilden 1,"1,528",,422,936,16,154,27.62,61.26,1.05,10.08
Hilden 2,"1,376",,299,934,23,120,21.73,67.88,1.67,8.72
Hillfoot,"2,561",,732,"1,636",21,172,28.58,63.88,0.82,6.72
Hillhall 1,"1,420",,150,"1,106",15,149,10.56,77.89,1.06,10.49
Hillhall 2,"1,485",,189,"1,160",18,118,12.73,78.11,1.21,7.95
Hillsborough 1,"1,793",,170,"1,516",18,89,9.48,84.55,1.00,4.96
Hillsborough 2,"1,965",,233,"1,618",17,97,11.86,82.34,0.87,4.94
Hockley,"2,577",,498,"1,976",17,86,19.32,76.68,0.66,3.34
Holly Mount 1,"2,241",,"1,364",810,7,60,60.87,36.14,0.31,2.68
Holly Mount 2,"2,939",,"2,039",790,27,83,69.38,26.88,0.92,2.82
Holywood Demesne,"3,012",,838,"1,715",40,419,27.82,56.94,1.33,13.91
Holywood Priory,"2,675",,606,"1,790",17,262,22.65,66.92,0.64,9.79
Hopefield 1,"1,821",,388,"1,303",10,120,21.31,71.55,0.55,6.59
Hopefield 2,"1,949",,450,"1,349",20,130,23.09,69.21,1.03,6.67
Irvinestown,"2,588",,"1,927",596,17,48,74.46,23.03,0.66,1.85
Island 1,"2,257",,265,"1,596",145,251,11.74,70.71,6.42,11.12
Island 2,"2,757",,431,"1,903",83,340,15.63,69.02,3.01,12.33
Island Magee,"2,568",,125,"2,142",22,279,4.87,83.41,0.86,10.86
Jordanstown 1,"1,872",,69,"1,653",11,139,3.69,88.30,0.59,7.43
Jordanstown 2,"2,047",,344,"1,464",34,205,16.81,71.52,1.66,10.01
Jordanstown 3,"2,306",,472,"1,542",40,252,20.47,66.87,1.73,10.93
Katesbridge,"2,582",,769,"1,682",26,105,29.78,65.14,1.01,4.07
Keady,"1,795",,"1,631",134,0,30,90.86,7.47,0.00,1.67
Kells 1,"1,904",,84,"1,709",8,103,4.41,89.76,0.42,5.41
Kells 2,"1,460",,93,"1,278",15,74,6.37,87.53,1.03,5.07
Kernan 1,"2,791",,400,"2,174",38,179,14.33,77.89,1.36,6.41
Kernan 2,"3,316",,"1,057","1,893",35,331,31.88,57.09,1.06,9.98
Kesh Ederney and Lack 1,"1,555",,792,725,16,22,50.93,46.62,1.03,1.41
Kesh Ederney and Lack 2,"2,097",,582,"1,447",10,58,27.75,69.00,0.48,2.77
Kilfennan 1,"1,558",,481,"1,003",29,45,30.87,64.38,1.86,2.89
Kilfennan 2,"1,486",,631,761,28,66,42.46,51.21,1.88,4.44
Kilkeel Central 1,"1,862",,248,"1,507",15,92,13.32,80.93,0.81,4.94
Kilkeel Central 2,"1,825",,695,"1,007",10,113,38.08,55.18,0.55,6.19
Kilkeel South 1,"1,302",,406,864,5,27,31.18,66.36,0.38,2.07
Kilkeel South 2,"1,681",,"1,297",317,5,62,77.16,18.86,0.30,3.69
Killeen,"2,785",,"1,325","1,395",11,54,47.58,50.09,0.39,1.94
Killinchy 1,"1,510",,81,"1,301",12,116,5.36,86.16,0.79,7.68
Killinchy 2,"1,606",,127,"1,306",18,155,7.91,81.32,1.12,9.65
Killoquin Lower,"1,890",,662,"1,131",10,87,35.03,59.84,0.53,4.60
Killoquin Upper,"1,797",,"1,069",677,11,40,59.49,37.67,0.61,2.23
Killough 1,"1,781",,"1,429",279,10,63,80.24,15.67,0.56,3.54
Killough 2,"1,778",,"1,034",545,13,186,58.16,30.65,0.73,10.46
Killyclogher 1,"1,532",,"1,320",186,11,15,86.16,12.14,0.72,0.98
Killyclogher 2,"1,564",,"1,412",109,10,33,90.28,6.97,0.64,2.11
Killycolpy,"2,616",,"2,223",361,8,24,84.98,13.80,0.31,0.92
Killycomain,"2,539",,238,"2,101",24,176,9.37,82.75,0.95,6.93
Killycrot,"2,620",,403,"1,891",44,282,15.38,72.18,1.68,10.76
Killylea,"2,474",,"1,288","1,130",15,41,52.06,45.68,0.61,1.66
Killyleagh,"2,994",,"1,084","1,680",13,217,36.21,56.11,0.43,7.25
Killyman,"2,724",,568,"2,058",38,60,20.85,75.55,1.40,2.20
Killymeal,"2,891",,"1,581","1,179",16,115,54.69,40.78,0.55,3.98
Killymoon,"1,885",,"1,025",780,11,69,54.38,41.38,0.58,3.66
Kilmore 1,"1,601",,251,"1,223",8,119,15.68,76.39,0.50,7.43
Kilmore 2,"1,693",,591,985,9,108,34.91,58.18,0.53,6.38
Kilrea,"2,724",,"1,828",811,9,76,67.11,29.77,0.33,2.79
Kilwaughter 1,"3,660",,812,"2,535",20,293,22.19,69.26,0.55,8.01
Kilwaughter 2,"1,770",,141,"1,512",10,107,7.97,85.42,0.56,6.05
Kilwee 1,"1,476",,"1,374",60,7,35,93.09,4.07,0.47,2.37
Kilwee 2,"1,688",,"1,557",103,4,24,92.24,6.10,0.24,1.42
Kircubbin 1,"2,005",,"1,059",810,18,118,52.82,40.40,0.90,5.89
Kircubbin 2,"1,484",,958,442,5,79,64.56,29.78,0.34,5.32
Knock 1,"1,604",,126,"1,278",21,179,7.86,79.68,1.31,11.16
Knock 2,"1,685",,244,"1,228",18,195,14.48,72.88,1.07,11.57
Knock 3,"1,538",,71,"1,339",20,108,4.62,87.06,1.30,7.02
Knockagh,"2,489",,261,"1,954",24,250,10.49,78.51,0.96,10.04
Knockaholet,"1,677",,589,"1,015",11,62,35.12,60.52,0.66,3.70
Knockbracken 1,"1,793",,947,630,33,183,52.82,35.14,1.84,10.21
Knockbracken 2,"1,564",,630,807,12,115,40.28,51.60,0.77,7.35
Knockcloghrim,"2,747",,"1,369","1,295",15,68,49.84,47.14,0.55,2.48
Knocklayd,"1,732",,"1,316",359,8,49,75.98,20.73,0.46,2.83
Knocklynn 1,"2,144",,367,"1,596",25,156,17.12,74.44,1.17,7.28
Knocklynn 2,"1,751",,342,"1,292",27,90,19.53,73.79,1.54,5.14
Knockmore 1,"2,749",,768,"1,721",14,246,27.94,62.60,0.51,8.95
Knockmore 2,"1,549",,238,"1,134",15,162,15.36,73.21,0.97,10.46
Knocknashane 1,"1,974",,100,"1,707",28,139,5.07,86.47,1.42,7.04
Knocknashane 2,"1,377",,108,"1,189",5,75,7.84,86.35,0.36,5.45
Ladybrook 1,"2,227",,"2,105",78,9,35,94.52,3.50,0.40,1.57
Ladybrook 2,"2,032",,"1,411",483,23,115,69.44,23.77,1.13,5.66
Ladybrook 3,"2,260",,"2,045",152,10,53,90.49,6.73,0.44,2.35
Lagan Valley 1,"1,415",,251,977,7,180,17.74,69.05,0.49,12.72
Lagan Valley 2,"1,638",,373,"1,119",37,109,22.77,68.32,2.26,6.65
Lambeg 1,"1,305",,172,982,20,131,13.18,75.25,1.53,10.04
Lambeg 2,"1,432",,98,"1,176",23,135,6.84,82.12,1.61,9.43
Laurelvale,"3,035",,313,"2,538",34,150,10.31,83.62,1.12,4.94
Lawrencetown,"2,724",,"1,460","1,142",22,100,53.60,41.92,0.81,3.67
Lecumpher,"2,724",,"1,293","1,353",16,62,47.47,49.67,0.59,2.28
Legoniel 1,"3,232",,"2,280",771,29,152,70.54,23.86,0.90,4.70
Legoniel 2,"1,553",,288,"1,150",11,104,18.54,74.05,0.71,6.70
Legoniel 3,"1,624",,524,989,9,102,32.27,60.90,0.55,6.28
Lisanelly 1,364,,203,146,0,15,55.77,40.11,0.00,4.12
Lisanelly 2,"1,669",,"1,349",272,5,43,80.83,16.30,0.30,2.58
Lisbane 1,"1,533",,67,"1,328",17,121,4.37,86.63,1.11,7.89
Lisbane 2,"1,603",,108,"1,338",14,143,6.74,83.47,0.87,8.92
Lisbellaw,"3,190",,"1,004","2,071",12,103,31.47,64.92,0.38,3.23
Lisnacree,"2,990",,"1,927",969,11,83,64.45,32.41,0.37,2.78
Lisnagarvey,"2,605",,399,"1,977",24,205,15.32,75.89,0.92,7.87
Lisnagelvin 1,"1,614",,350,"1,176",12,76,21.69,72.86,0.74,4.71
Lisnagelvin 2,"1,752",,381,"1,290",19,62,21.75,73.63,1.08,3.54
Lisnarrick,"1,908",,604,"1,238",14,52,31.66,64.88,0.73,2.73
Lisnasharragh,"2,126",,113,"1,824",19,170,5.32,85.79,0.89,8.00
Lisnaskea,"2,580",,"1,949",586,7,38,75.54,22.71,0.27,1.47
Lissan,"2,045",,875,"1,138",10,22,42.79,55.65,0.49,1.08
Loughbrickland,"2,708",,949,"1,643",17,99,35.04,60.67,0.63,3.66
Loughgall,"2,903",,"1,135","1,667",17,84,39.10,57.42,0.59,2.89
Loughries 1,"1,793",,122,"1,421",7,243,6.80,79.25,0.39,13.55
Loughries 2,"1,763",,110,"1,394",19,240,6.24,79.07,1.08,13.61
Loughview 1,"1,981",,426,"1,336",30,189,21.50,67.44,1.51,9.54
Loughview 2,"1,453",,210,806,48,389,14.45,55.47,3.30,26.77
Love Lane,"1,417",,86,"1,141",13,177,6.07,80.52,0.92,12.49
Lower Braniel,"2,493",,119,"2,095",47,232,4.77,84.04,1.89,9.31
Lower Glenshane 1,"1,438",,"1,354",76,2,6,94.16,5.29,0.14,0.42
Lower Glenshane 2,"1,479",,"1,355",114,2,8,91.62,7.71,0.14,0.54
Macosquin,"2,325",,256,"1,960",14,95,11.01,84.30,0.60,4.09
Maghaberry 1,"2,332",,163,"1,943",23,203,6.99,83.32,0.99,8.70
Maghaberry 2,"2,384",,358,"1,875",11,140,15.02,78.65,0.46,5.87
Maghera,"2,852",,"2,231",544,6,71,78.23,19.07,0.21,2.49
Magheralave 1,"1,603",,288,996,21,298,17.97,62.13,1.31,18.59
Magheralave 2,"1,687",,619,943,18,107,36.69,55.90,1.07,6.34
Magheralin 1,"2,283",,148,"1,971",34,130,6.48,86.33,1.49,5.69
Magheralin 2,"2,865",,"1,091","1,610",17,147,38.08,56.20,0.59,5.13
Magilligan,"2,407",,"1,328","1,010",11,58,55.17,41.96,0.46,2.41
Maguiresbridge,"3,131",,"1,324","1,717",10,80,42.29,54.84,0.32,2.56
Mallusk 1,"1,827",,295,"1,387",23,122,16.15,75.92,1.26,6.68
Mallusk 2,"4,574",,"2,848","1,382",42,302,62.26,30.21,0.92,6.60
Mallusk 3,"1,937",,581,"1,159",46,151,29.99,59.83,2.37,7.80
Malone 1,"1,951",,"1,337",502,29,83,68.53,25.73,1.49,4.25
Malone 2,"1,639",,"1,016",502,39,82,61.99,30.63,2.38,5.00
Malone 3,"1,965",,"1,045",678,59,183,53.18,34.50,3.00,9.31
Markethill,"2,820",,425,"2,260",14,121,15.07,80.14,0.50,4.29
Massereene 1,"2,800",,955,"1,548",37,260,34.11,55.29,1.32,9.29
Massereene 2,"2,564",,"1,130","1,190",25,219,44.07,46.41,0.98,8.54
Mayobridge 1,"2,302",,"1,944",308,4,46,84.45,13.38,0.17,2.00
Mayobridge 2,"1,735",,"1,451",256,4,24,83.63,14.76,0.23,1.38
Maze 1,"2,158",,223,"1,710",29,196,10.33,79.24,1.34,9.08
Maze 2,"1,658",,110,"1,418",14,116,6.63,85.52,0.84,7.00
Milebush,"1,552",,83,"1,242",12,215,5.35,80.03,0.77,13.85
Milford,"2,730",,"1,860",808,20,42,68.13,29.60,0.73,1.54
Millisle 1,"1,688",,45,"1,431",15,197,2.67,84.77,0.89,11.67
Millisle 2,"2,591",,153,"2,119",13,306,5.91,81.78,0.50,11.81
Minnowburn,"2,226",,176,"1,848",39,163,7.91,83.02,1.75,7.32
Moat,"1,746",,124,"1,486",12,124,7.10,85.11,0.69,7.10
Moira 1,"2,822",,548,"2,034",37,203,19.42,72.08,1.31,7.19
Moira 2,"2,317",,454,"1,649",17,197,19.59,71.17,0.73,8.50
Moneymore,"2,646",,"1,076","1,482",23,65,40.67,56.01,0.87,2.46
Moneyreagh 1,"1,826",,399,"1,312",12,103,21.85,71.85,0.66,5.64
Moneyreagh 2,"1,944",,59,"1,744",21,120,3.03,89.71,1.08,6.17
Monkstown 1,"1,517",,56,"1,289",17,155,3.69,84.97,1.12,10.22
Monkstown 2,"2,026",,289,"1,447",36,254,14.26,71.42,1.78,12.54
Mossley 1,"1,414",,166,"1,125",10,113,11.74,79.56,0.71,7.99
Mossley 2,"1,571",,70,"1,304",24,173,4.46,83.00,1.53,11.01
Mount Sandel,"1,879",,590,"1,154",25,110,31.40,61.42,1.33,5.85
Mourneview,"2,401",,998,"1,282",18,103,41.57,53.39,0.75,4.29
Movilla 1,"1,613",,166,"1,300",16,131,10.29,80.60,0.99,8.12
Movilla 2,"1,784",,135,"1,436",11,202,7.57,80.49,0.62,11.32
Movilla 3,"1,391",,109,"1,090",21,171,7.84,78.36,1.51,12.29
Moy,"3,009",,"1,875","1,036",19,79,62.31,34.43,0.63,2.63
Moygashel,"2,189",,632,"1,463",10,84,28.87,66.83,0.46,3.84
Mullaghmore,"2,351",,"2,025",241,14,71,86.13,10.25,0.60,3.02
Murlough,"2,256",,"1,650",492,4,110,73.14,21.81,0.18,4.88
Musgrave 1,"1,452",,268,"1,028",51,105,18.46,70.80,3.51,7.23
Musgrave 2,"1,590",,"1,505",58,12,15,94.65,3.65,0.75,0.94
Musgrave 3,"1,885",,"1,211",537,20,117,64.24,28.49,1.06,6.21
New Buildings 1,"1,644",,164,"1,446",2,32,9.98,87.96,0.12,1.95
New Buildings 2,"1,762",,"1,127",554,23,58,63.96,31.44,1.31,3.29
New Lodge 1,"1,970",,"1,707",197,10,56,86.65,10.00,0.51,2.84
New Lodge 2,"1,478",,"1,369",84,9,16,92.63,5.68,0.61,1.08
New Lodge 3,"1,502",,"1,341",97,24,40,89.28,6.46,1.60,2.66
Newbuildings,"2,187",,902,"1,161",11,113,41.24,53.09,0.50,5.17
Newhill,"2,507",,327,"2,015",12,153,13.04,80.37,0.48,6.10
Newtownbreda,"2,780",,"1,097","1,384",41,258,39.46,49.78,1.47,9.28
Newtownbutler,"2,502",,"1,939",527,5,31,77.50,21.06,0.20,1.24
Newtownhamilton,"2,836",,"1,770",986,16,64,62.41,34.77,0.56,2.26
Newtownsaville,"2,392",,"1,539",829,5,19,64.34,34.66,0.21,0.79
Newtownstewart,"2,269",,"1,046","1,185",2,36,46.10,52.23,0.09,1.59
North,"3,179",,"2,808",329,15,27,88.33,10.35,0.47,0.85
Northland,"1,407",,71,"1,150",5,181,5.05,81.73,0.36,12.86
Oaklands,"2,181",,924,"1,210",13,34,42.37,55.48,0.60,1.56
Observatory,"2,342",,"1,206","1,024",28,84,51.49,43.72,1.20,3.59
Old Warren,"2,589",,701,"1,556",27,305,27.08,60.10,1.04,11.78
Oldtown,"2,373",,748,"1,487",11,127,31.52,62.66,0.46,5.35
Orangefield 1,"1,794",,266,"1,276",31,221,14.83,71.13,1.73,12.32
Orangefield 2,"1,926",,185,"1,530",25,186,9.61,79.44,1.30,9.66
Orangefield 3,"1,899",,168,"1,518",25,188,8.85,79.94,1.32,9.90
Owenkillew,"2,350",,"2,132",195,2,21,90.72,8.30,0.09,0.89
Park,"2,139",,744,"1,216",29,150,34.78,56.85,1.36,7.01
Parkgate,"2,775",,197,"2,395",23,160,7.10,86.31,0.83,5.77
Parklake,"3,983",,"2,156","1,579",30,218,54.13,39.64,0.75,5.47
Pennyburn 1,"1,239",,"1,167",53,9,10,94.19,4.28,0.73,0.81
Pennyburn 2,"1,253",,"1,173",49,3,28,93.62,3.91,0.24,2.23
Plumbridge,"2,223",,"1,554",650,4,15,69.91,29.24,0.18,0.67
Poleglass 1,"1,986",,"1,855",99,1,31,93.40,4.98,0.05,1.56
Poleglass 2,"1,795",,"1,700",71,1,23,94.71,3.96,0.06,1.28
Pomeroy,"2,309",,"1,858",421,2,28,80.47,18.23,0.09,1.21
Portaferry 1,"1,889",,"1,424",385,2,78,75.38,20.38,0.11,4.13
Portaferry 2,"1,524",,"1,277",185,7,55,83.79,12.14,0.46,3.61
Portavogie 1,"2,387",,90,"2,091",28,178,3.77,87.60,1.17,7.46
Portavogie 2,"2,332",,498,"1,588",16,230,21.36,68.10,0.69,9.86
Portglenone 1,"1,555",,551,969,9,26,35.43,62.32,0.58,1.67
Portglenone 2,"1,581",,551,988,5,37,34.85,62.49,0.32,2.34
Portora,"3,117",,"1,796","1,139",39,143,57.62,36.54,1.25,4.59
Portstewart,"1,799",,582,"1,046",24,147,32.35,58.14,1.33,8.17
Poyntz Pass,"2,720",,950,"1,669",7,94,34.93,61.36,0.26,3.46
Princetown,"2,846",,516,"2,022",40,268,18.13,71.05,1.41,9.42
Quilly,"2,432",,351,"1,947",22,112,14.43,80.06,0.90,4.61
Quoile 1,"1,179",,805,318,6,50,68.28,26.97,0.51,4.24
Quoile 2,"1,523",,"1,187",259,11,66,77.94,17.01,0.72,4.33
Randalstown 1,"1,745",,"1,201",456,7,81,68.83,26.13,0.40,4.64
Randalstown 2,"1,562",,"1,081",412,3,66,69.21,26.38,0.19,4.23
Rathbrady,"1,452",,546,875,3,28,37.60,60.26,0.21,1.93
Rathfriland,"2,740",,"1,056","1,557",19,108,38.54,56.82,0.69,3.94
Rathgael,"2,215",,280,"1,672",23,240,12.64,75.49,1.04,10.84
Ravenhill 1,"2,082",,"1,070",769,27,216,51.39,36.94,1.30,10.37
Ravenhill 2,"1,826",,506,"1,054",46,220,27.71,57.72,2.52,12.05
Ravenhill 3,"2,133",,819,"1,010",48,256,38.40,47.35,2.25,12.00
Rich Hill 1,"1,308",,70,"1,187",5,46,5.35,90.75,0.38,3.52
Rich Hill 2,"1,702",,132,"1,462",14,94,7.76,85.90,0.82,5.52
Ringsend,"2,455",,"1,222","1,134",14,85,49.78,46.19,0.57,3.46
Roeside,"1,429",,558,822,7,42,39.05,57.52,0.49,2.94
Rosemount,"2,521",,"2,202",206,35,78,87.35,8.17,1.39,3.09
Rosetta 1,"3,099",,"1,732",982,82,303,55.89,31.69,2.65,9.78
Rosetta 2,"1,880",,"1,044",647,38,151,55.53,34.41,2.02,8.03
Rosetta 3,"1,585",,"1,097",379,14,95,69.21,23.91,0.88,5.99
Rosslea,"2,167",,"1,805",332,4,26,83.29,15.32,0.18,1.20
Rossorry,"2,444",,"1,375",930,21,118,56.26,38.05,0.86,4.83
Rostrevor,"2,893",,"2,507",275,19,92,86.66,9.51,0.66,3.18
Rostulla 1,"2,250",,776,"1,169",63,242,34.49,51.96,2.80,10.76
Rostulla 2,"2,644",,815,"1,394",121,314,30.82,52.72,4.58,11.88
Route,"1,529",,349,"1,088",15,77,22.83,71.16,0.98,5.04
Royal Portrush,"2,032",,565,"1,283",13,171,27.81,63.14,0.64,8.42
Saintfield 1,"1,695",,519,"1,042",12,122,30.62,61.47,0.71,7.20
Saintfield 2,"1,686",,371,"1,172",6,137,22.00,69.51,0.36,8.13
Sandholes,"1,817",,315,"1,435",17,50,17.34,78.98,0.94,2.75
Scrabo 1,"1,557",,87,"1,253",7,210,5.59,80.48,0.45,13.49
Scrabo 2,"1,483",,80,"1,196",7,200,5.39,80.65,0.47,13.49
Seacon,"2,684",,394,"2,100",25,165,14.68,78.24,0.93,6.15
Seaforde,"3,001",,"1,673","1,175",23,130,55.75,39.15,0.77,4.33
Seapatrick,"2,374",,544,"1,705",11,114,22.91,71.82,0.46,4.80
Seaview 1,"1,532",,"1,269",207,3,53,82.83,13.51,0.20,3.46
Seaview 2,"1,535",,"1,340",144,5,46,87.30,9.38,0.33,3.00
Seymour Hill,"2,502",,289,"1,951",52,210,11.55,77.98,2.08,8.39
Shaftesbury 1,"2,409",,"1,366",560,310,173,56.70,23.25,12.87,7.18
Shaftesbury 2,"2,711",,891,"1,349",78,393,32.87,49.76,2.88,14.50
Shaftesbury 3,"2,094",,290,"1,505",97,202,13.85,71.87,4.63,9.65
Shankill 1,"1,697",,120,"1,458",12,107,7.07,85.92,0.71,6.31
Shankill 2,"2,119",,180,"1,767",14,158,8.49,83.39,0.66,7.46
Shantallow East,"2,503",,"2,448",38,4,13,97.80,1.52,0.16,0.52
Shantallow West 1,"1,289",,"1,239",44,1,5,96.12,3.41,0.08,0.39
Shantallow West 2,"1,458",,"1,400",47,4,7,96.02,3.22,0.27,0.48
Shantallow West 3,"1,559",,"1,489",53,3,14,95.51,3.40,0.19,0.90
Shantallow West 4,"2,057",,"1,961",54,25,17,95.33,2.63,1.22,0.83
Shilvodan,"2,349",,872,"1,373",13,91,37.12,58.45,0.55,3.87
Shimna,"2,687",,"1,912",650,14,111,71.16,24.19,0.52,4.13
Silver Bridge 1,"1,845",,"1,735",61,9,40,94.04,3.31,0.49,2.17
Silver Bridge 2,"1,925",,"1,828",70,5,22,94.96,3.64,0.26,1.14
Silverstream,"3,155",,501,"2,201",53,400,15.88,69.76,1.68,12.68
Sion Mills,"2,190",,"1,331",836,2,21,60.78,38.17,0.09,0.96
Sixmilecross,"2,374",,"1,840",511,2,21,77.51,21.52,0.08,0.88
Slemish,"2,509",,306,"2,052",15,136,12.20,81.79,0.60,5.42
Slievekirk,"2,533",,529,"1,925",12,67,20.88,76.00,0.47,2.65
South 1,"1,876",,"1,736",120,4,16,92.54,6.40,0.21,0.85
South 2,"1,356",,"1,274",74,3,5,93.95,5.46,0.22,0.37
Spelga,"3,583",,"3,046",496,9,32,85.01,13.84,0.25,0.89
Springfarm 1,"2,641",,"1,091","1,226",62,262,41.31,46.42,2.35,9.92
Springfarm 2,"1,545",,665,652,44,184,43.04,42.20,2.85,11.91
Springhill 1,"1,336",,147,"1,073",12,104,11.00,80.31,0.90,7.78
Springhill 2,"1,369",,203,"1,013",27,126,14.83,74.00,1.97,9.20
Springtown 1,"1,745",,"1,691",37,2,15,96.91,2.12,0.11,0.86
Springtown 2,"1,386",,"1,343",25,5,13,96.90,1.80,0.36,0.94
St Mary's,"2,284",,"2,085",136,10,53,91.29,5.95,0.44,2.32
St Patrick's 1,"2,210",,"1,937",198,12,63,87.65,8.96,0.54,2.85
St Patrick's 2,"1,320",,"1,210",84,3,23,91.67,6.36,0.23,1.74
Steeple,"1,807",,344,"1,276",14,173,19.04,70.61,0.77,9.57
Stewartstown,"2,041",,931,"1,089",2,19,45.61,53.36,0.10,0.93
Stiles,"2,142",,813,"1,067",27,235,37.96,49.81,1.26,10.97
Stormont 1,"1,926",,157,"1,600",16,153,8.15,83.07,0.83,7.94
Stormont 2,"1,524",,194,"1,172",23,135,12.73,76.90,1.51,8.86
Stormont 3,"2,098",,367,"1,424",32,275,17.49,67.87,1.53,13.11
Strand 1 (Coleraine LGD),"1,690",,621,965,23,81,36.75,57.10,1.36,4.79
Strand 1 (Derry LGD),"2,002",,"1,713",173,61,55,85.56,8.64,3.05,2.75
Strand 2 (Coleraine LGD),"1,252",,563,623,14,52,44.97,49.76,1.12,4.15
Strand 2 (Derry LGD),"1,831",,"1,426",261,42,102,77.88,14.25,2.29,5.57
Strangford,"2,686",,"2,198",374,17,97,81.83,13.92,0.63,3.61
Stranmillis 1,"1,826",,919,708,46,153,50.33,38.77,2.52,8.38
Stranmillis 2,"1,784",,855,628,79,222,47.93,35.20,4.43,12.44
Stranmillis 3,"2,261",,990,957,42,272,43.79,42.33,1.86,12.03
Stranmillis 4,"2,268",,"1,086",854,81,247,47.88,37.65,3.57,10.89
Stranocum,"1,728",,362,"1,257",12,97,20.95,72.74,0.69,5.61
Strule,"1,496",,"1,099",351,5,41,73.46,23.46,0.33,2.74
Summerfield,"2,711",,"1,802",769,9,131,66.47,28.37,0.33,4.83
Sunnylands,"1,530",,147,"1,215",11,157,9.61,79.41,0.72,10.26
Swatragh 1,"1,699",,"1,462",224,5,8,86.05,13.18,0.29,0.47
Swatragh 2,"1,592",,"1,427",154,4,7,89.64,9.67,0.25,0.44
Sydenham 1,"1,480",,139,"1,117",35,189,9.39,75.47,2.36,12.77
Sydenham 2,"1,670",,141,"1,300",27,202,8.44,77.84,1.62,12.10
Sydenham 3,"1,724",,203,"1,287",26,208,11.77,74.65,1.51,12.06
Taghnevan,"3,728",,"3,382",221,20,105,90.72,5.93,0.54,2.82
Tandragee,"2,925",,380,"2,368",11,166,12.99,80.96,0.38,5.68
Tavanagh,"2,157",,302,"1,684",11,160,14.00,78.07,0.51,7.42
Templepatrick,"2,439",,341,"1,891",37,170,13.98,77.53,1.52,6.97
Tempo,"2,590",,"1,280","1,259",14,37,49.42,48.61,0.54,1.43
Termon,"2,330",,"2,229",88,3,10,95.67,3.78,0.13,0.43
The Birches 1,"2,027",,585,"1,348",9,85,28.86,66.50,0.44,4.19
The Birches 2,"1,742",,702,986,3,51,40.30,56.60,0.17,2.93
The Cut,"1,724",,616,986,16,106,35.73,57.19,0.93,6.15
The Cuts 1,"2,173",,401,"1,613",15,144,18.45,74.23,0.69,6.63
The Cuts 2,"1,919",,483,"1,353",18,65,25.17,70.51,0.94,3.39
The Diamond,"2,351",,"1,908",364,15,64,81.16,15.48,0.64,2.72
The Highlands,"1,969",,967,965,8,29,49.11,49.01,0.41,1.47
The Loop,"2,946",,"1,962",928,9,47,66.60,31.50,0.31,1.60
The Mall,"1,740",,398,"1,231",16,95,22.87,70.75,0.92,5.46
The Mount 1,"2,864",,441,"1,968",39,416,15.40,68.72,1.36,14.53
The Mount 2,"2,727",,461,"1,852",32,382,16.91,67.91,1.17,14.01
The Vow,"2,126",,605,"1,422",12,87,28.46,66.89,0.56,4.09
Tobermore,"2,641",,970,"1,603",22,46,36.73,60.70,0.83,1.74
Tollymore 1,"1,566",,"1,349",184,6,27,86.14,11.75,0.38,1.72
Tollymore 2,"1,821",,"1,410",337,5,69,77.43,18.51,0.27,3.79
Tonagh,"2,594",,"1,048","1,318",17,211,40.40,50.81,0.66,8.13
Toome,"2,687",,"2,410",231,6,40,89.69,8.60,0.22,1.49
Town Parks,"1,593",,514,967,9,103,32.27,60.70,0.56,6.47
Town Parks East 1,"1,520",,753,678,17,72,49.54,44.61,1.12,4.74
Town Parks East 2,"1,398",,828,499,12,59,59.23,35.69,0.86,4.22
Town Parks West,"2,211",,"1,207",889,27,88,54.59,40.21,1.22,3.98
Trillick,"2,440",,"1,643",762,17,18,67.34,31.23,0.70,0.74
Tullagh,"2,216",,"1,624",481,8,103,73.29,21.71,0.36,4.65
Tullycarnet,"2,419",,87,"2,075",9,248,3.60,85.78,0.37,10.25
Tullyhappy,"3,366",,"2,008","1,308",10,40,59.66,38.86,0.30,1.19
Twinbrook 1,"1,261",,"1,098",127,0,36,87.07,10.07,0.00,2.85
Twinbrook 2,"1,386",,"1,278",80,3,25,92.21,5.77,0.22,1.80
University,"2,873",,696,"1,901",48,228,24.23,66.17,1.67,7.94
Upper Braniel,"2,248",,143,"1,884",6,215,6.36,83.81,0.27,9.56
Upper Glenshane,"2,458",,"2,117",332,3,6,86.13,13.51,0.12,0.24
Upper Malone 1,"1,670",,756,762,65,87,45.27,45.63,3.89,5.21
Upper Malone 2,"1,554",,157,"1,249",13,135,10.10,80.37,0.84,8.69
Upper Malone 3,"1,617",,509,896,44,168,31.48,55.41,2.72,10.39
Upper Springfield 1,"1,712",,"1,610",83,1,18,94.04,4.85,0.06,1.05
Upper Springfield 2,"1,874",,"1,734",95,10,35,92.53,5.07,0.53,1.87
Upper Springfield 3,"1,664",,"1,565",63,6,30,94.05,3.79,0.36,1.80
Upperlands,"2,498",,814,"1,596",9,79,32.59,63.89,0.36,3.16
Valley,"2,691",,"1,897",757,1,36,70.49,28.13,0.04,1.34
Valley 1,"1,568",,949,526,8,85,60.52,33.55,0.51,5.42
Valley 2,"1,926",,820,937,14,155,42.58,48.65,0.73,8.05
Victoria (Carrickfergus LGD),"2,630",,262,"2,091",35,242,9.96,79.51,1.33,9.20
Victoria (Derry LGD),"3,410",,"2,502",781,36,91,73.37,22.90,1.06,2.67
Victoria Bridge,"2,288",,"1,188","1,065",10,25,51.92,46.55,0.44,1.09
Wallace Park 1,"1,095",,222,727,4,142,20.27,66.39,0.37,12.97
Wallace Park 2,"2,283",,469,"1,560",31,223,20.54,68.33,1.36,9.77
Waringstown 1,"2,583",,254,"2,136",30,163,9.83,82.69,1.16,6.31
Waringstown 2,"1,953",,143,"1,687",26,97,7.32,86.38,1.33,4.97
Washing Bay,"3,106",,"2,958",132,2,14,95.24,4.25,0.06,0.45
Water Works 1,"2,314",,"2,003",187,28,96,86.56,8.08,1.21,4.15
Water Works 2,"1,717",,"1,565",96,9,47,91.15,5.59,0.52,2.74
Water Works 3,"1,798",,"1,540",130,15,113,85.65,7.23,0.83,6.28
Waterside,"2,794",,689,"1,866",55,184,24.66,66.79,1.97,6.59
West 1,"1,911",,"1,691",176,8,36,88.49,9.21,0.42,1.88
West 2,"1,351",,"1,258",80,5,8,93.12,5.92,0.37,0.59
Westland,"2,083",,"1,966",71,13,33,94.38,3.41,0.62,1.58
Whitehead,"2,159",,415,"1,462",35,247,19.22,67.72,1.62,11.44
Whitehill,"2,469",,293,"1,755",27,394,11.87,71.08,1.09,15.96
Whitehouse,"2,071",,114,"1,742",26,189,5.50,84.11,1.26,9.13
Whiterock 1,"1,615",,"1,480",88,10,37,91.64,5.45,0.62,2.29
Whiterock 2,"2,411",,"2,276",87,3,45,94.40,3.61,0.12,1.87
Whiterock 3,"1,668",,"1,546",95,4,23,92.69,5.70,0.24,1.38
Whitespots 1,"1,540",,204,"1,181",13,142,13.25,76.69,0.84,9.22
Whitespots 2,"1,485",,128,"1,220",28,109,8.62,82.15,1.89,7.34
Windsor 1,"1,662",,867,604,47,144,52.17,36.34,2.83,8.66
Windsor 2,"2,270",,"1,003",840,143,284,44.19,37.00,6.30,12.51
Windsor 3,"2,142",,716,985,190,251,33.43,45.99,8.87,11.72
Windsor 4,"2,067",,803,887,92,285,38.85,42.91,4.45,13.79
Windsor Hill 1,"1,614",,"1,392",179,10,33,86.25,11.09,0.62,2.04
Windsor Hill 2,"1,389",,826,458,35,70,59.47,32.97,2.52,5.04
Woodburn,"2,479",,150,"2,118",16,195,6.05,85.44,0.65,7.87
Woodstock 1,"1,499",,291,960,38,210,19.41,64.04,2.54,14.01
Woodstock 2,"2,061",,379,"1,326",59,297,18.39,64.34,2.86,14.41
Woodstock 3,"1,885",,385,"1,161",56,283,20.42,61.59,2.97,15.01
Woodvale 1,"1,353",,116,"1,118",13,106,8.57,82.63,0.96,7.83
Woodvale 2,"1,399",,72,"1,245",8,74,5.15,88.99,0.57,5.29
Woodvale 3,"1,336",,58,"1,192",3,83,4.34,89.22,0.22,6.21
Woodville 1,"1,519",,"1,340",124,16,39,88.22,8.16,1.05,2.57
Woodville 2,"2,179",,"2,072",76,11,20,95.09,3.49,0.50,0.92
Wynchurch,"2,190",,990,970,31,199,45.21,44.29,1.42,9.09
