LA_order,New_geog_code,geog_l,geog_c,geog_n,CL_All_19to21,CL_All_19,CL_All_20,CL_All_21,CL_Act_EET19to21,CL_Act_EET19,CL_Act_EET20,CL_Act_EET21,CL_Act_HE19to21,CL_Act_HE19,CL_Act_HE20,CL_Act_HE21,CL_Act_OE19to21,CL_Act_OE19,CL_Act_OE20,CL_Act_OE21,CL_Act_TE19to21,CL_Act_TE19,CL_Act_TE20,CL_Act_TE21,CL_Act_NEET19to21,CL_Act_NEET19,CL_Act_NEET20,CL_Act_NEET21,CL_Act_NEET_ill19to21,CL_Act_NEET_ill19,CL_Act_NEET_ill20,CL_Act_NEET_ill21,CL_Act_NEET_oth19to21,CL_Act_NEET_oth19,CL_Act_NEET_oth20,CL_Act_NEET_oth21,CL_Act_NEET_preg19to21,CL_Act_NEET_preg19,CL_Act_NEET_preg20,CL_Act_NEET_preg21,CL_Act_NoInf19to21,CL_Act_NoInf19,CL_Act_NoInf20,CL_Act_NoInf21,CL_Act_EET19to21_pc,CL_Act_EET19_pc,CL_Act_EET20_pc,CL_Act_EET21_pc,CL_Act_HE19to21_pc,CL_Act_HE19_pc,CL_Act_HE20_pc,CL_Act_HE21_pc,CL_Act_OE19to21_pc,CL_Act_OE19_pc,CL_Act_OE20_pc,CL_Act_OE21_pc,CL_Act_TE19to21_pc,CL_Act_TE19_pc,CL_Act_TE20_pc,CL_Act_TE21_pc,CL_Act_NEET19to21_pc,CL_Act_NEET19_pc,CL_Act_NEET20_pc,CL_Act_NEET21_pc,CL_Act_NEET_ill19to21_pc,CL_Act_NEET_ill19_pc,CL_Act_NEET_ill20_pc,CL_Act_NEET_ill21_pc,CL_Act_NEET_oth19to21_pc,CL_Act_NEET_oth19_pc,CL_Act_NEET_oth20_pc,CL_Act_NEET_oth21_pc,CL_Act_NEET_preg19to21_pc,CL_Act_NEET_preg19_pc,CL_Act_NEET_preg20_pc,CL_Act_NEET_preg21_pc,CL_Act_NoInf19to21_pc,CL_Act_NoInf19_pc,CL_Act_NoInf20_pc,CL_Act_NoInf21_pc,CL_InTouch_IT19to21,CL_InTouch_IT19,CL_InTouch_IT20,CL_InTouch_IT21,CL_InTouch_Refu19to21,CL_InTouch_Refu19,CL_InTouch_Refu20,CL_InTouch_Refu21,CL_InTouch_NoServ19to21,CL_InTouch_NoServ19,CL_InTouch_NoServ20,CL_InTouch_NoServ21,CL_InTouch_Not19to21,CL_InTouch_Not19,CL_InTouch_Not20,CL_InTouch_Not21,CL_InTouch_IT19to21_pc,CL_InTouch_IT19_pc,CL_InTouch_IT20_pc,CL_InTouch_IT21_pc,CL_InTouch_Refu19to21_pc,CL_InTouch_Refu19_pc,CL_InTouch_Refu20_pc,CL_InTouch_Refu21_pc,CL_InTouch_NoServ19to21_pc,CL_InTouch_NoServ19_pc,CL_InTouch_NoServ20_pc,CL_InTouch_NoServ21_pc,CL_InTouch_Not19to21_pc,CL_InTouch_Not19_pc,CL_InTouch_Not20_pc,CL_InTouch_Not21_pc
1,E92000001,NATIONAL,999,ENGLAND,29930,10480,10040,9410,15640,6090,5110,4440,1860,510,660,690,6180,3190,1880,1110,7610,2400,2570,2650,11560,3680,4010,3870,2820,730,970,1120,6850,2490,2370,2000,1890,470,660,760,2730,700,920,1100,52,58,51,47,6,5,7,7,21,30,19,12,25,23,26,28,39,35,40,41,9,7,10,12,23,24,24,21,6,4,7,8,9,7,9,12,26670,9660,8940,8070,490,120,160,200,580,140,180,260,2190,550,750,890,89,92,89,86,2,1,2,2,2,1,2,3,7,5,7,9
2,E12000001,REGION,A,NORTH EAST,1400,470,460,480,690,270,200,220,100,30,30,40,170,80,50,40,420,160,120,140,630,190,220,220,170,40,50,80,330,120,130,80,130,30,40,60,80,10,30,30,50,58,45,46,7,7,7,8,12,17,12,8,30,33,26,30,45,39,49,47,12,9,11,17,23,25,29,17,9,6,9,13,5,3,7,7,1310,450,420,440,10,c,c,c,40,10,20,20,50,10,20,20,93,96,92,92,1,c,c,c,3,1,3,3,3,2,3,4
15,E12000002,REGION,B,NORTH WEST,3760,1350,1260,1160,1900,750,590,560,230,60,80,90,630,340,170,130,1040,360,340,350,1680,550,610,520,520,150,190,190,880,340,310,230,280,60,120,100,180,50,50,90,51,56,47,48,6,4,7,7,17,25,14,11,28,27,27,30,45,41,49,44,14,11,15,16,23,26,25,20,7,5,9,9,5,3,4,8,3510,1290,1180,1040,30,10,10,10,30,10,10,10,190,40,50,100,93,96,94,90,1,1,1,1,1,-,1,1,5,3,4,8
39,E12000003,REGION,C,YORKSHIRE AND HUMBER,2390,880,800,720,1220,500,400,330,140,30,50,60,420,230,130,70,660,240,230,200,1000,320,350,330,270,70,110,100,550,210,180,160,180,50,60,80,160,60,50,60,51,57,50,45,6,4,6,8,18,26,16,10,28,27,28,28,42,37,44,46,11,8,14,13,23,24,23,22,8,6,7,11,7,6,6,8,2210,820,740,650,20,c,10,c,50,20,10,20,110,30,30,40,92,93,93,91,1,c,1,c,2,2,2,3,5,4,4,6
55,E12000004,REGION,D,EAST MIDLANDS,2160,750,720,690,1050,410,320,320,100,30,40,30,410,200,120,90,540,180,170,190,910,280,310,320,260,80,90,100,540,180,190,180,100,20,40,50,210,70,80,60,48,54,45,46,5,4,5,5,19,26,16,13,25,24,24,28,42,37,44,46,12,11,12,14,25,23,27,25,5,3,5,7,10,9,11,8,1930,680,630,620,60,20,20,20,30,10,10,10,150,40,70,40,89,91,87,90,3,2,2,3,1,1,1,2,7,6,9,5
65,E12000005,REGION,E,WEST MIDLANDS,3270,1140,1090,1050,1680,630,550,500,240,70,80,80,620,330,190,100,830,230,270,330,1320,430,460,430,280,60,100,120,810,300,270,240,230,70,90,80,270,80,80,120,51,55,51,48,7,6,8,8,19,29,18,9,25,20,25,31,40,38,42,41,9,6,9,11,25,27,25,23,7,6,8,7,8,7,7,11,2960,1050,1000,910,40,10,10,20,60,10,20,20,220,60,60,90,90,92,92,87,1,1,1,2,2,1,2,2,7,6,6,9
80,E12000006,REGION,F,EAST OF ENGLAND,3020,1090,990,940,1560,620,520,430,160,30,60,60,630,350,190,90,770,230,260,280,1200,410,400,400,310,90,90,120,710,260,250,200,190,50,60,80,250,70,80,110,52,57,52,46,5,3,6,7,21,32,19,10,26,21,27,30,40,37,40,43,10,9,9,13,23,24,25,21,6,4,6,9,8,6,8,11,2630,1000,860,770,50,10,10,20,50,20,10,20,290,60,110,120,87,92,87,82,1,1,1,2,2,1,1,2,10,6,11,13
92,E12000007,REGION,G,LONDON,6660,2330,2270,2070,3620,1430,1210,980,560,150,200,210,1670,850,510,320,1390,430,500,460,2260,720,780,760,270,60,100,110,1670,580,580,520,330,90,110,130,780,180,270,330,54,61,53,48,8,6,9,10,25,36,22,15,21,18,22,22,34,31,35,37,4,3,4,5,25,25,25,25,5,4,5,6,12,8,12,16,5740,2110,1950,1680,140,30,40,60,180,40,60,80,610,150,210,250,86,91,86,81,2,1,2,3,3,2,3,4,9,6,9,12
93,E13000001,REGION,H,INNER LONDON,2840,1020,920,900,1570,640,500,440,260,70,100,90,710,380,190,140,610,190,210,210,1000,310,330,350,100,30,30,40,730,250,250,240,160,40,50,70,270,70,90,110,55,62,54,49,9,7,11,10,25,37,21,15,21,19,23,23,35,31,36,39,4,3,4,5,26,24,27,27,6,4,6,7,9,7,10,12,2480,920,810,750,50,10,10,20,50,10,20,20,260,70,80,110,88,91,88,83,2,1,1,2,2,1,2,2,9,7,8,12
108,E13000002,REGION,I,OUTER LONDON,3820,1310,1350,1170,2050,790,710,550,300,80,110,120,970,470,320,180,780,240,290,250,1270,410,450,400,160,40,70,60,940,330,330,280,170,50,60,60,510,110,190,220,54,60,53,47,8,6,8,10,25,36,23,15,20,18,22,22,33,31,33,35,4,3,5,5,24,25,25,24,4,4,4,5,13,8,14,18,3260,1190,1140,930,90,20,30,40,130,30,40,60,350,70,140,140,85,91,84,80,2,1,2,3,3,2,3,5,9,5,10,12
128,E12000008,REGION,J,SOUTH EAST,4750,1620,1670,1460,2560,980,880,700,200,60,70,80,1220,590,430,200,1140,340,380,420,1550,470,560,520,360,80,130,150,930,330,330,260,260,60,90,100,640,170,230,240,54,61,53,48,4,3,4,5,26,36,26,14,24,21,23,29,33,29,33,36,8,5,8,10,20,20,20,18,5,4,6,7,14,10,14,17,4050,1440,1420,1190,130,30,50,50,120,30,40,60,440,120,160,160,85,89,85,82,3,2,3,3,3,2,2,4,9,7,9,11
148,E12000009,REGION,K,SOUTH WEST,2510,860,800,860,1360,510,440,410,140,50,40,50,400,220,100,80,820,240,290,290,1000,310,310,380,370,100,110,160,450,170,140,140,190,50,60,80,150,30,50,70,54,59,55,48,6,6,5,6,16,26,13,9,32,28,37,33,40,37,39,44,15,11,14,18,18,20,17,16,7,5,8,9,6,4,6,8,2330,820,740,770,20,c,10,c,20,c,c,10,140,30,40,60,93,95,93,90,1,c,1,c,1,c,c,2,6,4,5,7
95,E09000001,LA,201,City of London,15,8,c,c,c,c,c,c,c,c,0,0,c,c,c,0,c,c,c,c,c,c,c,0,0,0,0,0,c,c,c,0,0,0,0,0,c,c,0,c,c,c,c,c,c,c,0,0,c,c,c,0,c,c,c,c,c,c,c,0,0,0,0,0,c,c,c,0,0,0,0,0,c,c,0,c,12,c,c,c,c,c,0,c,c,0,0,c,0,0,0,0,80,c,c,c,c,c,0,c,c,0,0,c,0,0,0,0
94,E09000007,LA,202,Camden,151,56,50,45,94,42,33,19,12,c,c,c,46,27,12,7,36,11,16,9,45,c,c,20,13,c,c,7,26,8,7,11,6,0,c,c,12,c,c,6,62,75,66,42,8,c,c,c,30,48,24,16,24,20,32,20,30,c,c,44,9,c,c,16,17,14,14,24,4,0,c,c,8,c,c,13,139,52,48,39,c,c,c,c,c,c,0,c,c,c,c,c,92,93,96,87,c,c,c,c,c,c,0,c,c,c,c,c
117,E09000011,LA,203,Greenwich,219,73,86,60,127,47,54,26,24,c,12,c,54,23,21,10,49,17,21,11,71,20,23,28,6,0,c,c,56,19,17,20,9,c,c,c,21,6,9,6,58,64,63,43,11,c,14,c,25,32,24,17,22,23,24,18,32,27,27,47,3,0,c,c,26,26,20,33,4,c,c,c,10,8,10,10,198,67,77,54,0,0,0,0,0,0,0,0,21,6,9,6,90,92,90,90,0,0,0,0,0,0,0,0,10,8,10,10
96,E09000012,LA,204,Hackney,217,85,69,63,140,62,43,35,24,6,11,7,64,36,15,13,52,20,17,15,50,16,14,20,c,c,0,c,32,12,10,10,c,c,c,7,27,7,12,8,65,73,62,56,11,7,16,11,29,42,22,21,24,24,25,24,23,19,20,32,c,c,0,c,15,14,14,16,c,c,c,11,12,8,17,13,190,78,57,55,0,0,0,0,c,c,c,0,24,6,10,8,88,92,83,87,0,0,0,0,c,c,c,0,11,7,14,13
97,E09000013,LA,205,Hammersmith and Fulham,150,57,51,42,91,33,31,27,6,0,c,c,70,31,22,17,15,c,7,c,c,c,c,c,c,c,0,0,48,15,18,15,c,c,0,0,c,c,c,0,61,58,61,64,4,0,c,c,47,54,43,40,10,c,14,c,c,c,c,c,c,c,0,0,32,26,35,36,c,c,0,0,c,c,c,0,144,53,49,42,c,c,0,0,0,0,0,0,c,c,c,0,96,93,96,100,c,c,0,0,0,0,0,0,c,c,c,0
99,E09000019,LA,206,Islington,306,102,104,100,141,59,41,41,34,9,14,11,49,28,11,10,58,22,16,20,133,37,50,46,16,c,c,7,94,29,37,28,23,c,c,11,32,6,13,13,46,58,39,41,11,9,13,11,16,27,11,10,19,22,15,20,43,36,48,46,5,c,c,7,31,28,36,28,8,c,c,11,10,6,13,13,274,96,91,87,c,c,0,0,0,0,0,0,31,c,13,c,90,94,88,87,c,c,0,0,0,0,0,0,10,c,13,c
100,E09000020,LA,207,Kensington and Chelsea,106,34,33,39,66,22,20,24,7,c,c,c,40,16,11,13,19,c,8,c,25,c,c,8,c,c,0,c,16,c,6,c,c,c,0,c,15,c,c,7,62,65,61,62,7,c,c,c,38,47,33,33,18,c,24,c,24,c,c,21,c,c,0,c,15,c,18,c,c,c,0,c,14,c,c,18,91,33,26,32,14,c,c,7,c,0,c,0,0,0,0,0,86,97,79,82,13,c,c,18,c,0,c,0,0,0,0,0
101,E09000022,LA,208,Lambeth,277,102,83,92,131,59,40,32,23,9,c,c,61,40,12,9,47,10,19,18,119,c,c,44,c,c,c,0,99,35,26,38,c,c,7,6,27,c,c,16,47,58,48,35,8,9,c,c,22,39,14,10,17,10,23,20,43,c,c,48,c,c,c,0,36,34,31,41,c,c,8,7,10,c,c,17,241,96,75,70,c,c,c,c,0,0,0,0,33,c,c,21,87,94,90,76,c,c,c,c,0,0,0,0,12,c,c,23
102,E09000023,LA,209,Lewisham,282,99,100,83,138,61,45,32,25,8,11,6,48,29,c,c,65,24,18,23,105,31,40,34,11,0,c,c,69,26,22,21,25,c,12,c,39,7,15,17,49,62,45,39,9,8,11,7,17,29,c,c,23,24,18,28,37,31,40,41,4,0,c,c,24,26,22,25,9,c,12,c,14,7,15,20,243,92,85,66,0,0,0,0,30,c,13,c,9,c,c,c,86,93,85,80,0,0,0,0,11,c,13,c,3,c,c,c
104,E09000028,LA,210,Southwark,280,91,94,95,164,58,57,49,22,c,10,c,67,38,15,14,75,15,32,28,86,26,27,33,10,c,c,c,68,20,21,27,8,c,c,c,30,7,10,13,59,64,61,52,8,c,11,c,24,42,16,15,27,16,34,29,31,29,29,35,4,c,c,c,24,22,22,28,3,c,c,c,11,8,11,14,250,84,84,82,c,c,c,c,c,0,0,c,24,6,9,9,89,92,89,86,c,c,c,c,c,0,0,c,9,7,10,9
105,E09000030,LA,211,Tower Hamlets,214,71,71,72,149,56,48,45,23,7,8,8,68,33,16,19,58,16,24,18,c,c,c,c,c,c,c,c,38,9,14,15,15,c,c,6,c,c,c,c,70,79,68,63,11,10,11,11,32,46,23,26,27,23,34,25,c,c,c,c,c,c,c,c,18,13,20,21,7,c,c,8,c,c,c,c,191,66,65,60,0,0,0,0,0,0,0,0,23,c,c,12,89,93,92,83,0,0,0,0,0,0,0,0,11,c,c,17
106,E09000032,LA,212,Wandsworth,177,76,61,40,89,38,c,c,16,c,8,c,38,17,13,8,35,17,12,6,72,30,c,c,c,c,c,7,56,25,21,10,c,c,0,c,16,8,c,c,50,50,54,c,9,c,13,c,21,22,21,20,20,22,20,15,41,39,c,45,c,c,c,18,32,33,34,25,c,c,0,c,9,11,c,c,161,68,57,36,c,c,0,0,0,0,0,0,15,7,c,c,91,89,93,90,c,c,0,0,0,0,0,0,8,9,c,c
107,E09000033,LA,213,Westminster,133,52,39,42,93,39,28,26,9,c,c,c,51,23,17,11,33,14,9,10,c,c,11,c,c,c,c,c,30,9,10,11,c,c,0,c,c,c,0,c,70,75,72,62,7,c,c,c,38,44,44,26,25,27,23,24,c,c,28,c,c,c,c,c,23,17,26,26,c,c,0,c,c,c,0,c,114,46,33,35,c,c,0,0,c,0,c,c,14,c,c,c,86,88,85,83,c,c,0,0,c,0,c,c,11,c,c,c
109,E09000002,LA,301,Barking and Dagenham,200,79,73,48,96,41,37,18,14,c,6,c,47,28,c,c,35,10,17,8,74,c,c,15,c,0,c,c,64,32,20,12,c,c,c,c,30,c,c,15,48,52,51,38,7,c,8,c,24,35,c,c,18,13,23,17,37,c,c,31,c,0,c,c,32,41,27,25,c,c,c,c,15,c,c,31,170,75,62,33,0,0,0,0,0,0,0,0,30,c,c,15,85,95,85,69,0,0,0,0,0,0,0,0,15,c,c,31
110,E09000003,LA,302,Barnet,206,85,62,59,116,60,29,27,17,6,c,c,56,36,12,8,43,18,12,13,59,18,21,20,16,c,c,8,37,16,12,9,6,0,c,c,31,7,12,12,56,71,47,46,8,7,c,c,27,42,19,14,21,21,19,22,29,21,34,34,8,c,c,14,18,19,19,15,3,0,c,c,15,8,19,20,174,77,50,47,0,0,0,0,31,7,12,12,c,c,0,0,84,91,81,80,0,0,0,0,15,8,19,20,c,c,0,0
111,E09000004,LA,303,Bexley,154,60,58,36,84,38,29,17,8,c,c,c,45,27,10,8,31,7,16,8,63,c,c,c,7,c,c,c,49,17,22,10,7,c,c,c,7,c,c,c,55,63,50,47,5,c,c,c,29,45,17,22,20,12,28,22,41,c,c,c,5,c,c,c,32,28,38,28,5,c,c,c,5,c,c,c,137,56,52,29,c,0,c,c,0,0,0,0,14,c,c,c,89,93,90,81,c,0,c,c,0,0,0,0,9,c,c,c
112,E09000005,LA,304,Brent,236,80,84,72,131,48,45,38,20,c,c,9,47,21,19,7,64,22,20,22,77,c,c,19,c,0,c,c,60,25,19,16,c,c,7,c,28,c,c,15,56,60,54,53,8,c,c,13,20,26,23,10,27,28,24,31,33,c,c,26,c,0,c,c,25,31,23,22,c,c,8,c,12,c,c,21,208,77,74,57,c,c,c,0,c,c,c,c,21,c,c,12,88,96,88,79,c,c,c,0,c,c,c,c,9,c,c,17
113,E09000006,LA,305,Bromley,150,56,55,39,67,28,24,15,17,6,c,c,25,13,c,c,25,9,9,7,58,c,21,c,10,c,c,c,36,12,15,9,12,7,c,c,25,c,10,c,45,50,44,38,11,11,c,c,17,23,c,c,17,16,16,18,39,c,38,c,7,c,c,c,24,21,27,23,8,13,c,c,17,c,18,c,125,51,45,29,c,c,c,0,c,0,0,c,19,c,c,9,83,91,82,74,c,c,c,0,c,0,0,c,13,c,c,23
114,E09000008,LA,306,Croydon,709,231,250,228,347,128,110,109,49,12,13,24,155,80,41,34,143,36,56,51,233,74,87,72,15,c,7,c,205,66,76,63,13,c,c,c,129,29,53,47,49,55,44,48,7,5,5,11,22,35,16,15,20,16,22,22,33,32,35,32,2,c,3,c,29,29,30,28,2,c,c,c,18,13,21,21,574,201,195,178,12,c,c,c,8,c,c,c,115,26,48,41,81,87,78,78,2,c,c,c,1,c,c,c,16,11,19,18
115,E09000009,LA,307,Ealing,225,90,78,57,125,58,43,24,18,c,c,8,47,31,c,c,60,24,24,12,70,26,23,21,17,c,7,c,37,14,14,9,16,c,c,7,30,6,12,12,56,64,55,42,8,c,c,14,21,34,c,c,27,27,31,21,31,29,29,37,8,c,9,c,16,16,18,16,7,c,c,12,13,7,15,21,190,82,64,44,18,c,c,8,13,c,c,c,c,c,c,0,84,91,82,77,8,c,c,14,6,c,c,c,c,c,c,0
116,E09000010,LA,308,Enfield,226,62,83,81,107,35,39,33,18,7,c,c,45,18,19,8,44,10,15,19,83,c,c,29,15,c,c,7,58,15,24,19,10,c,c,c,36,c,c,19,47,56,47,41,8,11,c,c,20,29,23,10,19,16,18,23,37,c,c,36,7,c,c,9,26,24,29,23,4,c,c,c,16,c,c,23,180,55,67,58,15,c,8,c,19,c,c,12,12,c,c,c,80,89,81,72,7,c,10,c,8,c,c,15,5,c,c,c
98,E09000014,LA,309,Haringey,241,88,68,85,129,54,34,41,32,7,9,16,43,27,8,8,54,20,17,17,98,c,c,36,8,c,c,c,74,25,24,25,16,c,c,9,14,c,c,8,54,61,50,48,13,8,13,19,18,31,12,9,22,23,25,20,41,c,c,42,3,c,c,c,31,28,35,29,7,c,c,11,6,c,c,9,215,78,64,73,11,c,c,c,c,c,c,c,11,c,c,c,89,89,94,86,5,c,c,c,c,c,c,c,5,c,c,c
118,E09000015,LA,310,Harrow,126,42,45,39,76,25,27,24,10,c,c,c,47,19,17,11,19,c,c,9,33,c,12,c,c,c,c,c,26,10,9,7,c,c,c,c,17,c,6,c,60,60,60,62,8,c,c,c,37,45,38,28,15,c,c,23,26,c,27,c,c,c,c,c,21,24,20,18,c,c,c,c,13,c,13,c,105,37,37,31,0,0,0,0,c,c,0,0,20,c,8,c,83,88,82,79,0,0,0,0,c,c,0,0,16,c,18,c
119,E09000016,LA,311,Havering,128,42,38,48,74,27,25,22,9,c,c,c,43,16,15,12,22,8,7,7,41,c,c,c,7,0,c,c,21,9,c,c,13,c,c,9,13,c,c,c,58,64,66,46,7,c,c,c,34,38,39,25,17,19,18,15,32,c,c,c,5,0,c,c,16,21,c,c,10,c,c,19,10,c,c,c,113,38,33,42,c,c,0,c,c,0,c,c,11,c,c,c,88,90,87,88,c,c,0,c,c,0,c,c,9,c,c,c
120,E09000017,LA,312,Hillingdon,279,93,99,87,153,54,58,41,23,c,c,10,88,40,30,18,42,10,19,13,87,28,29,30,12,c,c,6,62,23,21,18,13,c,c,6,39,11,12,16,55,58,59,47,8,c,c,11,32,43,30,21,15,11,19,15,31,30,29,34,4,c,c,7,22,25,21,21,5,c,c,7,14,12,12,18,231,82,81,68,c,0,0,c,7,c,c,0,40,8,14,18,83,88,82,78,c,0,0,c,3,c,c,0,14,9,14,21
121,E09000018,LA,313,Hounslow,212,68,74,70,117,45,c,c,13,c,c,6,51,24,c,c,53,20,17,16,74,c,c,27,7,c,c,c,60,17,22,21,7,c,c,c,21,c,c,c,55,66,61,c,6,c,c,9,24,35,c,c,25,29,23,23,35,c,c,39,3,c,c,c,28,25,30,30,3,c,c,c,10,c,c,c,189,67,68,54,0,0,0,0,12,c,c,c,11,0,c,c,89,99,92,77,0,0,0,0,6,c,c,c,5,0,c,c
122,E09000021,LA,314,Kingston upon Thames,73,26,21,26,37,18,9,10,7,c,c,c,17,9,c,c,13,c,c,c,24,c,c,10,c,0,c,c,16,c,c,7,c,c,c,0,12,c,c,6,51,69,43,38,10,c,c,c,23,35,c,c,18,c,c,c,33,c,c,38,c,0,c,c,22,c,c,27,c,c,c,0,16,c,c,23,61,24,17,20,0,0,0,0,0,0,0,0,12,c,c,6,84,92,81,77,0,0,0,0,0,0,0,0,16,c,c,23
123,E09000024,LA,315,Merton,129,47,38,44,85,30,24,31,14,c,c,7,45,18,13,14,26,9,7,10,37,c,c,c,c,c,c,0,25,11,c,c,c,c,c,c,7,c,c,c,66,64,63,70,11,c,c,16,35,38,34,32,20,19,18,23,29,c,c,c,c,c,c,0,19,23,c,c,c,c,c,c,5,c,c,c,116,44,32,40,c,c,c,c,8,c,c,c,c,c,c,0,90,94,84,91,c,c,c,c,6,c,c,c,c,c,c,0
103,E09000025,LA,316,Newham,289,97,93,99,138,47,44,47,25,c,c,12,56,30,19,7,57,13,16,28,109,34,39,36,9,c,c,c,81,27,29,25,19,c,c,8,42,16,10,16,48,48,47,47,9,c,c,12,19,31,20,7,20,13,17,28,38,35,42,36,3,c,c,c,28,28,31,25,7,c,c,8,15,16,11,16,219,74,74,71,c,c,0,c,0,0,0,0,68,22,19,27,76,76,80,72,c,c,0,c,0,0,0,0,24,23,20,27
124,E09000026,LA,317,Redbridge,152,49,57,46,78,29,32,17,15,c,6,c,44,20,18,6,19,c,8,c,52,14,19,19,6,c,c,c,36,10,10,16,10,c,c,c,22,6,6,10,51,59,56,37,10,c,11,c,29,41,32,13,13,c,14,c,34,29,33,41,4,c,c,c,24,20,18,35,7,c,c,c,14,12,11,22,130,43,51,36,12,c,c,c,c,c,c,0,c,0,c,c,86,88,89,78,8,c,c,c,c,c,c,0,c,0,c,c
125,E09000027,LA,318,Richmond upon Thames,88,30,37,21,46,21,c,c,c,0,c,c,27,15,c,c,c,c,8,c,c,c,18,13,c,c,c,c,27,c,15,c,c,c,0,c,c,c,0,c,52,70,51,c,c,0,c,c,31,50,c,c,c,c,22,c,c,c,49,62,c,c,c,c,31,c,41,c,c,c,0,c,c,c,0,c,84,28,37,19,0,0,0,0,c,c,0,c,c,c,0,c,95,93,100,90,0,0,0,0,c,c,0,c,c,c,0,c
126,E09000029,LA,319,Sutton,141,46,50,45,81,27,28,26,8,c,c,c,43,16,17,10,30,c,c,15,48,c,c,c,c,c,c,c,34,13,12,9,c,0,c,c,12,c,c,c,57,59,56,58,6,c,c,c,30,35,34,22,21,c,c,33,34,c,c,c,c,c,c,c,24,28,24,20,c,0,c,c,9,c,c,c,125,41,44,40,c,c,c,c,9,c,c,c,c,c,0,0,89,89,88,89,c,c,c,c,6,c,c,c,c,c,0,0
127,E09000031,LA,320,Waltham Forest,171,51,61,59,104,33,36,35,15,c,c,6,40,15,15,10,49,14,16,19,44,12,17,15,7,0,c,c,27,11,7,9,10,c,c,c,23,6,8,9,61,65,59,59,9,c,c,10,23,29,25,17,29,27,26,32,26,24,28,25,4,0,c,c,16,22,11,15,6,c,c,c,13,12,13,15,147,45,53,49,12,c,c,c,7,0,c,c,c,c,c,0,86,88,87,83,7,c,c,c,4,0,c,c,c,c,c,0
66,E08000025,LA,330,Birmingham,721,254,225,242,427,170,121,136,85,31,24,30,155,86,42,27,187,53,55,79,237,68,88,81,30,c,c,14,147,45,54,48,60,18,23,19,57,16,16,25,59,67,54,56,12,12,11,12,21,34,19,11,26,21,24,33,33,27,39,33,4,c,c,6,20,18,24,20,8,7,10,8,8,6,7,10,664,238,209,217,15,c,c,c,22,9,6,7,20,6,6,8,92,94,93,90,2,c,c,c,3,4,3,3,3,2,3,3
67,E08000026,LA,331,Coventry,237,89,76,72,101,c,c,c,14,c,c,c,29,17,c,c,58,21,20,17,126,43,43,40,17,c,8,c,91,33,30,28,18,7,c,c,10,c,c,c,43,c,c,c,6,c,c,c,12,19,c,c,24,24,26,24,53,48,57,56,7,c,11,c,38,37,39,39,8,8,c,c,4,c,c,c,226,86,75,65,c,c,0,c,c,c,c,c,6,c,0,c,95,97,99,90,c,c,0,c,c,c,c,c,3,c,0,c
68,E08000027,LA,332,Dudley,211,77,61,73,105,42,33,30,7,c,c,c,42,23,c,c,56,18,15,23,86,c,c,31,15,c,c,9,56,24,17,15,15,c,c,7,20,c,c,12,50,55,54,41,3,c,c,c,20,30,c,c,27,23,25,32,41,c,c,42,7,c,c,12,27,31,28,21,7,c,c,10,9,c,c,16,191,72,58,61,11,c,c,c,0,0,0,0,9,c,c,c,91,94,95,84,5,c,c,c,0,0,0,0,4,c,c,c
70,E08000028,LA,333,Sandwell,171,59,58,54,79,31,c,c,12,c,6,c,36,22,c,c,31,7,10,14,86,c,29,30,16,c,c,7,57,21,19,17,13,c,c,6,6,c,c,c,46,53,c,c,7,c,10,c,21,37,c,c,18,12,17,26,50,c,50,56,9,c,c,13,33,36,33,31,8,c,c,11,4,c,c,c,155,55,52,48,0,0,0,0,0,0,0,0,16,c,6,c,91,93,90,89,0,0,0,0,0,0,0,0,9,c,10,c
72,E08000029,LA,334,Solihull,147,49,51,47,79,24,29,26,9,c,c,c,35,14,11,10,35,8,17,10,54,c,c,15,c,c,c,c,38,19,11,8,c,c,c,c,14,c,c,6,54,49,57,55,6,c,c,c,24,29,22,21,24,16,33,21,37,c,c,32,c,c,c,c,26,39,22,17,c,c,c,c,10,c,c,13,133,46,46,41,0,0,0,0,0,0,0,0,14,c,c,6,90,94,90,87,0,0,0,0,0,0,0,0,10,c,c,13
76,E08000030,LA,335,Walsall,144,55,45,44,91,36,28,27,15,6,c,c,21,10,c,c,55,20,15,20,c,c,c,c,14,c,7,c,27,11,7,9,c,6,c,0,c,c,c,c,63,65,62,61,10,11,c,c,15,18,c,c,38,36,33,45,c,c,c,c,10,c,16,c,19,20,16,20,c,11,c,0,c,c,c,c,139,54,43,42,c,c,0,0,0,0,0,0,c,0,c,c,97,98,96,95,c,c,0,0,0,0,0,0,c,0,c,c
78,E08000031,LA,336,Wolverhampton,190,58,64,68,115,36,37,42,18,c,10,c,39,18,12,9,58,14,15,29,65,c,c,c,18,c,8,c,47,12,15,20,0,0,0,0,10,c,c,c,61,62,58,62,9,c,16,c,21,31,19,13,31,24,23,43,34,c,c,c,9,c,13,c,25,21,23,29,0,0,0,0,5,c,c,c,180,53,60,67,0,0,0,0,0,0,0,0,10,c,c,c,95,91,94,99,0,0,0,0,0,0,0,0,5,c,c,c
24,E08000011,LA,340,Knowsley,87,26,29,32,33,c,13,c,c,c,c,c,c,c,c,c,18,c,8,c,32,13,c,9,7,c,c,c,18,9,c,c,7,c,c,c,22,c,c,11,38,c,45,38,c,c,c,c,c,c,c,c,21,c,28,c,37,50,c,28,8,c,c,c,21,35,c,c,8,c,c,c,25,c,c,34,65,21,23,21,c,0,0,c,21,c,c,10,0,0,0,0,75,81,79,66,c,0,0,c,24,c,c,31,0,0,0,0
26,E08000012,LA,341,Liverpool,315,111,100,104,154,62,c,46,22,c,c,9,62,31,18,13,70,22,24,24,147,c,51,c,36,14,11,11,91,29,31,31,20,c,c,9,14,c,c,7,49,56,c,44,7,c,c,9,20,28,18,13,22,20,24,23,47,c,51,49,11,13,11,11,29,26,31,30,6,c,c,9,4,c,c,7,275,105,88,82,c,c,c,c,0,0,0,0,35,c,c,20,87,95,88,79,c,c,c,c,0,0,0,0,11,c,c,19
32,E08000013,LA,342,St. Helens,96,42,32,22,46,22,c,c,c,c,c,0,c,c,c,c,30,11,11,8,44,c,16,c,9,c,c,c,23,11,c,c,12,c,6,c,6,c,c,c,48,52,c,c,c,c,c,0,c,c,c,c,31,26,34,36,46,c,50,50,9,c,c,c,24,26,c,c,13,c,19,c,6,c,c,c,87,38,29,20,6,c,c,c,0,0,0,0,c,c,c,c,91,90,91,91,6,c,c,c,0,0,0,0,c,c,c,c
31,E08000014,LA,343,Sefton,139,54,51,34,c,23,22,c,c,0,c,c,c,c,9,7,34,16,11,7,76,31,29,16,22,10,c,c,35,17,c,c,19,c,9,c,c,0,0,c,c,43,43,c,c,0,c,c,c,c,18,21,24,30,22,21,55,57,57,47,16,19,c,c,25,31,c,c,14,c,18,c,c,0,0,c,136,54,51,31,c,0,0,c,0,0,0,0,c,0,0,c,98,100,100,91,c,0,0,c,0,0,0,0,c,0,0,c
38,E08000015,LA,344,Wirral,188,67,60,61,100,37,31,32,8,c,c,c,22,c,c,c,70,17,26,27,c,30,c,29,33,8,10,15,36,15,12,9,c,7,6,c,c,0,c,0,53,55,52,52,4,c,c,c,12,c,c,c,37,25,43,44,c,45,c,48,18,12,17,25,19,22,20,15,c,10,10,c,c,0,c,0,179,66,56,57,8,c,c,c,0,0,0,0,c,0,c,0,95,99,93,93,4,c,c,c,0,0,0,0,c,0,c,0
18,E08000001,LA,350,Bolton,131,50,43,38,c,c,22,c,c,0,c,c,21,11,c,c,34,13,9,12,64,24,21,19,29,9,7,13,27,15,c,c,8,0,c,c,c,c,0,c,c,c,51,c,c,0,c,c,16,22,c,c,26,26,21,32,49,48,49,50,22,18,16,34,21,30,c,c,6,0,c,c,c,c,0,c,125,47,43,35,0,0,0,0,0,0,0,0,6,c,0,c,95,94,100,92,0,0,0,0,0,0,0,0,5,c,0,c
19,E08000002,LA,351,Bury,108,42,35,31,c,21,16,c,c,c,c,c,20,12,c,c,21,c,c,9,58,c,19,19,14,c,c,6,38,16,13,9,6,c,0,c,c,c,0,0,c,50,46,c,c,c,c,c,19,29,c,c,19,c,c,29,54,c,54,61,13,c,c,19,35,38,37,29,6,c,0,c,c,c,0,0,105,41,34,30,0,0,0,0,0,0,0,0,c,c,c,c,97,98,97,97,0,0,0,0,0,0,0,0,c,c,c,c
27,E08000003,LA,352,Manchester,484,167,162,155,228,90,68,70,25,7,6,12,109,53,36,20,94,30,26,38,184,63,72,49,59,23,24,12,106,36,39,31,19,c,9,c,72,14,22,36,47,54,42,45,5,4,4,8,23,32,22,13,19,18,16,25,38,38,44,32,12,14,15,8,22,22,24,20,4,c,6,c,15,8,14,23,411,153,139,119,0,0,0,0,c,0,c,c,71,14,22,35,85,92,86,77,0,0,0,0,c,0,c,c,15,8,14,23
28,E08000004,LA,353,Oldham,102,39,35,28,52,c,19,c,10,c,c,c,24,9,8,7,18,c,8,c,c,20,c,c,c,c,c,c,34,15,11,8,0,0,0,0,c,c,c,c,51,c,54,54,10,c,c,c,24,23,23,25,18,c,23,c,c,51,c,c,c,c,c,c,33,38,31,29,0,0,0,0,c,c,c,c,97,38,33,26,0,0,0,0,0,0,0,0,c,c,c,c,95,97,94,93,0,0,0,0,0,0,0,0,c,c,c,c
29,E08000005,LA,354,Rochdale,132,40,39,53,72,26,19,27,7,c,c,c,19,11,c,c,46,14,10,22,c,c,20,c,14,c,c,7,34,10,11,13,c,c,c,c,c,0,0,c,55,65,49,51,5,c,c,c,14,28,c,c,35,35,26,42,c,c,51,c,11,c,c,13,26,25,28,25,c,c,c,c,c,0,0,c,121,38,38,45,c,c,0,c,0,0,0,0,9,c,c,c,92,95,97,85,c,c,0,c,0,0,0,0,7,c,c,c
30,E08000006,LA,355,Salford,177,57,63,57,125,44,43,38,21,c,12,c,30,16,6,8,74,26,25,23,c,c,c,19,17,c,c,9,22,c,11,c,c,c,c,6,c,0,c,0,71,77,68,67,12,c,19,c,17,28,10,14,42,46,40,40,c,c,c,33,10,c,c,16,12,c,17,c,c,c,c,11,c,0,c,0,176,57,62,57,0,0,0,0,0,0,0,0,c,0,c,0,99,100,98,100,0,0,0,0,0,0,0,0,c,0,c,0
33,E08000007,LA,356,Stockport,115,44,28,43,64,28,15,21,c,0,0,c,c,13,c,c,40,15,12,13,c,c,c,22,14,c,c,6,30,11,6,13,c,c,c,c,c,c,0,0,56,64,54,49,c,0,0,c,c,30,c,c,35,34,43,30,c,c,c,51,12,c,c,14,26,25,21,30,c,c,c,c,c,c,0,0,114,43,28,43,0,0,0,0,c,c,0,0,0,0,0,0,99,98,100,100,0,0,0,0,c,c,0,0,0,0,0,0
34,E08000008,LA,357,Tameside,147,57,53,37,61,31,c,c,7,c,c,c,13,c,c,c,41,17,14,10,73,c,30,c,26,c,12,c,38,18,12,8,9,c,6,c,13,c,6,c,41,54,32,c,5,c,c,c,9,c,c,c,28,30,26,27,50,c,57,51,18,c,23,c,26,32,23,22,6,c,11,c,9,c,11,c,134,55,47,32,c,c,0,0,6,0,c,c,6,c,c,c,91,96,89,86,c,c,0,0,4,0,c,c,4,c,c,c
35,E08000009,LA,358,Trafford,116,45,33,38,61,26,19,16,9,c,c,c,14,c,c,c,38,15,12,11,41,c,14,c,c,c,c,c,26,11,7,8,c,c,c,c,14,c,0,c,53,58,58,42,8,c,c,c,12,c,c,c,33,33,36,29,35,c,42,c,c,c,c,c,22,24,21,21,c,c,c,c,12,c,0,c,101,40,32,29,0,0,0,0,0,0,0,0,15,c,c,9,87,89,97,76,0,0,0,0,0,0,0,0,13,c,c,24
37,E08000010,LA,359,Wigan,113,30,48,35,56,c,27,c,10,c,c,c,10,c,c,c,36,7,18,11,c,c,c,17,13,c,c,c,35,11,16,8,c,c,c,c,c,0,c,c,50,43,56,c,9,c,c,c,9,c,c,c,32,23,38,31,c,c,c,49,12,c,c,c,31,37,33,23,c,c,c,c,c,0,c,c,110,30,47,33,c,0,c,0,0,0,0,0,c,0,0,c,97,100,98,94,c,0,c,0,0,0,0,0,c,0,0,c
40,E08000016,LA,370,Barnsley,64,23,23,18,40,12,c,c,c,c,0,c,c,7,c,c,23,c,12,c,24,11,c,c,c,c,c,0,12,7,c,c,c,c,c,c,0,0,0,0,63,52,c,c,c,c,0,c,c,30,c,c,36,c,52,c,38,48,c,c,c,c,c,0,19,30,c,c,c,c,c,c,0,0,0,0,64,23,23,18,0,0,0,0,0,0,0,0,0,0,0,0,100,100,100,100,0,0,0,0,0,0,0,0,0,0,0,0
43,E08000017,LA,371,Doncaster,169,61,61,47,c,31,31,c,c,c,c,c,c,9,c,c,60,21,22,17,85,c,30,c,20,c,10,c,45,15,14,16,20,9,c,c,c,c,0,0,c,51,51,c,c,c,c,c,c,15,c,c,36,34,36,36,50,c,49,55,12,c,16,c,27,25,23,34,12,15,c,c,c,c,0,0,168,60,61,47,0,0,0,0,c,c,0,0,0,0,0,0,99,98,100,100,0,0,0,0,c,c,0,0,0,0,0,0
51,E08000018,LA,372,Rotherham,145,49,55,41,c,24,28,c,c,c,c,c,27,c,13,c,36,11,13,12,70,c,c,21,20,c,10,c,36,13,11,12,14,c,c,c,c,c,c,c,c,49,51,c,c,c,c,c,19,c,24,c,25,22,24,29,48,c,c,51,14,c,18,c,25,27,20,29,10,c,c,c,c,c,c,c,135,46,52,37,c,0,c,0,c,0,0,c,7,c,c,c,93,94,95,90,c,0,c,0,c,0,0,c,5,c,c,c
52,E08000019,LA,373,Sheffield,241,94,73,74,97,c,c,23,c,c,c,c,c,21,c,c,56,20,17,19,119,44,37,38,36,15,9,12,64,25,23,16,19,c,c,10,25,c,c,13,40,c,c,31,c,c,c,c,c,22,c,c,23,21,23,26,49,47,51,51,15,16,12,16,27,27,32,22,8,c,c,14,10,c,c,18,216,86,69,61,0,0,0,0,0,0,0,0,25,c,c,13,90,91,95,82,0,0,0,0,0,0,0,0,10,c,c,18
41,E08000032,LA,380,Bradford,238,95,67,76,122,56,33,33,16,0,8,8,33,16,11,6,73,40,14,19,93,32,25,36,c,c,10,c,68,27,14,27,c,0,c,c,23,7,9,7,51,59,49,43,7,0,12,11,14,17,16,8,31,42,21,25,39,34,37,47,c,c,15,c,29,28,21,36,c,0,c,c,10,7,13,9,215,88,58,69,c,c,c,0,9,c,c,c,12,c,c,c,90,93,87,91,c,c,c,0,4,c,c,c,5,c,c,c
42,E08000033,LA,381,Calderdale,81,28,31,22,46,15,16,15,11,c,c,c,17,8,c,c,18,c,8,c,c,c,c,c,12,6,c,c,12,c,7,c,c,c,c,c,c,c,c,0,57,54,52,68,14,c,c,c,21,29,c,c,22,c,26,c,c,c,c,c,15,21,c,c,15,c,23,c,c,c,c,c,c,c,c,0,71,25,28,18,c,0,c,c,c,c,c,0,c,c,c,c,88,89,90,82,c,0,c,c,c,c,c,0,c,c,c,c
46,E08000034,LA,382,Kirklees,205,68,74,63,c,37,c,c,c,c,c,c,44,23,14,7,39,13,12,14,111,c,43,c,29,c,15,c,65,22,24,19,17,c,c,7,c,c,c,c,c,54,c,c,c,c,c,c,21,34,19,11,19,19,16,22,54,c,58,60,14,c,20,c,32,32,32,30,8,c,c,11,c,c,c,c,201,67,73,61,c,c,c,c,c,0,0,c,0,0,0,0,98,99,99,97,c,c,c,c,c,0,0,c,0,0,0,0
47,E08000035,LA,383,Leeds,380,151,123,106,195,85,63,47,25,c,c,12,68,36,17,15,102,44,38,20,160,58,51,51,33,7,12,14,99,45,33,21,28,6,6,16,25,8,9,8,51,56,51,44,7,c,c,11,18,24,14,14,27,29,31,19,42,38,41,48,9,5,10,13,26,30,27,20,7,4,5,15,7,5,7,8,355,143,114,98,c,0,c,0,c,0,c,0,22,8,6,8,93,95,93,92,c,0,c,0,c,0,c,0,6,5,5,8
53,E08000036,LA,384,Wakefield,164,63,53,48,79,33,23,23,9,c,c,c,34,22,c,c,36,10,10,16,64,20,c,c,14,c,7,c,36,15,11,10,14,c,c,7,21,10,c,c,48,52,43,48,5,c,c,c,21,35,c,c,22,16,19,33,39,32,c,c,9,c,13,c,22,24,21,21,9,c,c,15,13,16,c,c,143,53,45,45,c,c,c,0,c,c,0,0,16,7,c,c,87,84,85,94,c,c,c,0,c,c,0,0,10,11,c,c
5,E08000037,LA,390,Gateshead,131,49,43,39,62,28,c,c,13,6,c,c,17,c,8,c,32,16,7,9,55,c,21,c,9,c,c,c,34,10,16,8,12,c,c,c,14,c,c,6,47,57,c,44,10,12,c,c,13,c,19,c,24,33,16,23,42,c,49,41,7,c,c,c,26,20,37,21,9,c,c,c,11,c,c,15,117,46,38,33,0,0,0,0,0,0,0,0,14,c,c,6,89,94,88,85,0,0,0,0,0,0,0,0,11,c,c,15
8,E08000021,LA,391,Newcastle upon Tyne,196,53,61,82,81,28,18,c,12,c,c,c,19,8,c,6,50,15,9,26,103,c,c,43,29,c,c,17,58,17,22,19,16,c,c,7,12,c,6,c,41,53,30,c,6,c,c,c,10,15,c,7,26,28,15,32,53,c,61,52,15,c,c,21,30,32,36,23,8,c,c,9,6,c,10,c,184,51,55,78,c,c,c,0,c,0,c,c,7,c,c,c,94,96,90,95,c,c,c,0,c,0,c,c,4,c,c,c
9,E08000022,LA,392,North Tyneside,113,35,39,39,58,c,c,23,7,c,c,c,11,c,c,c,40,13,9,18,49,16,20,c,10,c,c,c,33,11,15,7,6,c,c,c,6,0,c,c,51,54,c,59,6,c,c,c,10,c,c,c,35,37,23,46,43,46,51,c,9,c,c,c,29,31,38,18,5,c,c,c,5,0,c,c,107,35,36,36,0,0,0,0,6,0,c,c,0,0,0,0,95,100,92,92,0,0,0,0,5,0,c,c,0,0,0,0
12,E08000023,LA,393,South Tyneside,86,30,25,31,49,19,13,17,c,c,0,c,c,6,c,c,34,12,10,12,37,11,12,14,18,c,7,c,10,c,c,c,9,c,c,c,0,0,0,0,57,63,52,55,c,c,0,c,c,20,c,c,40,40,40,39,43,37,48,45,21,c,28,c,12,c,c,c,10,c,c,c,0,0,0,0,86,30,25,31,0,0,0,0,0,0,0,0,0,0,0,0,100,100,100,100,0,0,0,0,0,0,0,0,0,0,0,0
14,E08000024,LA,394,Sunderland,163,50,61,52,71,29,c,c,13,c,c,c,10,c,c,c,48,20,14,14,82,c,37,c,16,c,c,9,44,c,27,c,22,c,c,12,10,c,c,c,44,58,c,c,8,c,c,c,6,c,c,c,29,40,23,27,50,c,61,50,10,c,c,17,27,c,44,c,13,c,c,23,6,c,c,c,153,48,58,47,0,0,0,0,0,0,0,0,10,c,c,c,94,96,95,90,0,0,0,0,0,0,0,0,6,c,c,c
156,E06000053,LA,420,Isles of Scilly,0,0,0,0,0,0,0,0,0,0,0,0,0,0,0,0,0,0,0,0,0,0,0,0,0,0,0,0,0,0,0,0,0,0,0,0,0,0,0,0,0,0,0,0,0,0,0,0,0,0,0,0,0,0,0,0,0,0,0,0,0,0,0,0,0,0,0,0,0,0,0,0,0,.,.,.,0,0,0,0,0,0,0,0,0,0,0,0,0,0,0,0,0,0,0,0,0,0,0,0,0,0,0,0,0,0,0,0
149,E06000022,LA,800,Bath and North East Somerset,77,26,28,23,54,19,c,c,c,c,0,c,27,12,7,8,c,c,10,c,c,c,c,c,c,c,c,0,15,c,7,c,c,0,0,c,c,c,c,0,70,73,61,c,c,c,0,c,35,46,25,35,c,c,36,c,c,c,c,c,c,c,c,0,19,c,25,c,c,0,0,c,c,c,c,0,68,24,26,18,0,0,0,0,c,0,0,c,8,c,c,c,88,92,93,78,0,0,0,0,c,0,0,c,10,c,c,c
151,E06000023,LA,801,"Bristol, City of",324,128,87,109,202,86,53,63,18,c,c,10,78,49,19,10,106,35,28,43,115,c,c,c,32,6,9,17,50,23,11,16,33,11,11,11,7,c,c,c,62,67,61,58,6,c,c,9,24,38,22,9,33,27,32,39,35,c,c,c,10,5,10,16,15,18,13,15,10,9,13,10,2,c,c,c,316,125,84,107,0,0,0,0,c,0,c,c,c,c,c,0,98,98,97,98,0,0,0,0,c,0,c,c,c,c,c,0
157,E06000024,LA,802,North Somerset,103,34,35,34,50,c,18,20,c,c,c,c,c,8,c,c,28,c,c,16,47,17,c,14,11,c,c,7,24,13,c,c,12,c,7,c,6,c,c,0,49,c,51,59,c,c,c,c,c,24,c,c,27,c,c,47,46,50,c,41,11,c,c,21,23,38,c,c,12,c,20,c,6,c,c,0,95,29,34,32,c,0,0,c,0,0,0,0,6,c,c,0,92,85,97,94,c,0,0,c,0,0,0,0,6,c,c,0
161,E06000025,LA,803,South Gloucestershire,110,31,34,45,66,23,22,c,c,0,0,c,c,7,c,c,47,16,16,15,38,c,c,21,13,c,c,9,19,c,c,8,6,0,c,c,6,c,c,c,60,74,65,c,c,0,0,c,c,23,c,c,43,52,47,33,35,c,c,47,12,c,c,20,17,c,c,18,5,0,c,c,5,c,c,c,104,30,32,42,0,0,0,0,c,c,c,c,c,0,c,c,95,97,94,93,0,0,0,0,c,c,c,c,c,0,c,c
6,E06000001,LA,805,Hartlepool,73,32,18,23,39,20,c,c,c,0,c,c,c,8,c,c,21,12,c,c,c,c,10,c,c,c,c,c,17,8,c,c,c,0,c,c,c,c,c,c,53,63,c,57,c,0,c,c,c,25,c,c,29,38,c,c,c,c,56,c,c,c,c,c,23,25,c,c,c,0,c,c,c,c,c,c,66,30,16,20,c,0,c,0,c,c,c,c,c,0,0,c,90,94,89,87,c,0,c,0,c,c,c,c,c,0,0,c
7,E06000002,LA,806,Middlesbrough,121,44,43,34,c,28,c,c,c,c,c,c,16,8,c,c,35,17,13,c,58,c,24,20,13,c,c,6,28,8,12,8,17,c,8,c,c,c,c,c,c,64,c,c,c,c,c,c,13,18,c,c,29,39,30,c,48,c,56,59,11,c,c,18,23,18,28,24,14,c,19,c,c,c,c,c,114,41,42,31,c,0,c,c,c,0,0,c,c,c,0,0,94,93,98,91,c,0,c,c,c,0,0,c,c,c,0,0
11,E06000003,LA,807,Redcar and Cleveland,56,23,19,14,30,14,c,c,c,c,c,0,c,c,c,c,19,8,c,c,c,9,c,8,c,c,c,c,10,c,c,c,7,c,c,c,c,0,c,c,54,61,c,c,c,c,c,0,c,c,c,c,34,35,c,c,c,39,c,57,c,c,c,c,18,c,c,c,13,c,c,c,c,0,c,c,54,23,18,13,0,0,0,0,0,0,0,0,c,0,c,c,96,100,95,93,0,0,0,0,0,0,0,0,c,0,c,c
13,E06000004,LA,808,Stockton-on-Tees,124,39,39,46,62,c,22,c,14,c,c,c,20,10,c,c,28,9,11,8,c,19,c,24,c,c,c,10,31,15,9,7,15,c,c,7,c,0,0,c,50,51,56,c,11,c,c,c,16,26,c,c,23,23,28,17,c,49,c,52,c,c,c,22,25,38,23,15,12,c,c,15,c,0,0,c,119,39,37,43,0,0,0,0,0,0,0,0,c,0,c,c,96,100,95,93,0,0,0,0,0,0,0,0,c,0,c,c
45,E06000010,LA,810,"Kingston Upon Hull, City of",192,62,68,62,96,42,33,21,13,6,c,c,36,22,c,c,47,14,18,15,77,c,c,31,24,c,11,c,41,10,16,15,12,c,c,7,19,c,c,10,50,68,49,34,7,10,c,c,19,35,c,c,24,23,26,24,40,c,c,50,13,c,16,c,21,16,24,24,6,c,c,11,10,c,c,16,171,58,62,51,c,0,c,c,10,c,c,c,7,c,c,c,89,94,91,82,c,0,c,c,5,c,c,c,4,c,c,c
44,E06000011,LA,811,East Riding of Yorkshire,108,40,38,30,72,26,27,19,11,c,c,c,16,8,c,c,45,13,18,14,36,14,11,11,13,c,c,6,15,8,c,c,8,c,c,c,0,0,0,0,67,65,71,63,10,c,c,c,15,20,c,c,42,33,47,47,33,35,29,37,12,c,c,20,14,20,c,c,7,c,c,c,0,0,0,0,108,40,38,30,0,0,0,0,0,0,0,0,0,0,0,0,100,100,100,100,0,0,0,0,0,0,0,0,0,0,0,0
48,E06000012,LA,812,North East Lincolnshire,75,26,29,20,32,13,c,c,c,0,0,c,15,8,7,0,c,c,c,6,33,c,12,c,11,c,c,c,14,c,6,c,8,c,c,c,10,c,c,c,43,50,c,c,c,0,0,c,20,31,24,0,c,c,c,30,44,c,41,45,15,c,c,c,19,c,21,c,11,c,c,c,13,c,c,c,65,25,22,18,0,0,0,0,0,0,0,0,10,c,c,c,87,96,76,90,0,0,0,0,0,0,0,0,13,c,c,c
49,E06000013,LA,813,North Lincolnshire,64,21,20,23,35,14,c,c,c,c,c,c,c,c,c,c,21,6,6,9,21,c,9,c,7,c,c,c,7,c,c,c,7,c,c,c,8,c,c,c,55,67,c,52,c,c,c,c,c,c,c,c,33,29,30,39,33,c,45,c,11,c,c,c,11,c,c,c,11,c,c,c,13,c,c,c,56,20,18,18,0,0,0,0,8,c,c,c,0,0,0,0,88,95,90,78,0,0,0,0,13,c,c,c,0,0,0,0
50,E10000023,LA,815,North Yorkshire,187,64,63,60,121,52,37,32,12,c,c,c,43,25,10,8,66,22,25,19,57,c,c,c,23,c,c,12,28,c,14,c,6,c,c,c,9,c,c,c,65,81,59,53,6,c,c,c,23,39,16,13,35,34,40,32,30,c,c,c,12,c,c,20,15,c,22,c,3,c,c,c,5,c,c,c,176,58,61,57,c,c,c,c,8,c,c,c,0,0,0,0,94,91,97,95,c,c,c,c,4,c,c,c,0,0,0,0
54,E06000014,LA,816,York,78,30,20,28,44,16,14,14,6,0,c,c,10,c,c,c,28,11,9,8,22,c,c,c,c,c,c,c,c,c,0,c,10,c,c,c,12,c,c,c,56,53,70,50,8,0,c,c,13,c,c,c,36,37,45,29,28,c,c,c,c,c,c,c,c,c,0,c,13,c,c,c,15,c,c,c,66,25,19,22,0,0,0,0,7,c,c,c,c,c,0,c,85,83,95,79,0,0,0,0,9,c,c,c,c,c,0,c
86,E06000032,LA,821,Luton,194,80,65,49,87,42,30,15,9,c,c,c,38,26,c,c,40,15,16,9,54,24,16,14,14,c,c,6,32,16,c,c,8,c,c,c,53,14,19,20,45,53,46,31,5,c,c,c,20,33,c,c,21,19,25,18,28,30,25,29,7,c,c,12,16,20,c,c,4,c,c,c,27,18,29,41,141,66,46,29,8,c,c,c,c,c,0,c,42,11,18,13,73,83,71,59,4,c,c,c,c,c,0,c,22,14,28,27
81,E06000055,LA,822,Bedford Borough,114,46,36,32,64,28,21,15,c,c,c,c,31,16,c,c,c,11,10,c,c,c,c,16,9,c,c,c,32,9,13,10,c,c,c,c,c,c,0,c,56,61,58,47,c,c,c,c,27,35,c,c,c,24,28,c,c,c,c,50,8,c,c,c,28,20,36,31,c,c,c,c,c,c,0,c,102,43,32,27,c,c,0,0,0,0,0,0,11,c,c,c,89,93,89,84,c,c,0,0,0,0,0,0,10,c,c,c
82,E06000056,LA,823,Central Bedfordshire,127,48,39,40,78,28,23,27,c,c,c,c,40,20,13,7,c,c,9,17,38,c,c,c,9,c,c,c,20,8,c,c,9,c,c,c,11,c,c,c,61,58,59,68,c,c,c,c,31,42,33,18,c,c,23,43,30,c,c,c,7,c,c,c,16,17,c,c,7,c,c,c,9,c,c,c,108,43,30,35,c,0,c,c,c,0,0,c,14,c,6,c,85,90,77,88,c,0,c,c,c,0,0,c,11,c,15,c
131,E10000002,LA,825,Buckinghamshire,186,56,66,64,104,33,38,33,14,c,c,c,26,7,12,7,64,21,21,22,74,23,c,c,17,c,c,7,39,17,11,11,18,c,8,c,8,0,c,c,56,59,58,52,8,c,c,c,14,13,18,11,34,38,32,34,40,41,c,c,9,c,c,11,21,30,17,17,10,c,12,c,4,0,c,c,173,55,62,56,c,0,0,c,0,0,0,0,10,c,c,c,93,98,94,88,c,0,0,c,0,0,0,0,5,c,c,c
137,E06000042,LA,826,Milton Keynes,167,58,51,58,67,c,c,c,8,c,c,0,29,13,8,8,30,10,9,11,85,29,26,30,28,7,8,13,41,14,15,12,16,8,c,c,15,c,c,9,40,c,c,c,5,c,c,0,17,22,16,14,18,17,18,19,51,50,51,52,17,12,16,22,25,24,29,21,10,14,c,c,9,c,c,16,152,56,47,49,0,0,0,0,0,0,0,0,15,c,c,9,91,97,92,84,0,0,0,0,0,0,0,0,9,c,c,16
57,E10000007,LA,830,Derbyshire,261,86,91,84,c,50,39,c,c,c,c,c,30,17,c,c,78,28,26,24,139,36,52,51,45,8,15,22,76,24,27,25,18,c,10,c,c,0,0,c,c,58,43,c,c,c,c,c,11,20,c,c,30,33,29,29,53,42,57,61,17,9,16,26,29,28,30,30,7,c,11,c,c,0,0,c,249,84,88,77,0,0,0,0,0,0,0,0,12,c,c,c,95,98,97,92,0,0,0,0,0,0,0,0,5,c,c,c
56,E06000015,LA,831,Derby,167,68,57,42,78,c,31,c,10,c,c,c,23,10,c,c,45,18,17,10,82,36,c,c,25,11,10,c,50,22,13,15,7,c,c,c,7,c,c,c,47,c,54,c,6,c,c,c,14,15,c,c,27,26,30,24,49,53,c,52,15,16,18,c,30,32,23,36,4,c,c,c,4,c,c,c,160,67,55,38,0,0,0,0,0,0,0,0,7,c,c,c,96,99,96,90,0,0,0,0,0,0,0,0,4,c,c,c
154,E10000009,LA,835,Dorset,205,73,65,67,97,40,c,c,12,c,6,c,34,21,6,7,51,14,20,17,82,c,21,31,30,7,8,15,32,19,6,7,20,c,c,9,26,c,12,c,47,55,49,c,6,c,9,c,17,29,9,10,25,19,31,25,40,c,32,46,15,10,12,22,16,26,9,10,10,c,c,13,13,c,18,c,179,70,53,56,7,0,c,c,c,c,c,c,16,c,8,c,87,96,82,84,3,0,c,c,c,c,c,c,8,c,12,c
159,E06000029,LA,836,Poole,65,26,22,17,34,13,13,8,c,0,c,c,c,c,c,c,20,c,10,c,c,c,c,9,10,c,c,c,11,c,c,c,c,c,c,c,c,c,0,0,52,50,59,47,c,0,c,c,c,c,c,c,31,c,45,c,c,c,c,53,15,c,c,c,17,c,c,c,c,c,c,c,c,c,0,0,62,23,22,17,c,c,0,0,0,0,0,0,c,c,0,0,95,88,100,100,c,c,0,0,0,0,0,0,c,c,0,0
150,E06000028,LA,837,Bournemouth,91,34,23,34,39,16,10,c,c,0,c,c,c,c,0,c,26,9,9,8,38,c,c,16,c,c,c,c,20,c,c,9,c,0,c,c,14,c,c,c,43,47,43,c,c,0,c,c,c,c,0,c,29,26,39,24,42,c,c,47,c,c,c,c,22,c,c,26,c,0,c,c,15,c,c,c,73,29,17,27,0,0,0,0,c,0,c,c,15,c,c,c,80,85,74,79,0,0,0,0,c,0,c,c,16,c,c,c
4,E06000047,LA,840,Durham,156,50,55,51,80,33,c,c,11,c,c,c,30,13,11,6,39,13,14,12,60,c,c,25,28,7,10,11,20,9,c,c,12,0,c,c,16,c,9,c,51,66,49,c,7,c,c,c,19,26,20,12,25,26,25,24,38,c,35,49,18,14,18,22,13,18,c,c,8,0,c,c,10,c,16,c,134,48,44,42,c,0,c,c,19,c,9,c,c,0,c,0,86,96,80,82,c,0,c,c,12,c,16,c,c,0,c,0
3,E06000005,LA,841,Darlington,69,19,24,26,49,c,17,c,c,c,c,c,c,c,0,0,42,11,15,16,c,c,c,9,9,c,c,c,c,c,c,c,c,c,c,c,c,0,c,0,71,c,71,65,c,c,c,c,c,c,0,0,61,58,63,62,c,c,c,35,13,c,c,c,c,c,c,c,c,c,c,c,c,0,c,0,68,19,23,26,0,0,0,0,0,0,0,0,c,0,c,0,99,100,96,100,0,0,0,0,0,0,0,0,c,0,c,0
132,E10000011,LA,845,East Sussex,167,56,57,54,87,33,27,27,8,c,c,c,40,17,13,10,39,13,11,15,55,c,17,c,c,c,0,c,42,15,14,13,c,c,c,c,25,c,13,c,52,59,47,50,5,c,c,c,24,30,23,19,23,23,19,28,33,c,30,c,c,c,0,c,25,27,25,24,c,c,c,c,15,c,23,c,139,52,43,44,7,0,c,c,0,0,0,0,21,c,12,c,83,93,75,81,4,0,c,c,0,0,0,0,13,c,21,c
130,E06000043,LA,846,Brighton and Hove,219,77,75,67,152,56,51,45,14,c,c,8,73,35,24,14,65,19,23,23,59,c,c,c,10,c,c,c,28,9,11,8,21,6,7,8,8,c,c,c,69,73,68,67,6,c,c,12,33,45,32,21,30,25,31,34,27,c,c,c,5,c,c,c,13,12,15,12,10,8,9,12,4,c,c,c,211,74,73,64,c,c,0,0,0,0,0,0,7,c,c,c,96,96,97,96,c,c,0,0,0,0,0,0,3,c,c,c
133,E10000014,LA,850,Hampshire,514,171,176,167,231,90,71,70,15,c,c,8,115,59,29,27,101,29,37,35,144,34,55,55,45,10,16,19,86,24,35,27,13,0,c,c,139,47,50,42,45,53,40,42,3,c,c,5,22,35,16,16,20,17,21,21,28,20,31,33,9,6,9,11,17,14,20,16,3,0,c,c,27,27,28,25,375,124,126,125,0,0,0,0,0,0,0,0,139,47,50,42,73,73,72,75,0,0,0,0,0,0,0,0,27,27,28,25
139,E06000044,LA,851,Portsmouth,123,51,36,36,55,29,13,13,c,c,0,c,30,22,c,c,c,c,10,7,40,14,13,13,c,0,0,c,c,12,c,12,c,c,c,0,28,8,10,10,45,57,36,36,c,c,0,c,24,43,c,c,c,c,28,19,33,27,36,36,c,0,0,c,c,24,c,33,c,c,c,0,23,16,28,28,95,43,26,26,11,c,c,c,14,c,c,6,c,c,0,c,77,84,72,72,9,c,c,c,11,c,c,17,c,c,0,c
142,E06000045,LA,852,Southampton,127,45,44,38,57,26,c,c,7,0,c,c,11,c,0,c,39,18,10,11,62,c,26,c,14,c,c,7,32,10,13,9,16,8,c,c,8,0,c,c,45,58,c,50,6,0,c,c,9,c,0,c,31,40,23,29,49,42,59,c,11,c,c,18,25,22,30,24,13,18,c,c,6,0,c,c,119,45,38,36,0,0,0,0,0,0,0,0,8,0,c,c,94,100,86,95,0,0,0,0,0,0,0,0,6,0,c,c
59,E10000018,LA,855,Leicestershire,184,66,54,64,104,42,27,35,6,c,c,c,34,15,12,7,64,24,14,26,c,c,27,c,27,12,7,8,39,10,16,13,c,c,c,7,c,0,0,c,57,64,50,55,3,c,c,c,18,23,22,11,35,36,26,41,c,c,50,c,15,18,13,13,21,15,30,20,c,c,c,11,c,0,0,c,176,65,51,60,c,0,c,0,c,0,0,c,6,c,c,c,96,98,94,94,c,0,c,0,c,0,0,c,3,c,c,c
58,E06000016,LA,856,Leicester,211,80,66,65,131,48,40,43,15,c,6,c,60,25,16,19,56,18,18,20,80,32,26,22,36,14,12,10,34,15,11,8,10,c,c,c,0,0,0,0,62,60,61,66,7,c,9,c,28,31,24,29,27,23,27,31,38,40,39,34,17,18,18,15,16,19,17,12,5,c,c,c,0,0,0,0,211,80,66,65,0,0,0,0,0,0,0,0,0,0,0,0,100,100,100,100,0,0,0,0,0,0,0,0,0,0,0,0
64,E06000017,LA,857,Rutland,14,c,c,7,8,c,c,c,c,0,0,c,c,0,c,c,c,c,c,c,6,c,c,c,c,0,0,c,c,c,c,0,c,0,c,c,0,0,0,0,57,c,c,c,c,0,0,c,c,0,c,c,c,c,c,c,43,c,c,c,c,0,0,c,c,c,c,0,c,0,c,c,0,0,0,0,14,c,c,7,0,0,0,0,0,0,0,0,0,0,0,0,100,c,c,100,0,0,0,0,0,0,0,0,0,0,0,0
73,E10000028,LA,860,Staffordshire,382,145,138,99,180,78,65,37,19,6,7,6,77,44,27,6,84,28,31,25,157,50,61,46,54,13,19,22,82,32,33,17,21,c,9,c,45,17,12,16,47,54,47,37,5,4,5,6,20,30,20,6,22,19,22,25,41,34,44,46,14,9,14,22,21,22,24,17,5,c,7,c,12,12,9,16,317,123,119,75,8,c,0,c,14,c,7,c,43,16,12,15,83,85,86,76,2,c,0,c,4,c,5,c,11,11,9,15
74,E06000021,LA,861,Stoke-on-Trent,156,43,51,62,50,16,c,c,c,c,c,c,c,9,c,c,26,6,11,9,86,27,28,31,27,c,c,15,44,18,13,13,15,c,8,c,20,0,c,c,32,37,c,c,c,c,c,c,c,21,c,c,17,14,22,15,55,63,55,50,17,c,c,24,28,42,25,21,10,c,16,c,13,0,c,c,136,43,47,46,0,0,0,0,12,0,c,c,8,0,c,c,87,100,92,74,0,0,0,0,8,0,c,c,5,0,c,c
164,E06000054,LA,865,Wiltshire,166,62,47,57,89,39,c,c,12,c,c,c,18,10,c,c,59,21,15,23,71,23,26,c,31,11,6,14,32,c,16,c,8,0,c,c,6,0,c,c,54,63,c,53,7,c,c,c,11,16,c,c,36,34,32,40,43,37,55,c,19,18,13,25,19,c,34,c,5,0,c,c,4,0,c,c,148,58,44,46,c,0,c,c,7,c,0,c,7,c,c,c,89,94,94,81,c,0,c,c,4,c,0,c,4,c,c,c
162,E06000030,LA,866,Swindon,135,43,51,41,70,c,31,c,c,0,c,c,c,17,c,c,43,9,25,9,58,c,c,24,c,c,c,8,37,13,10,14,c,c,c,c,7,0,c,c,52,60,61,c,c,0,c,c,c,40,c,c,32,21,49,22,43,40,c,59,c,c,c,20,27,30,20,34,c,c,c,c,5,0,c,c,127,43,48,36,0,0,0,0,0,0,0,0,8,0,c,c,94,100,94,88,0,0,0,0,0,0,0,0,6,0,c,c
129,E06000036,LA,867,Bracknell Forest,47,18,17,12,25,c,c,c,c,0,c,c,c,c,c,c,16,c,c,9,c,12,c,0,c,c,c,0,14,c,c,0,c,c,c,0,c,c,0,c,53,c,c,c,c,0,c,c,c,c,c,c,34,c,c,75,c,67,c,0,c,c,c,0,30,c,c,0,c,c,c,0,c,c,0,c,43,17,15,11,0,0,0,0,0,0,0,0,c,c,c,c,91,94,88,92,0,0,0,0,0,0,0,0,c,c,c,c
146,E06000040,LA,868,Windsor and Maidenhead,56,21,16,19,31,14,c,c,c,c,c,c,c,c,c,c,15,c,c,6,18,7,c,c,c,c,c,c,8,c,c,c,c,c,c,c,7,0,c,c,55,67,c,c,c,c,c,c,c,c,c,c,27,c,c,32,32,33,c,c,c,c,c,c,14,c,c,c,c,c,c,c,13,0,c,c,49,21,11,17,c,0,c,0,c,0,0,c,c,0,c,c,88,100,69,89,c,0,c,0,c,0,0,c,c,0,c,c
144,E06000037,LA,869,West Berkshire,76,24,36,16,35,16,c,c,c,c,c,0,c,c,c,c,23,c,10,c,32,c,19,c,11,c,c,c,12,6,c,c,9,0,9,0,9,c,c,c,46,67,c,c,c,c,c,0,c,c,c,c,30,c,28,c,42,c,53,38,14,c,c,c,16,25,c,c,12,0,25,0,12,c,c,c,65,22,31,12,c,0,c,0,c,0,c,c,6,c,c,c,86,92,86,75,c,0,c,0,c,0,c,c,8,c,c,c
140,E06000038,LA,870,Reading,98,37,29,32,c,18,c,c,c,c,0,c,c,7,c,c,26,8,8,10,48,c,16,15,13,c,8,c,24,11,7,6,11,c,c,6,c,c,c,c,c,49,c,c,c,c,0,c,c,19,c,c,27,22,28,31,49,c,55,47,13,c,28,c,24,30,24,19,11,c,c,19,c,c,c,c,93,35,28,30,0,0,0,0,0,0,0,0,c,c,c,c,95,95,97,94,0,0,0,0,0,0,0,0,c,c,c,c
141,E06000039,LA,871,Slough,87,29,31,27,51,20,17,14,c,0,c,0,c,9,c,c,33,11,10,12,28,c,c,9,c,0,c,c,21,c,9,c,c,c,c,0,8,c,c,c,59,69,55,52,c,0,c,0,c,31,c,c,38,38,32,44,32,c,c,33,c,0,c,c,24,c,29,c,c,c,c,0,9,c,c,c,79,28,28,23,c,0,0,c,c,c,0,c,c,0,c,c,91,97,90,85,c,0,0,c,c,c,0,c,c,0,c,c
147,E06000041,LA,872,Wokingham,38,18,10,10,21,c,c,c,c,c,c,0,c,c,c,0,11,c,c,c,17,c,c,c,c,c,c,c,c,c,c,6,0,0,0,0,0,0,0,0,55,c,c,c,c,c,c,0,c,c,c,0,29,c,c,c,45,c,c,c,c,c,c,c,c,c,c,60,0,0,0,0,0,0,0,0,38,18,10,10,0,0,0,0,0,0,0,0,0,0,0,0,100,100,100,100,0,0,0,0,0,0,0,0,0,0,0,0
83,E10000003,LA,873,Cambridgeshire,262,110,85,67,124,57,41,26,12,c,c,c,56,34,14,8,56,19,23,14,97,41,28,28,29,6,8,15,56,32,15,9,12,c,c,c,41,12,16,13,47,52,48,39,5,c,c,c,21,31,16,12,21,17,27,21,37,37,33,42,11,5,9,22,21,29,18,13,5,c,c,c,16,11,19,19,219,98,69,52,c,0,0,c,c,0,c,0,39,12,14,13,84,89,81,78,c,0,0,c,c,0,c,0,15,11,16,19
88,E06000031,LA,874,Peterborough,150,59,45,46,71,32,c,c,7,c,c,c,28,17,c,c,36,14,12,10,66,c,23,c,10,c,c,c,45,17,17,11,11,c,c,c,13,c,c,6,47,54,c,43,5,c,c,c,19,29,c,c,24,24,27,22,44,c,51,43,7,c,c,c,30,29,38,24,7,c,c,c,9,c,c,13,137,55,42,40,c,c,0,0,c,0,c,c,6,c,c,c,91,93,93,87,c,c,0,0,c,0,c,c,4,c,c,c
23,E06000006,LA,876,Halton,62,22,25,15,c,13,c,c,c,0,c,0,c,c,c,c,23,11,6,6,31,9,15,7,c,0,0,c,24,c,13,c,c,c,c,c,c,0,c,c,c,59,c,c,c,0,c,0,c,c,c,c,37,50,24,40,50,41,60,47,c,0,0,c,39,c,52,c,c,c,c,c,c,0,c,c,56,20,22,14,0,0,0,0,0,0,0,0,6,c,c,c,90,91,88,93,0,0,0,0,0,0,0,0,10,c,c,c
36,E06000007,LA,877,Warrington,96,33,30,33,54,25,15,c,c,c,0,c,c,14,c,c,27,10,9,8,c,c,c,18,c,c,c,6,17,c,8,c,12,c,c,7,c,c,c,c,56,76,50,c,c,c,0,c,c,42,c,c,28,30,30,24,c,c,c,55,c,c,c,18,18,c,27,c,13,c,c,21,c,c,c,c,84,32,22,30,c,0,c,c,0,0,0,0,9,c,c,c,88,97,73,91,c,0,c,c,0,0,0,0,9,c,c,c
153,E10000008,LA,878,Devon,329,104,98,127,130,57,36,37,12,c,c,c,49,26,13,10,69,28,21,20,142,40,44,58,74,17,24,33,39,16,10,13,29,7,10,12,57,7,18,32,40,55,37,29,4,c,c,c,15,25,13,8,21,27,21,16,43,38,45,46,22,16,24,26,12,15,10,10,9,7,10,9,17,7,18,25,272,97,80,95,6,c,c,c,0,0,0,0,51,6,15,30,83,93,82,75,2,c,c,c,0,0,0,0,16,6,15,24
158,E06000026,LA,879,Plymouth,190,61,61,68,96,38,c,c,c,24,12,c,c,0,c,c,49,14,16,19,c,c,c,38,c,c,14,16,47,9,16,22,0,0,0,0,c,0,c,c,51,62,c,c,c,39,20,c,c,0,c,c,26,23,26,28,c,c,49,56,c,c,23,24,25,15,26,32,0,0,0,0,c,0,c,c,187,61,60,66,0,0,0,0,0,0,0,0,c,0,c,c,98,100,98,97,0,0,0,0,0,0,0,0,c,0,c,c
163,E06000027,LA,880,Torbay,104,27,44,33,58,16,26,16,6,0,c,c,10,c,c,c,42,10,20,12,c,c,18,c,13,c,6,c,21,c,12,c,c,c,0,7,c,0,0,c,56,59,59,48,6,0,c,c,10,c,c,c,40,37,45,36,c,c,41,c,13,c,14,c,20,c,27,c,c,c,0,21,c,0,0,c,102,27,44,31,0,0,0,0,0,0,0,0,c,0,0,c,98,100,100,94,0,0,0,0,0,0,0,0,c,0,0,c
84,E10000012,LA,881,Essex,602,196,191,215,318,120,c,c,35,8,13,14,120,64,37,19,163,48,47,68,268,69,c,109,66,19,20,27,156,44,55,57,46,6,15,25,16,7,c,c,53,61,51,c,6,4,7,7,20,33,19,9,27,24,25,32,45,35,c,51,11,10,10,13,26,22,29,27,8,3,8,12,3,4,c,c,498,174,156,168,0,0,0,0,0,0,0,0,104,22,35,47,83,89,82,78,0,0,0,0,0,0,0,0,17,11,18,22
89,E06000033,LA,882,Southend-on-Sea,115,42,41,32,50,22,c,c,c,c,c,c,c,c,0,c,32,9,14,9,50,c,20,c,8,c,c,c,30,8,14,8,12,6,c,c,15,c,c,7,43,52,c,34,c,c,c,c,c,c,0,c,28,21,34,28,43,c,49,44,7,c,c,c,26,19,34,25,10,14,c,c,13,c,c,22,96,35,36,25,0,0,0,0,13,7,c,c,6,0,c,c,83,83,88,78,0,0,0,0,11,17,c,c,5,0,c,c
91,E06000034,LA,883,Thurrock,188,71,66,51,120,49,46,25,c,c,c,c,66,35,20,11,c,c,23,13,45,c,c,13,7,c,c,c,29,12,9,8,9,c,c,c,23,c,c,13,64,69,70,49,c,c,c,c,35,49,30,22,c,c,35,25,24,c,c,25,4,c,c,c,15,17,14,16,5,c,c,c,12,c,c,25,165,67,60,38,c,0,c,c,c,0,c,c,18,c,c,11,88,94,91,75,c,0,c,c,c,0,c,c,10,c,c,22
69,E06000019,LA,884,Herefordshire,100,37,35,28,44,18,c,c,c,c,0,0,c,10,c,c,25,c,c,12,44,c,18,c,7,c,c,c,24,9,9,6,13,c,c,c,12,c,c,c,44,49,c,50,c,c,0,0,c,27,c,c,25,c,c,43,44,c,51,c,7,c,c,c,24,24,26,21,13,c,c,c,12,c,c,c,88,33,30,25,0,0,0,0,0,0,0,0,12,c,c,c,88,89,86,89,0,0,0,0,0,0,0,0,12,c,c,c
79,E10000034,LA,885,Worcestershire,290,99,103,88,138,48,50,40,17,c,6,c,46,27,13,6,75,16,31,28,117,40,43,34,32,11,12,9,60,24,21,15,25,c,c,10,35,11,10,14,48,48,49,45,6,c,6,c,16,27,13,7,26,16,30,32,40,40,42,39,11,11,12,10,21,24,20,17,9,c,c,11,12,11,10,16,241,83,91,67,c,c,c,0,0,0,0,0,46,14,11,21,83,84,88,76,c,c,c,0,0,0,0,0,16,14,11,24
135,E10000016,LA,886,Kent,1519,469,591,459,833,290,336,207,51,9,20,22,460,203,198,59,322,78,118,126,427,124,164,139,72,18,24,30,278,97,114,67,77,9,26,42,259,55,91,113,55,62,57,45,3,2,3,5,30,43,34,13,21,17,20,27,28,26,28,30,5,4,4,7,18,21,19,15,5,2,4,9,17,12,15,25,1260,414,500,346,93,22,36,35,39,8,10,21,127,25,45,57,83,88,85,75,6,5,6,8,3,2,2,5,8,5,8,12
136,E06000035,LA,887,Medway,119,43,42,34,c,27,c,c,c,c,c,c,22,13,c,c,30,13,8,9,59,16,23,20,20,c,10,c,25,13,6,6,14,c,7,c,c,0,c,0,c,63,c,c,c,c,c,c,18,30,c,c,25,30,19,26,50,37,55,59,17,c,24,c,21,30,14,18,12,c,17,c,c,0,c,0,117,43,40,34,c,0,c,0,c,0,c,0,0,0,0,0,98,100,95,100,c,0,c,0,c,0,c,0,0,0,0,0
25,E10000017,LA,888,Lancashire,504,201,156,147,251,112,c,c,28,11,10,7,76,43,18,15,147,58,42,47,245,c,85,c,76,20,25,31,116,54,36,26,53,13,24,16,8,c,c,c,50,56,c,c,6,5,6,5,15,21,12,10,29,29,27,32,49,c,54,50,15,10,16,21,23,27,23,18,11,6,15,11,2,c,c,c,495,199,154,142,0,0,0,0,0,0,0,0,9,c,c,c,98,99,99,97,0,0,0,0,0,0,0,0,2,c,c,c
16,E06000008,LA,889,Blackburn with Darwen,80,35,28,17,c,20,c,11,c,c,c,c,c,7,c,c,17,11,c,c,39,c,20,c,23,c,13,c,c,c,c,c,c,c,c,0,c,c,c,0,c,57,c,65,c,c,c,c,c,20,c,c,21,31,c,c,49,c,71,35,29,c,46,c,c,c,c,c,c,c,c,0,c,c,c,0,75,33,26,16,0,0,0,0,0,0,0,0,c,c,c,c,94,94,93,94,0,0,0,0,0,0,0,0,c,c,c,c
17,E06000009,LA,890,Blackpool,127,34,57,36,c,c,c,23,c,c,c,c,19,8,c,c,28,c,c,13,67,20,34,13,24,c,15,c,34,c,16,c,9,c,c,c,c,0,c,0,c,c,c,64,c,c,c,c,15,24,c,c,22,c,c,36,53,59,60,36,19,c,26,c,27,c,28,c,7,c,c,c,c,0,c,0,126,34,56,36,c,0,c,0,0,0,0,0,0,0,0,0,99,100,98,100,c,0,c,0,0,0,0,0,0,0,0,0
63,E10000024,LA,891,Nottinghamshire,330,93,120,117,156,52,57,47,17,6,c,c,72,29,26,17,67,17,25,25,156,c,c,62,44,14,15,15,112,24,41,47,0,0,0,0,18,c,c,8,47,56,48,40,5,6,c,c,22,31,22,15,20,18,21,21,47,c,c,53,13,15,13,13,34,26,34,40,0,0,0,0,5,c,c,7,312,90,113,109,c,c,c,c,12,c,c,6,c,0,c,c,95,97,94,93,c,c,c,c,4,c,c,5,c,0,c,c
62,E06000018,LA,892,Nottingham,239,87,61,91,130,54,c,c,9,c,c,c,49,28,11,10,72,25,18,29,c,33,c,45,c,c,c,9,62,25,18,19,27,c,c,17,c,0,c,c,54,62,52,c,4,c,c,c,21,32,18,11,30,29,30,32,c,38,c,49,c,c,c,10,26,29,30,21,11,c,c,19,c,0,c,c,229,87,58,84,c,0,c,0,c,0,c,c,6,0,c,c,96,100,95,92,c,0,c,0,c,0,c,c,3,0,c,c
71,E06000051,LA,893,Shropshire,120,43,39,38,66,22,22,22,c,0,c,c,c,14,c,c,36,8,13,15,c,21,c,16,c,c,c,c,41,18,10,13,c,c,c,0,c,0,c,0,55,51,56,58,c,0,c,c,c,33,c,c,30,19,33,39,c,49,c,42,c,c,c,c,34,42,26,34,c,c,c,0,c,0,c,0,118,43,38,37,0,0,0,0,0,0,0,0,c,0,c,c,98,100,97,97,0,0,0,0,0,0,0,0,c,0,c,c
75,E06000020,LA,894,Telford and Wrekin,85,26,25,34,46,14,15,17,7,c,c,c,17,6,c,c,22,c,c,11,c,c,c,c,12,c,c,8,12,c,c,c,c,c,c,c,c,c,c,c,54,54,60,50,8,c,c,c,20,23,c,c,26,c,c,32,c,c,c,c,14,c,c,24,14,c,c,c,c,c,c,c,c,c,c,c,80,24,24,32,c,0,0,c,c,c,c,0,c,0,0,c,94,92,96,94,c,0,0,c,c,c,c,0,c,0,0,c
20,E06000049,LA,895,Cheshire East,114,38,36,40,69,25,22,22,c,0,0,c,c,8,c,c,51,17,19,15,45,13,14,18,17,c,6,c,17,c,c,7,11,c,c,6,0,0,0,0,61,66,61,55,c,0,0,c,c,21,c,c,45,45,53,38,39,34,39,45,15,c,17,c,15,c,c,18,10,c,c,15,0,0,0,0,114,38,36,40,0,0,0,0,0,0,0,0,0,0,0,0,100,100,100,100,0,0,0,0,0,0,0,0,0,0,0,0
21,E06000050,LA,896,Cheshire West and Chester,161,68,48,45,81,36,22,23,6,c,c,c,31,20,c,c,44,15,13,16,74,c,26,c,21,c,c,8,37,18,13,6,16,6,c,c,6,c,0,c,50,53,46,51,4,c,c,c,19,29,c,c,27,22,27,36,46,c,54,c,13,c,c,18,23,26,27,13,10,9,c,c,4,c,0,c,155,65,48,42,0,0,0,0,0,0,0,0,6,c,0,c,96,96,100,93,0,0,0,0,0,0,0,0,4,c,0,c
152,E06000052,LA,908,Cornwall,199,69,61,69,138,49,43,46,7,0,c,c,44,26,11,7,87,23,29,35,61,20,18,23,23,c,c,9,24,12,c,c,14,c,c,6,0,0,0,0,69,71,70,67,4,0,c,c,22,38,18,10,44,33,48,51,31,29,30,33,12,c,c,13,12,17,c,c,7,c,c,9,0,0,0,0,198,69,61,68,0,0,0,0,0,0,0,0,c,0,0,c,99,100,100,99,0,0,0,0,0,0,0,0,c,0,0,c
22,E10000006,LA,909,Cumbria,170,45,64,61,94,32,35,27,15,c,c,6,36,15,12,9,43,14,17,12,76,13,29,34,33,c,c,16,32,6,11,15,11,c,c,c,0,0,0,0,55,71,55,44,9,c,c,10,21,33,19,15,25,31,27,20,45,29,45,56,19,c,c,26,19,13,17,25,6,c,c,c,0,0,0,0,170,45,64,61,0,0,0,0,0,0,0,0,0,0,0,0,100,100,100,100,0,0,0,0,0,0,0,0,0,0,0,0
155,E10000013,LA,916,Gloucestershire,232,74,78,80,129,37,47,45,8,c,c,c,22,12,c,c,99,24,38,37,90,c,c,c,32,11,11,10,40,14,12,14,18,c,c,7,13,c,c,c,56,50,60,56,3,c,c,c,9,16,c,c,43,32,49,46,39,c,c,c,14,15,14,13,17,19,15,18,8,c,c,9,6,c,c,c,219,69,74,76,0,0,0,0,0,0,0,0,13,c,c,c,94,93,95,95,0,0,0,0,0,0,0,0,6,c,c,c
85,E10000015,LA,919,Hertfordshire,516,164,178,174,281,99,95,87,39,8,18,13,104,55,37,12,138,36,40,62,212,c,c,76,53,18,13,22,134,41,52,41,25,c,c,13,23,c,c,11,54,60,53,50,8,5,10,7,20,34,21,7,27,22,22,36,41,38,c,44,10,11,7,13,26,25,29,24,5,c,c,7,4,c,c,6,493,162,168,163,c,0,c,c,c,0,0,c,20,c,9,c,96,99,94,94,c,0,c,c,c,0,0,c,4,c,5,c
134,E06000046,LA,921,Isle of Wight,89,35,25,29,53,23,11,19,c,c,0,0,c,8,c,c,30,11,6,13,36,12,14,10,c,c,6,7,19,9,c,c,c,0,c,0,0,0,0,0,60,66,44,66,c,c,0,0,c,23,c,c,34,31,24,45,40,34,56,34,c,c,24,24,21,26,c,c,c,0,c,0,0,0,0,0,89,35,25,29,0,0,0,0,0,0,0,0,0,0,0,0,100,100,100,100,0,0,0,0,0,0,0,0,0,0,0,0
60,E10000019,LA,925,Lincolnshire,267,112,76,79,137,67,c,c,14,6,c,c,62,40,8,14,61,21,20,20,114,38,40,c,38,13,12,13,66,25,23,18,10,0,c,c,16,7,c,c,51,60,c,47,5,5,c,c,23,36,11,18,23,19,26,25,43,34,53,c,14,12,16,16,25,22,30,23,4,0,c,c,6,6,c,c,251,105,73,73,c,c,c,c,8,c,c,c,c,c,c,c,94,94,96,92,c,c,c,c,3,c,c,c,c,c,c,c
87,E10000020,LA,926,Norfolk,412,131,142,139,199,c,72,66,26,c,c,13,60,31,20,9,113,27,42,44,189,64,c,c,63,14,26,23,93,40,30,23,33,10,9,14,24,c,c,13,48,c,51,47,6,c,c,9,15,24,14,6,27,21,30,32,46,49,c,43,15,11,18,17,23,31,21,17,8,8,6,10,6,c,c,9,370,123,131,116,9,c,c,c,15,c,c,8,18,c,9,c,90,94,92,83,2,c,c,c,4,c,c,6,4,c,6,c
61,E10000021,LA,928,Northamptonshire,487,160,185,142,180,65,58,57,16,c,c,7,74,35,23,16,90,26,30,34,147,39,58,50,30,6,10,14,102,30,42,30,15,c,c,6,160,56,69,35,37,41,31,40,3,c,c,5,15,22,12,11,18,16,16,24,30,24,31,35,6,4,5,10,21,19,23,21,3,c,c,4,33,35,37,25,327,104,116,107,46,16,13,17,7,c,c,c,107,37,54,16,67,65,63,75,9,10,7,12,1,c,c,c,22,23,29,11
10,E06000057,LA,929,Northumberland,114,45,31,38,c,c,18,19,c,c,c,c,12,6,c,c,32,9,11,12,55,26,c,c,11,c,0,c,35,15,12,8,9,c,c,c,c,c,0,c,c,c,58,50,c,c,c,c,11,13,c,c,28,20,35,32,48,58,42,c,10,c,0,c,31,33,39,21,8,c,c,c,c,c,0,c,107,42,30,35,c,0,0,c,c,c,c,c,c,c,0,0,94,93,97,92,c,0,0,c,c,c,c,c,c,c,0,0
138,E10000025,LA,931,Oxfordshire,275,102,91,82,136,58,48,30,15,c,c,6,49,30,c,c,72,25,27,20,89,29,30,30,18,c,8,c,63,23,20,20,8,c,c,c,50,15,13,22,49,57,53,37,5,c,c,7,18,29,c,c,26,25,30,24,32,28,33,37,7,c,9,c,23,23,22,24,3,c,c,c,18,15,14,27,225,87,78,60,0,0,0,0,36,10,12,14,14,c,c,8,82,85,86,73,0,0,0,0,13,10,13,17,5,c,c,10
160,E10000027,LA,933,Somerset,181,65,63,53,104,38,38,28,c,c,c,c,c,13,12,c,67,23,25,19,c,c,25,25,c,c,6,8,37,17,12,8,19,c,c,9,c,c,0,0,57,58,60,53,c,c,c,c,c,20,19,c,37,35,40,36,c,c,40,47,c,c,10,15,20,26,19,15,10,c,c,17,c,c,0,0,179,63,63,53,0,0,0,0,c,c,0,0,0,0,0,0,99,97,100,100,0,0,0,0,c,c,0,0,0,0,0,0
90,E10000029,LA,935,Suffolk,340,144,106,90,171,80,55,36,13,c,c,c,75,44,23,8,83,32,28,23,137,57,42,38,40,13,14,13,78,37,21,20,19,c,7,c,32,7,9,16,50,56,52,40,4,c,c,c,22,31,22,9,24,22,26,26,40,40,40,42,12,9,13,14,23,26,20,22,6,c,7,c,9,5,8,18,304,137,93,74,13,c,c,c,9,0,c,c,14,c,c,6,89,95,88,82,4,c,c,c,3,0,c,c,4,c,c,7
143,E10000030,LA,936,Surrey,475,188,151,136,275,124,81,70,24,c,c,10,140,81,39,20,111,34,37,40,158,49,53,56,46,14,16,16,96,31,31,34,16,c,c,6,42,15,17,10,58,66,54,51,5,c,c,7,29,43,26,15,23,18,25,29,33,26,35,41,10,7,11,12,20,16,21,25,3,c,c,4,9,8,11,7,400,162,127,111,c,c,c,c,6,c,c,c,64,24,21,19,84,86,84,82,c,c,c,c,1,c,c,c,13,13,14,14
77,E10000031,LA,937,Warwickshire,318,101,114,103,159,51,60,48,19,c,9,c,61,28,25,8,79,19,26,34,129,41,45,43,28,7,9,12,80,31,26,23,21,c,10,c,30,9,9,12,50,50,53,47,6,c,8,c,19,28,22,8,25,19,23,33,41,41,39,42,9,7,8,12,25,31,23,22,7,c,9,c,9,9,8,12,288,92,105,91,0,0,0,0,c,0,c,0,29,9,8,12,91,91,92,88,0,0,0,0,c,0,c,0,9,9,7,12
145,E10000032,LA,938,West Sussex,363,122,123,118,239,78,91,70,12,c,c,6,142,59,60,23,85,17,27,41,95,31,c,c,31,9,6,16,52,18,13,21,12,c,c,6,29,13,c,c,66,64,74,59,3,c,c,5,39,48,49,19,23,14,22,35,26,25,c,c,9,7,5,14,14,15,11,18,3,c,c,5,8,11,c,c,331,108,112,111,6,c,c,c,19,c,8,c,7,c,c,c,91,89,91,94,2,c,c,c,5,c,7,c,2,c,c,c
