LA_order,New_geog_code,geog_l,geog_c,geog_n,CLA_cease2015,CLA_cease2016,CLA_cease2017,CLA_cease2018,CLA_cease2019,CEA_male,CEA_female,CEA_male_pc,CEA_female_pc,CEA_U1,CEA_1to4,CEA_5to9,CEA_10to15,CEA_16,CEA_17,CEA_16over,CEA_18over,CEA_U1_pc,CEA_1to4_pc,CEA_5to9_pc,CEA_10to15_pc,CEA_16_pc,CEA_17_pc,CEA_16over_pc,CEA_18over_pc,CEA_Adop1,CEA_Adop2,CEA_Died,CEA_Taken,CEA_ParPlan,CEA_ParNPlan,CEA_NoPar,CEA_CAO,CEA_SGO_FFC_Rel,CEA_SGO_FFC_Oth,CEA_SGO_Car_Rel,CEA_SGO_Car_Oth,CEA_IndLiv1,CEA_IndLiv2,CEA_Residential,CEA_Custody,CEA_RemEnd,CEA_AgeAssmt,CEA_Abroad,CEA_Other,CEA_Adop_PC,CEA_Died_pc,CEA_Taken_pc,CEA_ParPlan_pc,CEA_ParNPlan_pc,CEA_NoPar_pc,CEA_CAO_pc,CEA_SGO_FFC_Rel_pc,CEA_SGO_FFC_Oth_pc,CEA_SGO_Car_Rel_pc,CEA_SGO_Car_Oth_pc,CEA_IndLiv1_pc,CEA_IndLiv2_pc,CEA_Residential_pc,CEA_Custody_pc,CEA_RemEnd_pc,CEA_AgeAssmt_pc,CEA_Abroad_pc,CEA_Other_pc,Ceased_CLA_Rate2015,Ceased_CLA_Rate2016,Ceased_CLA_Rate2017,Ceased_CLA_Rate2018,Ceased_CLA_Rate2019
1,E92000001,NATIONAL,999,ENGLAND,31350,31860,31400,30050,29460,16670,12790,57,43,2230,6480,3850,4350,1420,1530,12550,9610,8,22,13,15,5,5,43,33,1920,1650,50,570,5760,1280,1660,1120,2250,350,1190,50,4000,680,570,430,190,240,80,5430,12,-,2,20,4,6,4,8,1,4,-,14,2,2,1,1,1,-,18,27,27,27,25,25
2,E12000001,REGION,A,NORTH EAST,1940,2010,2180,2110,2130,1110,1020,52,48,200,670,380,320,60,100,560,390,9,32,18,15,3,5,26,18,190,100,c,c,480,80,170,220,280,10,110,c,200,50,20,10,c,c,c,190,13,c,c,23,4,8,10,13,1,5,c,10,2,1,1,c,c,c,9,37,38,41,40,40
15,E12000002,REGION,B,NORTH WEST,4640,4620,4580,4650,4630,2510,2120,54,46,360,1170,730,730,160,180,1650,1310,8,25,16,16,3,4,36,28,310,250,10,40,920,160,170,170,510,50,280,c,310,180,60,60,30,30,10,1070,12,-,1,20,3,4,4,11,1,6,c,7,4,1,1,1,1,-,23,31,30,30,30,30
39,E12000003,REGION,C,YORKSHIRE AND HUMBER,2930,2940,2830,2770,2830,1550,1280,55,45,210,750,420,410,100,120,1040,820,7,27,15,15,4,4,37,29,210,200,c,30,560,100,200,160,240,40,70,c,290,40,40,40,20,20,10,550,15,c,1,20,4,7,6,8,1,2,c,10,1,1,2,1,1,-,19,26,26,25,24,24
55,E12000004,REGION,D,EAST MIDLANDS,2370,2390,2290,2170,2160,1200,960,56,44,160,540,300,280,70,100,890,720,7,25,14,13,3,5,41,33,200,120,c,c,480,70,90,90,150,30,70,c,470,70,30,30,10,10,10,240,15,c,c,22,3,4,4,7,1,3,c,22,3,1,2,1,-,-,11,25,25,23,22,22
65,E12000005,REGION,E,WEST MIDLANDS,3600,3580,3310,3130,2990,1670,1320,56,44,170,650,420,430,110,130,1320,1080,6,22,14,14,4,4,44,36,170,270,10,20,610,120,170,90,190,50,40,c,380,40,40,50,20,20,c,690,15,-,1,20,4,6,3,6,2,1,c,13,1,1,2,1,1,c,23,29,28,26,24,23
80,E12000006,REGION,F,EAST OF ENGLAND,2990,2780,2940,2910,2760,1610,1160,58,42,230,590,330,370,180,140,1250,930,8,21,12,13,7,5,45,34,260,160,10,110,350,110,240,100,160,70,100,20,430,90,60,30,20,20,10,420,15,-,4,13,4,9,4,6,2,4,1,16,3,2,1,1,1,-,15,23,21,22,22,21
92,E12000007,REGION,G,LONDON,6000,6020,5940,5510,5420,3330,2090,61,39,330,740,480,830,430,410,3050,2200,6,14,9,15,8,8,56,41,160,140,c,280,1060,350,260,90,210,50,220,c,950,110,150,140,50,70,20,1100,6,c,5,19,7,5,2,4,1,4,c,18,2,3,2,1,1,-,20,31,31,30,28,27
93,E13000001,REGION,H,INNER LONDON,2510,2510,2350,2350,2410,1490,920,62,38,160,320,220,340,210,210,1380,960,7,13,9,14,9,8,57,40,70,60,c,170,450,180,120,40,90,30,80,c,310,20,20,70,20,50,10,640,6,c,7,19,7,5,1,4,1,3,c,13,1,1,3,1,2,1,26,36,35,32,32,32
108,E13000002,REGION,I,OUTER LONDON,3500,3520,3590,3170,3010,1840,1160,61,39,170,420,260,490,220,210,1680,1250,6,14,9,16,7,7,56,41,90,80,0,110,610,180,140,50,120,30,140,c,650,100,130,70,30,30,10,460,5,0,4,20,6,5,2,4,1,5,c,21,3,4,2,1,1,-,15,29,28,29,25,24
128,E12000008,REGION,J,SOUTH EAST,4090,4650,4650,4310,4140,2410,1740,58,42,320,860,480,650,200,220,1830,1420,8,21,11,16,5,5,44,34,250,260,10,40,880,170,240,110,280,30,180,c,720,70,120,40,30,60,10,640,12,-,1,21,4,6,3,7,1,4,c,17,2,3,1,1,1,-,16,21,24,24,22,21
148,E12000009,REGION,K,SOUTH WEST,2800,2850,2690,2500,2400,1280,1120,53,47,250,510,330,350,100,140,970,730,10,21,14,15,4,6,40,30,170,160,c,50,430,120,120,90,240,20,120,c,240,40,40,10,c,10,c,540,14,c,2,18,5,5,4,10,1,5,c,10,2,2,1,c,-,c,22,26,26,25,23,22
95,E09000001,LA,201,City of London,c,6,c,16,18,c,c,c,c,0,c,0,c,c,6,16,c,0,c,0,c,c,33,89,c,0,0,0,10,0,0,0,0,0,0,0,0,c,0,0,0,0,0,0,c,0,0,56,0,0,0,0,0,0,0,0,c,0,0,0,0,0,0,c,c,59,c,128,124
94,E09000007,LA,202,Camden,123,102,98,104,100,66,34,66,34,11,12,c,8,8,c,66,55,11,12,c,8,8,c,66,55,c,c,0,9,7,c,c,0,9,0,c,0,0,0,0,0,0,0,0,55,9,0,9,7,c,c,0,9,0,c,0,0,0,0,0,0,0,0,55,28,22,20,21,20
117,E09000011,LA,203,Greenwich,288,239,266,239,206,105,101,51,49,17,37,20,33,13,13,99,73,8,18,10,16,6,6,48,35,c,11,0,0,56,13,c,c,20,c,c,0,41,c,c,c,c,9,c,27,8,0,0,27,6,c,c,10,c,c,0,20,c,c,c,c,4,c,13,44,36,40,35,30
96,E09000012,LA,204,Hackney,163,209,214,205,195,103,92,53,47,17,32,15,31,9,22,100,69,9,16,8,16,5,11,51,35,6,6,0,0,45,22,6,c,15,c,c,0,c,0,0,8,c,c,c,72,6,0,0,23,11,3,c,8,c,c,0,c,0,0,4,c,c,c,37,27,34,34,33,31
97,E09000013,LA,205,Hammersmith and Fulham,118,108,99,118,151,100,51,66,34,7,13,19,21,16,12,91,63,5,9,13,14,11,8,60,42,0,c,0,9,16,17,10,0,c,c,8,0,23,c,c,c,c,c,c,45,1,0,6,11,11,7,0,c,c,5,0,15,c,c,c,c,c,c,30,35,31,28,33,41
99,E09000019,LA,206,Islington,177,204,217,193,179,115,64,64,36,c,26,c,20,20,14,117,83,c,15,c,11,11,8,65,46,9,8,c,14,c,0,c,c,c,c,15,0,6,0,9,6,c,c,0,94,9,c,8,c,0,c,c,c,c,8,0,3,0,5,3,c,c,0,53,45,51,53,47,43
100,E09000020,LA,207,Kensington and Chelsea,66,75,78,79,59,41,18,69,31,c,6,c,7,9,c,44,31,c,10,c,12,15,c,75,53,c,0,0,c,10,c,0,c,c,0,0,0,9,0,c,0,c,0,0,28,2,0,c,17,c,0,c,c,0,0,0,15,0,c,0,c,0,0,47,24,26,27,28,21
101,E09000022,LA,208,Lambeth,326,277,216,205,227,151,76,67,33,19,20,14,29,25,18,145,102,8,9,6,13,11,8,64,45,c,7,0,23,33,17,22,0,9,c,6,c,42,c,c,7,7,7,c,32,5,0,10,15,7,10,0,4,c,3,c,19,c,c,3,3,3,c,14,52,44,35,33,36
102,E09000023,LA,209,Lewisham,273,261,238,221,227,126,101,56,44,23,27,33,27,6,15,117,96,10,12,15,12,3,7,52,42,c,c,0,c,49,32,6,10,c,0,9,0,83,c,c,11,c,c,0,0,4,0,c,22,14,3,4,c,0,4,0,37,c,c,5,c,c,0,0,41,39,35,32,33
104,E09000028,LA,210,Southwark,284,266,250,242,244,151,93,62,38,17,28,27,42,16,15,130,99,7,11,11,17,7,6,53,41,c,8,0,7,81,9,43,6,6,c,6,0,61,0,0,c,0,c,0,c,5,0,3,33,4,18,2,2,c,2,0,25,0,0,c,0,c,0,c,46,42,39,38,37
105,E09000030,LA,211,Tower Hamlets,221,209,203,186,168,96,72,57,43,9,26,19,16,11,14,98,73,5,15,11,10,7,8,58,43,c,13,0,c,27,8,c,7,7,0,c,0,17,c,c,10,c,c,0,59,10,0,c,16,5,c,4,4,0,c,0,10,c,c,6,c,c,0,35,35,32,30,27,24
106,E09000032,LA,212,Wandsworth,140,161,146,180,195,105,90,54,46,10,36,28,37,8,11,84,65,5,18,14,19,4,6,43,33,12,0,0,c,40,22,6,0,22,0,8,0,c,0,0,c,c,24,c,51,6,0,c,21,11,3,0,11,0,4,0,c,0,0,c,c,12,c,26,23,26,24,29,31
107,E09000033,LA,213,Westminster,96,110,132,141,172,129,43,75,25,11,15,7,19,39,30,120,51,6,9,4,11,23,17,70,30,6,c,0,51,18,10,c,0,0,c,c,0,22,c,c,c,c,c,0,44,4,0,30,10,6,c,0,0,c,c,0,13,c,c,c,c,c,0,26,24,26,30,31,36
109,E09000002,LA,301,Barking and Dagenham,277,253,205,199,197,121,76,61,39,14,38,22,44,8,17,79,54,7,19,11,22,4,9,40,27,c,14,0,c,22,c,46,12,19,6,7,c,36,c,9,7,c,c,0,0,8,0,c,11,c,23,6,10,3,4,c,18,c,5,4,c,c,0,0,47,42,33,32,31
110,E09000003,LA,302,Barnet,183,176,179,190,177,114,63,64,36,15,24,c,24,c,7,110,96,8,14,c,14,c,4,62,54,c,7,0,0,27,12,c,c,0,0,10,0,51,6,12,0,0,0,c,39,7,0,0,15,7,c,c,0,0,6,0,29,3,7,0,0,0,c,22,21,20,20,21,19
111,E09000004,LA,303,Bexley,156,185,147,125,115,77,38,67,33,7,22,13,11,9,0,62,53,6,19,11,10,8,0,54,46,c,c,0,c,15,c,9,7,c,c,8,0,29,0,0,0,c,0,0,26,8,0,c,13,c,8,6,c,c,7,0,25,0,0,0,c,0,0,23,28,33,26,22,20
112,E09000005,LA,304,Brent,268,220,231,176,185,113,72,61,39,8,31,15,30,16,12,101,73,4,17,8,16,9,6,55,39,c,c,0,7,54,c,12,0,11,c,9,0,65,c,c,8,c,c,0,0,3,0,4,29,c,6,0,6,c,5,0,35,c,c,4,c,c,0,0,36,29,30,23,24
113,E09000006,LA,305,Bromley,156,135,176,148,147,91,56,62,38,9,29,19,24,6,8,66,52,6,20,13,16,4,5,45,35,8,10,0,c,34,8,6,c,11,c,8,0,c,c,6,c,c,c,0,38,12,0,c,23,5,4,c,7,c,5,0,c,c,4,c,c,c,0,26,22,19,24,20,20
114,E09000008,LA,306,Croydon,400,421,479,454,473,330,143,70,30,28,49,25,67,57,45,304,202,6,10,5,14,12,10,64,43,14,c,0,67,79,29,c,10,0,c,39,0,102,35,71,9,7,c,0,c,4,0,14,17,6,c,2,0,c,8,0,22,7,15,2,1,c,0,c,43,45,51,48,50
115,E09000009,LA,307,Ealing,218,237,207,189,193,110,83,57,43,12,19,21,37,8,15,104,81,6,10,11,19,4,8,54,42,c,c,0,c,52,13,0,c,c,c,7,0,c,0,c,c,0,0,0,98,3,0,c,27,7,0,c,c,c,4,0,c,0,c,c,0,0,0,51,27,29,25,23,24
116,E09000010,LA,308,Enfield,185,216,222,172,174,108,66,62,38,8,17,15,40,15,8,94,71,5,10,9,23,9,5,54,41,6,c,0,c,41,c,0,c,c,c,10,0,59,c,c,12,0,0,0,14,5,0,c,24,c,0,c,c,c,6,0,34,c,c,7,0,0,0,8,23,26,26,20,21
98,E09000014,LA,309,Haringey,249,218,180,215,224,146,78,65,35,15,36,18,40,29,18,115,68,7,16,8,18,13,8,51,30,7,7,0,20,57,26,c,0,c,7,c,0,0,0,0,c,c,c,c,85,6,0,9,25,12,c,0,c,3,c,0,0,0,0,c,c,c,c,38,42,36,30,35,37
118,E09000015,LA,310,Harrow,122,130,163,159,118,57,61,48,52,c,8,15,17,14,c,73,54,c,7,13,14,12,c,62,46,c,c,0,c,20,16,c,0,7,0,c,0,41,c,c,c,0,c,c,11,5,0,c,17,14,c,0,6,0,c,0,35,c,c,c,0,c,c,9,22,23,28,27,20
119,E09000016,LA,311,Havering,193,164,143,127,131,78,53,60,40,c,19,14,25,c,8,69,53,c,15,11,19,c,6,53,40,6,0,0,c,35,17,0,0,9,0,c,0,52,0,c,c,c,c,0,0,5,0,c,27,13,0,0,7,0,c,0,40,0,c,c,c,c,0,0,36,30,26,22,23
120,E09000017,LA,312,Hillingdon,258,255,269,236,192,123,69,64,36,c,33,c,28,22,17,117,78,c,17,c,15,11,9,61,41,7,c,0,14,39,6,9,c,c,0,11,0,38,31,c,c,0,c,c,18,6,0,7,20,3,5,c,c,0,6,0,20,16,c,c,0,c,c,9,37,36,37,32,26
121,E09000018,LA,313,Hounslow,180,174,181,147,122,76,46,62,38,9,15,c,14,9,c,78,64,7,12,c,11,7,c,64,52,c,c,0,0,25,11,0,c,c,0,c,0,62,0,c,c,0,0,0,c,6,0,0,20,9,0,c,c,0,c,0,51,0,c,c,0,0,0,c,29,28,29,23,19
122,E09000021,LA,314,Kingston upon Thames,58,85,55,61,63,45,18,71,29,c,c,13,13,c,0,31,28,c,c,21,21,c,0,49,44,0,0,0,0,9,c,c,c,10,0,c,0,c,0,c,c,c,0,0,30,0,0,0,14,c,c,c,16,0,c,0,c,0,c,c,c,0,0,48,16,23,14,16,16
123,E09000024,LA,315,Merton,105,117,112,84,70,42,28,60,40,8,10,c,13,c,c,36,32,11,14,c,19,c,c,51,46,c,c,0,0,12,c,c,c,0,0,9,0,18,c,c,0,c,0,0,12,6,0,0,17,c,c,c,0,0,13,0,26,c,c,0,c,0,0,17,23,25,24,18,15
103,E09000025,LA,316,Newham,270,299,276,241,253,143,110,57,43,13,41,23,42,13,23,134,98,5,16,9,17,5,9,53,39,10,c,c,9,60,10,14,c,9,c,10,c,39,c,c,11,c,c,0,66,5,c,4,24,4,6,c,4,c,4,c,15,c,c,4,c,c,0,26,33,36,32,28,29
124,E09000026,LA,317,Redbridge,120,142,175,148,127,67,60,53,47,c,21,13,18,c,16,72,44,c,17,10,14,c,13,57,35,c,c,0,c,25,6,8,c,c,6,0,0,16,6,c,c,c,c,0,36,4,0,c,20,5,6,c,c,5,0,0,13,5,c,c,c,c,0,28,16,19,23,19,17
125,E09000027,LA,318,Richmond upon Thames,57,51,81,65,64,40,24,63,38,c,13,c,10,c,c,34,28,c,20,c,16,c,c,53,44,c,c,0,c,11,6,c,c,c,0,c,0,c,0,c,c,0,0,0,25,6,0,c,17,9,c,c,c,0,c,0,c,0,c,c,0,0,0,39,13,11,18,14,14
126,E09000029,LA,319,Sutton,111,135,127,111,98,58,40,59,41,c,17,15,17,c,c,47,32,c,17,15,17,c,c,48,33,10,0,0,c,20,6,19,c,c,0,c,0,25,c,c,c,0,c,0,0,10,0,c,20,6,19,c,c,0,c,0,26,c,c,c,0,c,0,0,24,29,27,23,20
127,E09000031,LA,320,Waltham Forest,160,184,169,135,155,89,66,57,43,13,12,10,21,7,14,99,78,8,8,6,14,5,9,64,50,c,0,0,c,33,13,c,0,6,c,c,0,0,0,0,7,0,c,0,80,1,0,c,21,8,c,0,4,c,c,0,0,0,0,5,0,c,0,52,25,28,26,20,23
66,E08000025,LA,330,Birmingham,768,888,725,687,660,375,285,57,43,34,122,73,106,35,35,325,255,5,18,11,16,5,5,49,39,16,59,c,c,220,20,9,8,6,c,8,0,62,14,14,26,11,c,c,179,11,c,c,33,3,1,1,1,c,1,0,9,2,2,4,2,c,c,27,27,31,25,24,23
67,E08000026,LA,331,Coventry,359,286,248,227,254,139,115,55,45,14,44,35,39,11,13,122,98,6,17,14,15,4,5,48,39,12,24,0,c,34,10,34,c,20,c,c,0,72,c,8,c,c,c,0,24,14,0,c,13,4,13,c,8,c,c,0,28,c,3,c,c,c,0,9,49,38,32,29,32
68,E08000027,LA,332,Dudley,196,211,212,189,173,99,74,57,43,c,50,29,24,c,c,65,59,c,29,17,14,c,c,38,34,8,28,0,0,19,7,0,c,21,c,c,0,0,c,c,c,c,c,c,71,21,0,0,11,4,0,c,12,c,c,0,0,c,c,c,c,c,c,41,29,31,31,27,25
70,E08000028,LA,333,Sandwell,183,214,183,210,195,118,77,61,39,14,26,38,27,c,c,90,72,7,13,19,14,c,c,46,37,24,c,0,c,c,c,51,6,7,c,0,0,72,0,0,c,0,0,0,12,14,0,c,c,c,26,3,4,c,0,0,37,0,0,c,0,0,0,6,24,27,23,26,24
72,E08000029,LA,334,Solihull,136,129,145,151,120,67,53,56,44,c,16,14,26,c,8,60,44,c,13,12,22,c,7,50,37,0,7,0,0,24,c,6,18,6,c,0,0,44,0,0,c,0,c,c,c,6,0,0,20,c,5,15,5,c,0,0,37,0,0,c,0,c,c,c,30,28,31,32,26
76,E08000030,LA,335,Walsall,220,164,168,221,176,86,90,49,51,11,51,29,26,6,8,59,45,6,29,16,15,3,5,34,26,13,19,0,c,25,11,22,c,19,c,6,0,14,c,c,0,c,0,0,33,18,0,c,14,6,13,c,11,c,3,0,8,c,c,0,c,0,0,19,34,25,25,33,26
78,E08000031,LA,336,Wolverhampton,234,254,186,170,158,90,68,57,43,15,47,26,23,c,c,47,36,9,30,16,15,c,c,30,23,c,41,0,c,44,0,0,0,0,13,7,0,0,0,c,c,0,0,0,42,27,0,c,28,0,0,0,0,8,4,0,0,0,c,c,0,0,0,27,41,44,31,28,26
24,E08000011,LA,340,Knowsley,130,111,110,87,93,50,43,54,46,7,27,13,11,c,c,35,29,8,29,14,12,c,c,38,31,6,c,0,6,26,0,c,c,12,c,6,c,10,13,c,0,0,0,0,6,8,0,6,28,0,c,c,13,c,6,c,11,14,c,0,0,0,0,6,40,34,34,26,28
26,E08000012,LA,341,Liverpool,390,411,340,363,388,236,152,61,39,27,92,56,58,15,18,155,122,7,24,14,15,4,5,40,31,15,16,c,12,84,c,48,13,51,c,7,0,7,24,c,6,c,c,c,87,8,c,3,22,c,12,3,13,c,2,0,2,6,c,2,c,c,c,22,43,45,37,39,41
32,E08000013,LA,342,St. Helens,135,155,120,98,103,65,38,63,37,c,23,13,17,c,c,48,43,c,22,13,17,c,c,47,42,c,9,0,c,11,7,0,7,8,c,0,0,24,c,c,c,0,0,0,22,11,0,c,11,7,0,7,8,c,0,0,23,c,c,c,0,0,0,21,37,43,33,27,28
31,E08000014,LA,343,Sefton,169,133,181,163,132,71,61,54,46,7,29,24,21,c,c,51,44,5,22,18,16,c,c,39,33,16,6,0,6,23,c,0,c,9,c,c,0,c,c,c,c,0,0,0,51,17,0,5,17,c,0,c,7,c,c,0,c,c,c,c,0,0,0,39,32,25,34,30,25
38,E08000015,LA,344,Wirral,208,203,254,212,211,110,101,52,48,10,60,28,35,7,11,78,60,5,28,13,17,3,5,37,28,14,16,0,0,72,c,14,6,21,c,7,c,24,24,c,c,0,0,c,c,14,0,0,34,c,7,3,10,c,3,c,11,11,c,c,0,0,c,c,31,30,38,31,31
18,E08000001,LA,350,Bolton,175,172,186,168,179,85,94,47,53,26,53,27,30,c,c,43,35,15,30,15,17,c,c,24,20,28,8,0,0,33,6,0,c,29,c,8,0,c,c,c,c,0,0,0,54,20,0,0,18,3,0,c,16,c,4,0,c,c,c,c,0,0,0,30,27,26,28,25,26
19,E08000002,LA,351,Bury,147,103,114,147,125,71,54,57,43,11,27,23,17,c,c,47,37,9,22,18,14,c,c,38,30,6,c,0,0,28,7,c,c,9,0,7,0,6,0,c,c,0,c,0,45,9,0,0,22,6,c,c,7,0,6,0,5,0,c,c,0,c,0,36,35,24,27,34,29
27,E08000003,LA,352,Manchester,557,473,533,471,495,286,209,58,42,29,92,75,94,30,26,205,149,6,19,15,19,6,5,41,30,8,48,c,c,81,23,16,17,60,8,24,0,45,19,c,19,12,c,0,108,11,c,c,16,5,3,3,12,2,5,0,9,4,c,4,2,c,0,22,49,40,44,39,41
28,E08000004,LA,353,Oldham,181,170,150,207,239,119,120,50,50,18,72,40,51,c,c,58,46,8,30,17,21,c,c,24,19,30,c,0,c,71,19,6,6,39,0,12,0,c,c,0,c,7,0,0,31,14,0,c,30,8,3,3,16,0,5,0,c,c,0,c,3,0,0,13,31,29,25,35,40
29,E08000005,LA,354,Rochdale,178,198,155,160,134,80,54,60,40,8,39,25,16,c,c,46,38,6,29,19,12,c,c,34,28,12,10,0,c,18,c,0,6,21,c,c,0,6,8,c,c,0,0,0,41,16,0,c,13,c,0,4,16,c,c,0,4,6,c,c,0,0,0,31,35,39,30,31,25
30,E08000006,LA,355,Salford,210,224,236,169,188,101,87,54,46,12,41,36,29,c,c,70,57,6,22,19,15,c,c,37,30,13,c,0,0,80,c,22,c,14,c,c,0,18,16,c,c,c,0,0,c,9,0,0,43,c,12,c,7,c,c,0,10,9,c,c,c,0,0,c,40,42,43,30,33
33,E08000007,LA,356,Stockport,154,148,120,167,161,89,72,55,45,14,42,35,27,6,8,43,29,9,26,22,17,4,5,27,18,6,10,0,0,51,10,9,c,18,0,14,c,19,0,c,c,0,0,0,16,10,0,0,32,6,6,c,11,0,9,c,12,0,c,c,0,0,0,10,25,24,19,27,25
34,E08000008,LA,357,Tameside,152,118,135,147,210,108,102,51,49,11,46,32,38,7,8,83,68,5,22,15,18,3,4,40,32,7,15,c,c,50,14,0,c,19,0,10,0,27,6,c,c,0,0,0,51,10,c,c,24,7,0,c,9,0,5,0,13,3,c,c,0,0,0,24,31,24,27,30,42
35,E08000009,LA,358,Trafford,97,104,86,138,125,70,55,56,44,9,13,25,23,7,8,55,40,7,10,20,18,6,6,44,32,c,c,0,0,25,10,6,c,16,0,7,0,15,c,c,c,c,c,c,27,6,0,0,20,8,5,c,13,0,6,0,12,c,c,c,c,c,c,22,18,19,16,25,22
37,E08000010,LA,359,Wigan,143,180,175,149,186,89,97,48,52,15,62,26,31,c,c,52,41,8,33,14,17,c,c,28,22,11,9,c,0,35,11,0,14,26,0,11,0,9,c,c,0,0,c,0,51,11,c,0,19,6,0,8,14,0,6,0,5,c,c,0,0,c,0,27,21,27,26,22,27
40,E08000016,LA,370,Barnsley,119,134,116,110,119,67,52,56,44,11,51,29,11,0,0,17,17,9,43,24,9,0,0,14,14,c,48,0,0,c,c,c,18,7,c,10,0,c,c,c,0,c,0,0,9,42,0,0,c,c,c,15,6,c,8,0,c,c,c,0,c,0,0,8,24,27,23,22,23
43,E08000017,LA,371,Doncaster,183,182,195,195,244,126,118,52,48,13,69,45,38,c,c,79,66,5,28,18,16,c,c,32,27,25,16,0,c,28,12,0,7,22,c,14,0,c,0,c,c,0,0,0,105,17,0,c,11,5,0,3,9,c,6,0,c,0,c,c,0,0,0,43,28,28,30,30,37
51,E08000018,LA,372,Rotherham,160,189,207,192,248,121,127,49,51,29,72,49,29,c,c,69,58,12,29,20,12,c,c,28,23,22,11,0,0,26,c,27,13,24,7,c,0,20,0,c,0,0,0,c,83,13,0,0,10,c,11,5,10,3,c,0,8,0,c,0,0,0,c,33,28,34,37,34,43
52,E08000019,LA,373,Sheffield,275,269,261,257,267,140,127,52,48,18,65,42,44,8,15,98,75,7,24,16,16,3,6,37,28,28,12,c,0,38,6,52,41,17,c,8,c,42,c,c,c,c,c,c,c,15,c,0,14,2,19,15,6,c,3,c,16,c,c,c,c,c,c,c,24,23,22,22,23
41,E08000032,LA,380,Bradford,301,345,282,298,328,170,158,52,48,23,70,48,58,19,15,129,95,7,21,15,18,6,5,39,29,23,11,c,c,82,12,10,8,26,0,c,0,10,c,c,11,0,0,0,121,10,c,c,25,4,3,2,8,0,c,0,3,c,c,3,0,0,0,37,22,25,20,21,23
42,E08000033,LA,381,Calderdale,96,108,100,96,78,43,35,55,45,c,29,8,c,c,0,33,32,c,37,10,c,c,0,42,41,9,7,0,0,7,c,9,c,8,0,0,0,28,c,0,0,0,0,0,c,21,0,0,9,c,12,c,10,0,0,0,36,c,0,0,0,0,0,c,21,24,22,21,17
46,E08000034,LA,382,Kirklees,237,231,279,253,200,106,94,53,47,17,50,24,26,c,c,83,71,9,25,12,13,c,c,42,36,20,7,0,c,53,c,c,8,12,0,c,c,38,10,9,c,0,c,c,25,14,0,c,27,c,c,4,6,0,c,c,19,5,5,c,0,c,c,13,24,23,28,25,20
47,E08000035,LA,383,Leeds,491,395,412,410,374,199,175,53,47,36,95,43,50,11,16,150,123,10,25,11,13,3,4,40,33,45,11,0,0,61,18,20,7,23,11,14,c,c,c,c,11,c,c,c,135,15,0,0,16,5,5,2,6,3,4,c,c,c,c,3,c,c,c,36,31,24,25,25,22
53,E08000036,LA,384,Wakefield,205,186,138,186,211,123,88,58,42,13,59,37,30,c,c,72,61,6,28,18,14,c,c,34,29,15,16,0,0,71,7,c,c,22,c,6,0,16,9,c,0,0,c,0,37,15,0,0,34,3,c,c,10,c,3,0,8,4,c,0,0,c,0,18,30,27,20,26,29
5,E08000037,LA,390,Gateshead,220,210,161,168,184,89,95,48,52,12,69,37,26,c,c,40,32,7,38,20,14,c,c,22,17,24,c,c,0,53,c,c,38,27,0,0,0,30,0,c,0,0,c,0,c,15,c,0,29,c,c,21,15,0,0,0,16,0,c,0,0,c,0,c,55,53,40,42,46
8,E08000021,LA,391,Newcastle upon Tyne,256,248,262,265,269,134,135,50,50,22,58,53,47,8,57,89,24,8,22,20,17,3,21,33,9,31,0,c,0,88,16,18,c,45,c,c,0,18,8,c,c,0,c,c,28,12,c,0,33,6,7,c,17,c,c,0,7,3,c,c,0,c,c,10,46,44,46,46,46
9,E08000022,LA,392,North Tyneside,148,176,147,161,118,68,50,58,42,7,31,12,19,c,c,49,39,6,26,10,16,c,c,42,33,c,c,0,0,32,7,c,8,25,0,0,0,23,c,6,0,c,0,0,6,4,0,0,27,6,c,7,21,0,0,0,19,c,5,0,c,0,0,5,37,44,36,39,29
12,E08000023,LA,393,South Tyneside,144,130,127,88,135,75,60,56,44,16,36,22,20,c,c,41,32,12,27,16,15,c,c,30,24,10,c,0,0,41,c,7,8,14,0,9,0,19,12,c,0,0,0,0,c,11,0,0,30,c,5,6,10,0,7,0,14,9,c,0,0,0,0,c,49,45,43,30,45
14,E08000024,LA,394,Sunderland,227,270,344,322,347,176,171,51,49,47,111,76,51,6,11,62,45,14,32,22,15,2,3,18,13,c,34,0,c,76,6,78,43,33,c,25,0,38,6,c,0,0,0,0,0,11,0,c,22,2,22,12,10,c,7,0,11,2,c,0,0,0,0,0,42,50,63,59,64
156,E06000053,LA,420,Isles of Scilly,0,0,0,0,0,0,0,.,.,0,0,0,0,0,0,0,0,.,.,.,.,.,.,.,.,0,0,0,0,0,0,0,0,0,0,0,0,0,0,0,0,0,0,0,0,.,.,.,.,.,.,.,.,.,.,.,.,.,.,.,.,.,.,.,.,.,.,.,.
149,E06000022,LA,800,Bath and North East Somerset,70,49,69,61,70,34,36,49,51,c,14,12,16,c,c,23,19,c,20,17,23,c,c,33,27,6,8,0,0,c,8,15,0,c,0,7,c,13,c,0,c,0,0,0,c,20,0,0,c,11,21,0,c,0,10,c,19,c,0,c,0,0,0,c,20,14,20,17,19
151,E06000023,LA,801,"Bristol, City of",309,380,314,285,233,129,104,55,45,25,43,26,35,11,11,104,82,11,18,11,15,5,5,45,35,15,9,0,c,25,8,29,9,27,0,19,0,20,c,0,c,c,c,0,63,10,0,c,11,3,12,4,12,0,8,0,9,c,0,c,c,c,0,27,34,41,34,30,25
157,E06000024,LA,802,North Somerset,109,123,110,92,78,35,43,45,55,c,15,10,12,c,0,34,32,c,19,13,15,c,0,44,41,9,c,0,c,15,c,0,c,8,0,0,0,10,c,0,0,0,0,0,24,17,0,c,19,c,0,c,10,0,0,0,13,c,0,0,0,0,0,31,26,29,26,21,18
161,E06000025,LA,803,South Gloucestershire,80,101,80,82,98,60,38,61,39,7,13,15,13,c,c,50,42,7,13,15,13,c,c,51,43,c,c,0,0,17,c,7,0,20,0,c,0,12,c,c,0,0,0,0,27,8,0,0,17,c,7,0,20,0,c,0,12,c,c,0,0,0,0,28,14,18,14,14,17
6,E06000001,LA,805,Hartlepool,87,66,88,80,104,62,42,60,40,c,37,22,14,c,c,30,24,c,36,21,13,c,c,29,23,12,c,0,0,0,c,14,27,11,c,c,0,9,0,c,0,0,c,0,15,14,0,0,0,c,13,26,11,c,c,0,9,0,c,0,0,c,0,14,44,33,44,40,52
7,E06000002,LA,806,Middlesbrough,169,166,194,167,151,79,72,52,48,c,45,29,22,c,c,38,34,c,30,19,15,c,c,25,23,13,6,c,0,17,c,c,21,c,c,25,c,0,0,c,c,0,0,0,54,13,c,0,11,c,c,14,c,c,17,c,0,0,c,c,0,0,0,36,53,52,60,52,46
11,E06000003,LA,807,Redcar and Cleveland,74,84,91,76,112,58,54,52,48,c,32,18,17,c,c,31,29,c,29,16,15,c,c,28,26,7,c,0,0,14,c,8,14,16,0,9,0,6,8,c,0,0,c,0,21,10,0,0,13,c,7,13,14,0,8,0,5,7,c,0,0,c,0,19,27,31,33,28,41
13,E06000004,LA,808,Stockton-on-Tees,146,139,127,130,110,59,51,54,46,9,33,18,12,c,c,38,30,8,30,16,11,c,c,35,27,16,12,c,0,18,c,0,c,14,c,c,0,9,0,0,c,0,0,0,30,25,c,0,16,c,0,c,13,c,c,0,8,0,0,c,0,0,0,27,34,32,30,30,25
45,E06000010,LA,810,"Kingston Upon Hull, City of",219,268,274,229,232,129,103,56,44,10,69,32,35,14,8,86,64,4,30,14,15,6,3,37,28,6,22,0,c,72,9,57,13,24,c,c,0,8,c,0,c,c,c,c,0,12,0,c,31,4,25,6,10,c,c,0,3,c,0,c,c,c,c,0,40,48,49,41,41
44,E06000011,LA,811,East Riding of Yorkshire,145,110,99,92,105,56,49,53,47,8,19,17,17,c,c,44,36,8,18,16,16,c,c,42,34,c,12,0,0,25,c,0,10,6,c,c,0,33,0,c,c,0,c,0,c,13,0,0,24,c,0,10,6,c,c,0,31,0,c,c,0,c,0,c,23,18,16,15,17
48,E06000012,LA,812,North East Lincolnshire,162,178,154,104,108,66,42,61,39,9,31,18,18,c,c,32,21,8,29,17,17,c,c,30,19,c,9,0,0,18,11,c,15,7,c,0,c,6,c,0,c,c,6,c,20,11,0,0,17,10,c,14,6,c,0,c,6,c,0,c,c,6,c,19,47,52,45,30,31
49,E06000013,LA,813,North Lincolnshire,63,70,83,95,105,76,29,72,28,9,22,6,18,8,15,50,27,9,21,6,17,8,14,48,26,c,7,0,18,24,0,0,c,19,0,c,0,28,0,c,c,c,0,0,0,10,0,17,23,0,0,c,18,0,c,0,27,0,c,c,c,0,0,0,18,20,23,27,29
50,E10000023,LA,815,North Yorkshire,180,200,165,186,156,99,57,63,37,6,37,16,29,12,11,68,45,4,24,10,19,8,7,44,29,c,8,0,0,39,6,12,12,18,0,c,0,35,c,6,c,c,c,0,c,8,0,0,25,4,8,8,12,0,c,0,22,c,4,c,c,c,0,c,15,17,14,16,13
54,E06000014,LA,816,York,92,79,69,71,58,33,25,57,43,c,14,10,c,c,0,27,25,c,24,17,c,c,0,47,43,6,c,c,0,11,c,c,c,c,0,0,0,19,0,0,0,0,c,0,c,14,c,0,19,c,c,c,c,0,0,0,33,0,0,0,0,c,0,c,25,22,19,19,16
86,E06000032,LA,821,Luton,193,174,197,193,170,84,86,49,51,12,40,26,34,8,8,58,42,7,24,15,20,5,5,34,25,12,6,0,c,46,0,0,c,0,26,7,0,c,c,c,c,0,c,0,53,11,0,c,27,0,0,c,0,15,4,0,c,c,c,c,0,c,0,31,35,31,35,34,30
81,E06000055,LA,822,Bedford Borough,138,123,127,131,102,64,38,63,37,13,20,12,10,6,6,47,35,13,20,12,10,6,6,46,34,12,12,0,c,9,c,c,c,7,0,c,c,6,c,c,c,c,c,0,34,24,0,c,9,c,c,c,7,0,c,c,6,c,c,c,c,c,0,33,37,32,33,33,25
82,E06000056,LA,823,Central Bedfordshire,120,97,111,123,103,67,36,65,35,10,23,12,c,c,c,53,46,10,22,12,c,c,c,51,45,6,11,0,c,17,c,c,c,6,0,c,0,22,c,c,c,c,c,0,17,17,0,c,17,c,c,c,6,0,c,0,21,c,c,c,c,c,0,17,20,16,18,20,16
131,E10000002,LA,825,Buckinghamshire,162,227,215,180,170,91,79,54,46,12,35,15,29,c,c,79,68,7,21,9,17,c,c,46,40,14,c,c,c,21,7,13,c,14,0,c,0,16,0,9,c,c,c,0,61,11,c,c,12,4,8,c,8,0,c,0,9,0,5,c,c,c,0,36,14,19,18,15,14
137,E06000042,LA,826,Milton Keynes,137,186,152,145,173,102,71,59,41,13,44,24,29,8,12,63,43,8,25,14,17,5,7,36,25,16,c,0,0,35,9,15,c,18,0,8,c,37,6,c,c,0,c,c,14,12,0,0,20,5,9,c,10,0,5,c,21,3,c,c,0,c,c,8,21,28,23,21,25
57,E10000007,LA,830,Derbyshire,282,300,258,266,278,140,138,50,50,29,72,32,32,8,9,113,96,10,26,12,12,3,3,41,35,34,c,c,0,64,12,22,17,c,0,c,c,25,6,c,c,0,c,c,74,14,c,0,23,4,8,6,c,0,c,c,9,2,c,c,0,c,c,27,18,20,17,17,18
56,E06000015,LA,831,Derby,174,176,208,225,212,124,88,58,42,22,54,31,25,8,9,80,63,10,25,15,12,4,4,38,30,13,17,c,0,52,11,c,25,c,c,c,0,47,c,7,9,c,c,c,8,14,c,0,25,5,c,12,c,c,c,0,22,c,3,4,c,c,c,4,30,30,35,38,35
154,E10000009,LA,835,Dorset,172,197,218,202,198,102,96,52,48,12,44,25,41,12,10,76,54,6,22,13,21,6,5,38,27,23,10,c,34,13,12,13,c,6,0,9,c,c,0,c,c,c,c,c,61,17,c,17,7,6,7,c,3,0,5,c,c,0,c,c,c,c,c,31,22,26,28,26,26
159,E06000029,LA,836,Poole,69,83,81,83,87,61,26,70,30,c,16,15,16,c,c,35,30,c,18,17,18,c,c,40,34,10,8,0,c,11,c,c,c,c,0,9,0,8,0,0,0,0,c,0,22,21,0,c,13,c,c,c,c,0,10,0,9,0,0,0,0,c,0,25,23,28,27,27,29
150,E06000028,LA,837,Bournemouth,169,122,110,89,97,59,38,61,39,13,24,c,12,c,c,37,32,13,25,c,12,c,c,38,33,7,14,0,0,15,c,6,c,c,0,c,0,7,0,c,c,0,c,0,29,22,0,0,15,c,6,c,c,0,c,0,7,0,c,c,0,c,0,30,50,35,31,25,27
4,E06000047,LA,840,Durham,261,252,312,375,347,178,169,51,49,41,129,51,51,14,7,75,54,12,37,15,15,4,2,22,16,31,17,c,0,63,28,37,39,57,c,18,c,31,7,c,c,0,0,c,9,14,c,0,18,8,11,11,16,c,5,c,9,2,c,c,0,0,c,3,26,25,31,37,34
3,E06000005,LA,841,Darlington,89,86,100,82,86,48,38,56,44,8,28,11,14,c,c,25,19,9,33,13,16,c,c,29,22,9,c,0,0,26,c,c,c,17,0,0,0,9,c,0,0,c,0,0,10,12,0,0,30,c,c,c,20,0,0,0,10,c,0,0,c,0,0,12,39,38,44,36,38
132,E10000011,LA,845,East Sussex,189,192,185,162,192,105,87,55,45,13,50,14,21,c,c,94,83,7,26,7,11,c,c,49,43,11,19,0,0,17,c,21,c,18,c,6,0,44,11,c,c,0,c,0,28,16,0,0,9,c,11,c,9,c,3,0,23,6,c,c,0,c,0,15,18,18,17,15,18
130,E06000043,LA,846,Brighton and Hove,192,245,179,176,187,99,88,53,47,17,50,19,18,c,c,83,74,9,27,10,10,c,c,44,40,24,10,0,c,43,c,0,c,12,0,13,0,18,0,c,c,c,c,0,52,18,0,c,23,c,0,c,6,0,7,0,10,0,c,c,c,c,0,28,38,48,35,35,37
133,E10000014,LA,850,Hampshire,546,545,532,486,593,349,244,59,41,48,127,67,100,39,37,251,175,8,21,11,17,7,6,42,30,30,39,c,0,174,20,45,18,58,12,22,c,112,20,12,7,c,12,0,6,12,c,0,29,3,8,3,10,2,4,c,19,3,2,1,c,2,0,1,19,19,19,17,21
139,E06000044,LA,851,Portsmouth,164,126,123,186,161,120,41,75,25,7,22,9,34,19,8,89,62,4,14,6,21,12,5,55,39,13,c,0,19,10,6,7,10,c,0,7,c,13,c,6,c,c,7,c,51,9,0,12,6,4,4,6,c,0,4,c,8,c,4,c,c,4,c,32,38,29,28,42,37
142,E06000045,LA,852,Southampton,192,205,221,197,214,122,92,57,43,14,70,35,38,9,8,57,40,7,33,16,18,4,4,27,19,10,38,0,0,34,6,c,8,37,c,c,0,0,0,0,6,c,c,c,61,22,0,0,16,3,c,4,17,c,c,0,0,0,0,3,c,c,c,29,40,42,44,39,42
59,E10000018,LA,855,Leicestershire,248,254,216,179,183,106,77,58,42,17,45,16,23,7,10,82,65,9,25,9,13,4,5,45,36,24,10,c,0,32,13,13,c,10,c,6,0,39,6,c,c,0,0,0,23,19,c,0,17,7,7,c,5,c,3,0,21,3,c,c,0,0,0,13,18,19,16,13,13
58,E06000016,LA,856,Leicester,209,193,230,218,224,117,107,52,48,c,65,37,32,c,12,78,62,c,29,17,14,c,5,35,28,28,10,0,0,55,0,0,c,33,c,c,0,26,20,c,c,0,0,0,35,17,0,0,25,0,0,c,15,c,c,0,12,9,c,c,0,0,0,16,26,24,28,26,27
64,E06000017,LA,857,Rutland,15,17,20,18,8,c,c,c,c,0,c,c,c,c,0,c,c,0,c,c,c,c,0,c,c,c,c,0,0,0,0,c,c,0,0,c,0,c,0,0,0,0,0,0,0,25,0,0,0,0,c,c,0,0,c,0,c,0,0,0,0,0,0,0,19,22,26,23,10
73,E10000028,LA,860,Staffordshire,367,332,334,330,331,165,166,50,50,20,70,43,47,8,10,151,133,6,21,13,14,2,3,46,40,23,17,0,c,52,21,7,11,46,10,c,c,63,15,c,7,c,c,0,41,12,0,c,16,6,2,3,14,3,c,c,19,5,c,2,c,c,0,12,22,20,20,20,20
74,E06000021,LA,861,Stoke-on-Trent,216,231,222,134,148,88,60,59,41,12,40,18,12,6,8,66,52,8,27,12,8,4,5,45,35,19,7,0,c,25,c,6,6,9,c,8,0,c,c,c,c,0,0,0,51,18,0,c,17,c,4,4,6,c,5,0,c,c,c,c,0,0,0,34,39,41,39,23,26
164,E06000054,LA,865,Wiltshire,189,161,147,154,149,78,71,52,48,20,36,9,12,c,c,72,60,13,24,6,8,c,c,48,40,22,12,0,0,16,c,12,c,13,0,c,0,29,c,0,c,c,0,0,27,23,0,0,11,c,8,c,9,0,c,0,19,c,0,c,c,0,0,18,18,15,14,15,14
162,E06000030,LA,866,Swindon,135,139,150,155,149,68,81,46,54,13,36,28,26,c,c,46,35,9,24,19,17,c,c,31,23,12,c,c,c,27,17,0,c,25,0,7,0,0,0,7,c,0,0,0,44,11,c,c,18,11,0,c,17,0,5,0,0,0,5,c,0,0,0,30,28,28,30,31,30
129,E06000036,LA,867,Bracknell Forest,58,68,49,67,65,31,34,48,52,c,11,12,12,c,c,25,17,c,17,18,18,c,c,38,26,c,c,0,0,21,8,c,c,c,0,c,0,11,c,0,0,c,0,0,c,11,0,0,32,12,c,c,c,0,c,0,17,c,0,0,c,0,0,c,21,24,17,24,23
146,E06000040,LA,868,Windsor and Maidenhead,47,43,35,49,52,29,23,56,44,c,6,11,8,c,c,25,19,c,12,21,15,c,c,48,37,0,7,0,0,7,12,c,0,c,0,c,0,9,0,c,0,0,0,0,7,13,0,0,13,23,c,0,c,0,c,0,17,0,c,0,0,0,0,13,14,13,10,14,15
144,E06000037,LA,869,West Berkshire,65,69,74,86,53,33,20,62,38,c,12,c,10,c,c,21,17,c,23,c,19,c,c,40,32,c,c,0,0,c,0,c,8,12,0,0,0,14,c,c,0,0,c,0,c,11,0,0,c,0,c,15,23,0,0,0,26,c,c,0,0,c,0,c,18,19,21,24,15
140,E06000038,LA,870,Reading,84,123,100,92,95,48,47,51,49,12,31,c,10,c,c,35,30,13,33,c,11,c,c,37,32,9,11,0,c,16,c,c,0,c,0,14,0,17,0,0,c,0,0,0,16,21,0,c,17,c,c,0,c,0,15,0,18,0,0,c,0,0,0,17,23,34,27,25,26
141,E06000039,LA,871,Slough,113,154,112,112,127,74,53,58,42,9,20,26,24,7,8,48,33,7,16,20,19,6,6,38,26,14,0,0,0,31,6,7,c,9,0,c,0,10,0,c,0,c,c,0,36,11,0,0,24,5,6,c,7,0,c,0,8,0,c,0,c,c,0,28,28,38,27,27,30
147,E06000041,LA,872,Wokingham,39,34,31,36,58,31,27,53,47,c,10,11,9,c,0,24,22,c,17,19,16,c,0,41,38,c,0,0,0,19,0,c,c,9,0,c,0,0,0,0,0,c,0,0,21,2,0,0,33,0,c,c,16,0,c,0,0,0,0,0,c,0,0,36,11,9,8,9,15
83,E10000003,LA,873,Cambridgeshire,266,277,290,318,261,172,89,66,34,18,58,32,35,12,10,118,96,7,22,12,13,5,4,45,37,37,8,0,8,43,8,c,12,21,0,9,0,76,11,c,c,c,9,c,c,17,0,3,16,3,c,5,8,0,3,0,29,4,c,c,c,3,c,c,20,21,22,24,19
88,E06000031,LA,874,Peterborough,169,186,186,164,177,105,72,59,41,19,30,17,27,c,c,84,65,11,17,10,15,c,c,47,37,21,c,0,11,15,c,20,c,0,c,23,0,48,c,8,c,c,c,0,12,12,0,6,8,c,11,c,0,c,13,0,27,c,5,c,c,c,0,7,36,39,38,33,35
23,E06000006,LA,876,Halton,100,72,71,82,58,39,19,67,33,9,12,7,c,c,c,26,21,16,21,12,c,c,c,45,36,c,0,0,0,11,0,c,0,c,0,c,0,c,0,c,c,c,c,0,25,9,0,0,19,0,c,0,c,0,c,0,c,0,c,c,c,c,0,43,35,25,25,29,20
36,E06000007,LA,877,Warrington,109,131,127,123,132,80,52,61,39,10,32,30,17,c,c,43,35,8,24,23,13,c,c,33,27,6,10,0,0,20,c,0,17,20,c,c,c,c,c,c,c,c,c,c,36,12,0,0,15,c,0,13,15,c,c,c,c,c,c,c,c,c,c,27,25,29,28,28,30
153,E10000008,LA,878,Devon,354,397,350,306,260,140,120,54,46,30,42,33,42,15,9,113,89,12,16,13,16,6,3,43,34,22,10,c,c,60,8,10,12,18,c,15,0,13,c,12,c,0,c,c,68,12,c,c,23,3,4,5,7,c,6,0,5,c,5,c,0,c,c,26,25,28,24,21,18
158,E06000026,LA,879,Plymouth,211,189,182,190,165,77,88,47,53,16,51,21,15,8,19,62,35,10,31,13,9,5,12,38,21,16,10,0,0,23,c,c,8,23,c,13,0,9,c,0,c,0,0,0,50,16,0,0,14,c,c,5,14,c,8,0,5,c,0,c,0,0,0,30,41,36,35,36,31
163,E06000027,LA,880,Torbay,124,125,108,102,118,63,55,53,47,15,33,9,11,c,43,50,c,13,28,8,9,c,36,42,c,7,c,0,c,29,0,0,c,16,c,c,c,17,6,c,c,0,0,0,22,9,0,c,25,0,0,c,14,c,c,c,14,5,c,c,0,0,0,19,49,49,43,40,46
84,E10000012,LA,881,Essex,517,451,491,461,471,289,182,61,39,35,101,47,60,30,27,228,171,7,21,10,13,6,6,48,36,45,51,c,c,57,41,41,c,c,c,9,10,104,14,6,c,c,8,c,65,20,c,c,12,9,9,c,c,c,2,2,22,3,1,c,c,2,c,14,17,15,16,15,15
89,E06000033,LA,882,Southend-on-Sea,107,107,134,115,98,45,53,46,54,13,24,10,10,c,c,41,34,13,24,10,10,c,c,42,35,11,12,0,0,8,c,18,c,c,0,c,0,21,c,c,0,0,0,0,10,23,0,0,8,c,18,c,c,0,c,0,21,c,c,0,0,0,0,10,28,28,35,29,25
91,E06000034,LA,883,Thurrock,131,146,200,220,207,152,55,73,27,11,20,13,31,54,28,132,50,5,10,6,15,26,14,64,24,7,6,c,83,21,c,15,12,6,0,c,0,23,7,c,0,0,c,0,12,6,c,40,10,c,7,6,3,0,c,0,11,3,c,0,0,c,0,6,33,36,48,51,47
69,E06000019,LA,884,Herefordshire,105,103,84,99,76,40,36,53,47,c,15,18,6,c,c,32,26,c,20,24,8,c,c,42,34,6,8,0,0,c,8,6,9,c,c,0,0,16,c,0,c,0,0,0,12,18,0,0,c,11,8,12,c,c,0,0,21,c,0,c,0,0,0,16,29,29,23,28,21
79,E10000034,LA,885,Worcestershire,270,237,262,255,207,103,104,50,50,12,65,18,23,c,c,89,79,6,31,9,11,c,c,43,38,30,15,0,0,36,16,c,9,14,c,0,0,18,c,6,c,0,0,0,53,22,0,0,17,8,c,4,7,c,0,0,9,c,3,c,0,0,0,26,23,21,23,22,18
135,E10000016,LA,886,Kent,877,1079,1316,1049,763,476,287,62,38,53,128,69,103,34,63,410,313,7,17,9,13,4,8,54,41,54,42,c,15,152,37,59,10,c,14,31,c,188,c,17,7,6,7,c,111,13,c,2,20,5,8,1,c,2,4,c,25,c,2,1,1,1,c,15,27,33,40,31,22
136,E06000035,LA,887,Medway,195,210,187,159,158,80,78,51,49,21,45,19,27,c,c,46,36,13,28,12,17,c,c,29,23,13,11,0,0,52,c,6,c,13,0,12,0,27,c,c,c,c,0,0,c,15,0,0,33,c,4,c,8,0,8,0,17,c,c,c,c,0,0,c,31,33,29,25,25
25,E10000017,LA,888,Lancashire,606,598,550,663,670,343,327,51,49,68,167,79,94,20,26,262,216,10,25,12,14,3,4,39,32,51,17,c,c,76,10,20,18,44,10,74,0,44,22,11,6,c,14,c,243,10,c,c,11,1,3,3,7,1,11,0,7,3,2,1,c,2,c,36,25,24,22,27,27
16,E06000008,LA,889,Blackburn with Darwen,120,144,136,157,143,76,67,53,47,12,43,31,17,6,6,40,28,8,30,22,12,4,4,28,20,17,9,0,c,18,c,0,c,11,c,20,0,0,c,c,0,0,0,0,56,18,0,c,13,c,0,c,8,c,14,0,0,c,c,0,0,0,0,39,31,38,35,41,37
17,E06000009,LA,890,Blackpool,187,216,215,206,166,81,85,49,51,18,49,28,18,c,c,53,43,11,30,17,11,c,c,32,26,12,18,0,0,33,7,c,8,12,8,13,c,14,23,c,c,c,0,0,11,18,0,0,20,4,c,5,7,5,8,c,8,14,c,c,c,0,0,7,65,75,75,72,57
63,E10000024,LA,891,Nottinghamshire,383,388,347,303,295,169,126,57,43,19,69,42,49,8,8,116,100,6,23,14,17,3,3,39,34,21,10,0,0,83,7,c,11,16,0,31,0,84,8,7,6,c,c,c,c,11,0,0,28,2,c,4,5,0,11,0,28,3,2,2,c,c,c,c,23,24,21,18,18
62,E06000018,LA,892,Nottingham,287,256,216,219,216,114,102,53,47,15,48,24,22,10,12,107,85,7,22,11,10,5,6,50,39,46,c,0,c,13,c,28,c,6,c,c,0,61,c,c,7,9,0,0,28,23,0,c,6,c,13,c,3,c,c,0,28,c,c,3,4,0,0,13,44,39,32,32,31
71,E06000051,LA,893,Shropshire,94,109,117,88,95,60,35,63,37,c,17,18,18,c,c,39,30,c,18,19,19,c,c,41,32,c,0,c,c,36,c,c,0,11,6,0,0,c,0,0,0,0,c,0,28,4,c,c,38,c,c,0,12,6,0,0,c,0,0,0,0,c,0,29,16,18,20,15,16
75,E06000020,LA,894,Telford and Wrekin,127,109,98,118,95,60,35,63,37,8,30,21,10,c,c,26,20,8,32,22,11,c,c,27,21,10,15,c,c,21,c,6,c,13,c,0,0,11,c,c,0,c,0,0,c,26,c,c,22,c,6,c,14,c,0,0,12,c,c,0,c,0,0,c,33,28,25,29,23
20,E06000049,LA,895,Cheshire East,126,138,141,146,147,80,67,54,46,c,41,21,18,c,c,57,52,c,28,14,12,c,c,39,35,7,11,0,0,16,8,12,0,19,c,21,0,17,c,6,c,0,c,c,19,12,0,0,11,5,8,0,13,c,14,0,12,c,4,c,0,c,c,13,17,18,19,19,19
21,E06000050,LA,896,Cheshire West and Chester,147,185,181,199,132,76,56,58,42,9,31,16,25,c,c,51,43,7,23,12,19,c,c,39,33,6,10,0,c,23,c,6,8,19,0,c,0,0,0,c,0,0,0,0,46,12,0,c,17,c,5,6,14,0,c,0,0,0,c,0,0,0,0,35,22,28,27,30,19
152,E06000052,LA,908,Cornwall,254,259,220,230,242,136,106,56,44,30,65,45,33,13,6,69,50,12,27,19,14,5,2,29,21,c,27,0,0,68,10,7,24,25,c,23,0,13,0,c,0,0,0,0,37,12,0,0,28,4,3,10,10,c,10,0,5,0,c,0,0,0,0,15,24,25,21,21,22
22,E10000006,LA,909,Cumbria,216,237,264,224,208,102,106,49,51,14,73,38,34,6,9,49,34,7,35,18,16,3,4,24,16,26,12,c,c,36,7,0,19,26,c,21,0,8,c,9,c,0,0,0,37,18,c,c,17,3,0,9,13,c,10,0,4,c,4,c,0,0,0,18,23,26,28,24,22
155,E10000013,LA,916,Gloucestershire,251,300,288,243,271,139,132,51,49,22,48,51,43,12,7,107,88,8,18,19,16,4,3,39,32,c,24,0,0,62,26,0,13,27,c,c,0,39,6,c,c,0,0,0,56,9,0,0,23,10,0,5,10,c,c,0,14,2,c,c,0,0,0,21,20,24,23,19,21
85,E10000015,LA,919,Hertfordshire,515,514,492,418,375,224,151,60,40,29,83,45,54,16,19,164,129,8,22,12,14,4,5,44,34,31,15,c,0,37,25,21,40,39,c,20,c,55,26,22,c,12,0,0,20,12,c,0,10,7,6,11,10,c,5,c,15,7,6,c,3,0,0,5,20,19,18,16,14
134,E06000046,LA,921,Isle of Wight,79,73,76,82,61,30,31,49,51,c,16,8,9,c,c,26,19,c,26,13,15,c,c,43,31,c,10,0,0,12,c,c,c,c,0,0,0,c,0,c,0,c,0,0,21,18,0,0,20,c,c,c,c,0,0,0,c,0,c,0,c,0,0,34,31,29,30,33,25
60,E10000019,LA,925,Lincolnshire,330,301,279,318,309,181,128,59,41,21,81,49,47,12,12,111,87,7,26,16,15,4,4,36,28,8,32,c,0,45,12,17,21,43,6,14,0,72,12,c,c,c,0,c,16,13,c,0,15,4,6,7,14,2,5,0,23,4,c,c,c,0,c,5,23,21,19,22,21
87,E10000020,LA,926,Norfolk,509,416,414,429,457,235,222,51,49,39,105,75,72,22,15,166,129,9,23,16,16,5,3,36,28,41,22,c,c,57,8,88,11,38,25,10,c,34,10,8,c,0,c,c,94,14,c,c,12,2,19,2,8,5,2,c,7,2,2,c,0,c,c,21,30,25,24,25,27
61,E10000021,LA,928,Northamptonshire,440,504,516,419,433,247,186,57,43,20,107,64,44,10,27,198,161,5,25,15,10,2,6,46,37,20,31,0,c,132,11,0,9,35,6,c,0,114,11,c,c,0,c,c,54,12,0,c,30,3,0,2,8,1,c,0,26,3,c,c,0,c,c,12,27,31,31,25,25
10,E06000057,LA,929,Northumberland,115,185,228,200,165,82,83,50,50,6,64,31,27,c,c,37,27,4,39,19,16,c,c,22,16,29,8,0,0,51,0,0,16,18,c,13,c,11,c,c,c,0,0,0,8,22,0,0,31,0,0,10,11,c,8,c,7,c,c,c,0,0,0,5,19,31,39,34,28
138,E10000025,LA,931,Oxfordshire,249,280,286,298,273,152,121,56,44,25,48,40,39,17,10,121,94,9,18,15,14,6,4,44,34,14,11,c,0,44,c,33,19,26,0,c,0,33,c,c,c,c,9,0,62,9,c,0,16,c,12,7,10,0,c,0,12,c,c,c,c,3,0,23,18,20,20,21,19
160,E10000027,LA,933,Somerset,299,229,261,223,184,101,83,55,45,25,31,15,23,c,c,90,79,14,17,8,13,c,c,49,43,15,8,0,c,47,8,20,c,13,0,c,0,49,10,c,0,0,0,0,c,13,0,c,26,4,11,c,7,0,c,0,27,5,c,0,0,0,0,c,27,21,24,20,17
90,E10000029,LA,935,Suffolk,320,285,295,338,343,172,171,50,50,35,81,39,31,12,10,157,135,10,24,11,9,3,3,46,39,35,20,c,c,42,8,23,9,34,6,c,c,39,c,7,c,0,0,c,100,16,c,c,12,2,7,3,10,2,c,c,11,c,2,c,0,0,c,29,21,19,19,22,22
143,E10000030,LA,936,Surrey,374,405,419,409,394,227,167,58,42,36,65,40,62,14,16,191,161,9,16,10,16,4,4,48,41,14,10,c,c,82,28,0,11,12,c,31,0,66,6,43,c,0,c,0,84,6,c,c,21,7,0,3,3,c,8,0,17,2,11,c,0,c,0,21,15,16,16,16,15
77,E10000031,LA,937,Warwickshire,328,315,321,247,301,177,124,59,41,17,57,37,43,c,c,147,132,6,19,12,14,c,c,49,44,7,27,c,c,62,15,12,10,17,c,0,0,c,c,0,0,c,8,0,136,11,c,c,21,5,4,3,6,c,0,0,c,c,0,0,c,3,0,45,29,28,28,22,26
145,E10000032,LA,938,West Sussex,328,386,357,338,354,209,145,59,41,26,74,45,63,15,15,146,116,7,21,13,18,4,4,41,33,10,32,0,c,109,14,22,c,20,c,14,0,99,c,7,0,0,8,c,7,12,0,c,31,4,6,c,6,c,4,0,28,c,2,0,0,2,c,2,19,23,21,20,20
