areaname,periodlabel,value
Rotherham E08000018,2010,0
East Riding of Yorkshire E06000011,2010,11
Three Rivers E07000102,2010,2
Bassetlaw E07000171,2010,1
Selby E07000169,2010,1
West Lindsey E07000142,2010,3
Hillingdon E09000017,2010,9
Hertsmere E07000098,2010,0
Stockton-on-Tees E06000004,2010,0
Richmondshire E07000166,2010,0
Hambleton E07000164,2010,1
Doncaster E08000017,2010,5
North Lincolnshire E06000013,2010,7
Ryedale E07000167,2010,2
Malvern Hills E07000235,2010,4
Brent E09000005,2010,3
East Devon E07000040,2010,3
Wyre Forest E07000239,2010,7
Tower Hamlets E09000030,2010,11
South Derbyshire E07000039,2010,1
Wolverhampton E08000031,2010,9
East Lindsey E07000137,2010,7
Harrow E09000015,2010,4
North East Lincolnshire E06000012,2010,4
Barnsley E08000016,2010,3
Weymouth and Portland E07000053,2010,3
Ealing E09000009,2010,5
Nuneaton and Bedworth E07000219,2010,2
Bexley E09000004,2010,8
South Somerset E07000189,2010,0
South Gloucestershire E06000025,2010,2
Tonbridge and Malling E07000115,2010,1
Derby E06000015,2010,4
Gravesham E07000109,2010,1
Folkestone and Hythe E07000112,2010,9
Mendip E07000187,2010,16
Dover E07000108,2010,8
Ashford E07000105,2010,2
Coventry E08000026,2010,5
Swale E07000113,2010,0
County Durham E06000047,2010,2
Barnet E09000003,2010,7
Ashfield E07000170,2010,1
Broxtowe E07000172,2010,1
Sunderland E08000024,2010,3
Darlington E06000005,2010,2
Gateshead E08000037,2010,1
Erewash E07000036,2010,1
Wiltshire E06000054,2010,13
Bolsover E07000033,2010,2
Bath and North East Somerset E06000022,2010,9
North East Derbyshire E07000038,2010,0
Amber Valley E07000032,2010,2
Hart E07000089,2010,0
Rushmoor E07000092,2010,0
East Hampshire E07000085,2010,3
Harborough E07000131,2010,0
Melton E07000133,2010,0
Bracknell Forest E06000036,2010,1
Surrey Heath E07000214,2010,0
Cheltenham E07000078,2010,1
West Oxfordshire E07000181,2010,1
Tewkesbury E07000083,2010,2
Rutland E06000017,2010,2
Waverley E07000216,2010,0
Vale of White Horse E07000180,2010,0
Aylesbury Vale E07000004,2010,10
Cherwell E07000177,2010,0
Chiltern E07000005,2010,0
South Oxfordshire E07000179,2010,1
"Kingston upon Hull, City of E06000010",2010,7
Charnwood E07000130,2010,3
Luton E06000032,2010,3
Basingstoke and Deane E07000084,2010,3
Wycombe E07000007,2010,15
Winchester E07000094,2010,5
Rushcliffe E07000176,2010,4
North West Leicestershire E07000134,2010,3
South Bucks E07000006,2010,0
Daventry E07000151,2010,6
North Devon E07000043,2010,12
Mid Devon E07000042,2010,0
Taunton Deane E07000190,2010,12
West Devon E07000047,2010,3
Torridge E07000046,2010,10
West Somerset E07000191,2010,0
Redbridge E09000026,2010,20
Westminster E09000033,2010,128
City of London E09000001,2010,20
Exeter E07000041,2010,21
Oadby and Wigston E07000135,2010,1
Broxbourne E07000095,2010,1
Stroud E07000082,2010,4
East Northamptonshire E07000152,2010,3
Gloucester E07000081,2010,14
Kettering E07000153,2010,3
Forest of Dean E07000080,2010,2
"Herefordshire, County of E06000019",2010,42
Cotswold E07000079,2010,7
Cornwall E06000052,2010,65
Fylde E07000119,2010,6
Teignbridge E07000045,2010,3
Blackpool E06000009,2010,4
Wyre E07000128,2010,0
Corby E07000150,2010,4
Christchurch E07000048,2010,0
Dacorum E07000096,2010,7
East Dorset E07000049,2010,0
New Forest E07000091,2010,1
Bolton E08000001,2010,2
Salford E08000006,2010,4
Bury E08000002,2010,3
North Hertfordshire E07000099,2010,8
Bournemouth E06000028,2010,12
Calderdale E08000033,2010,3
Harrogate E07000165,2010,14
Central Bedfordshire E06000056,2010,5
Purbeck E07000051,2010,2
Poole E06000029,2010,9
Arun E07000224,2010,25
Carlisle E07000028,2010,1
Worthing E07000229,2010,5
Horsham E07000227,2010,6
Chichester E07000225,2010,15
Wealden E07000065,2010,0
Adur E07000223,2010,0
Brighton and Hove E06000043,2010,14
Mid Sussex E07000228,2010,3
Rochdale E08000005,2010,5
Lewes E07000063,2010,4
St Albans E07000240,2010,2
Welwyn Hatfield E07000241,2010,1
Redditch E07000236,2010,1
Warwick E07000222,2010,12
Sandwell E08000028,2010,2
Tamworth E07000199,2010,2
Hyndburn E07000120,2010,1
Bromsgrove E07000234,2010,7
Blackburn with Darwen E06000008,2010,1
North Warwickshire E07000218,2010,1
Stratford-on-Avon E07000221,2010,8
Walsall E08000030,2010,8
Dudley E08000027,2010,3
Lichfield E07000194,2010,1
Wychavon E07000238,2010,14
Birmingham E08000025,2010,9
East Hertfordshire E07000242,2010,7
Chorley E07000118,2010,2
South Ribble E07000126,2010,3
Leeds E08000035,2010,6
Kirklees E08000034,2010,5
Bradford E08000032,2010,23
Ribble Valley E07000124,2010,0
Burnley E07000117,2010,3
Rossendale E07000125,2010,2
Pendle E07000122,2010,2
Craven E07000163,2010,1
Solihull E08000029,2010,3
Wirral E08000015,2010,4
Maldon E07000074,2010,1
Islington E09000019,2010,3
Cheshire West and Chester E06000050,2010,2
Epping Forest E07000072,2010,0
North Dorset E07000050,2010,3
Chelmsford E07000070,2010,10
Fenland E07000010,2010,11
Camden E09000007,2010,11
King's Lynn and West Norfolk E07000146,2010,8
St Edmundsbury E07000204,2010,1
Braintree E07000067,2010,1
Forest Heath E07000201,2010,2
Tendring E07000076,2010,0
Babergh E07000200,2010,2
Sedgemoor E07000188,2010,4
Colchester E07000071,2010,10
Canterbury E07000106,2010,3
Thanet E07000114,2010,1
Tandridge E07000215,2010,1
Brentwood E07000068,2010,1
Thurrock E06000034,2010,2
Basildon E07000066,2010,9
Harlow E07000073,2010,7
West Dorset E07000052,2010,2
Havering E09000016,2010,4
Sevenoaks E07000111,2010,0
Greenwich E09000011,2010,2
Newham E09000025,2010,7
Croydon E09000008,2010,4
Dartford E07000107,2010,0
North Somerset E06000024,2010,2
Waltham Forest E09000031,2010,2
Eastbourne E07000061,2010,6
Rother E07000064,2010,6
Northumberland E06000057,2010,6
Lewisham E09000023,2010,13
Lambeth E09000022,2010,13
Bromley E09000006,2010,2
Uttlesford E07000077,2010,0
Haringey E09000014,2010,8
South Cambridgeshire E07000012,2010,0
Peterborough E06000031,2010,21
Huntingdonshire E07000011,2010,1
Hackney E09000012,2010,8
East Cambridgeshire E07000009,2010,3
Eden E07000030,2010,0
Enfield E09000010,2010,5
"Bristol, City of E06000023",2010,8
Copeland E07000029,2010,1
Cambridge E07000008,2010,6
Allerdale E07000026,2010,1
South Northamptonshire E07000155,2010,0
Southampton E06000045,2010,5
Eastleigh E07000086,2010,2
Newcastle upon Tyne E08000021,2010,3
Bedford E06000055,2010,12
Maidstone E07000110,2010,27
Epsom and Ewell E07000208,2010,1
Derbyshire Dales E07000035,2010,0
Woking E07000217,2010,2
Milton Keynes E06000042,2010,6
Nottingham E06000018,2010,3
Stevenage E07000243,2010,7
Runnymede E07000212,2010,1
Southwark E09000028,2010,29
Mansfield E07000174,2010,7
Slough E06000039,2010,14
North Tyneside E08000022,2010,8
Swindon E06000030,2010,6
South Staffordshire E07000196,2010,3
South Tyneside E08000023,2010,2
Hounslow E09000018,2010,8
Oldham E08000004,2010,1
Manchester E08000003,2010,7
Wandsworth E09000032,2010,15
Tameside E08000008,2010,9
Reigate and Banstead E07000211,2010,4
Tunbridge Wells E07000116,2010,9
Boston E07000136,2010,9
Telford and Wrekin E06000020,2010,2
Wakefield E08000036,2010,10
Castle Point E07000069,2010,1
Medway E06000035,2010,7
Wigan E08000010,2010,6
Southend-on-Sea E06000033,2010,8
Rochford E07000075,2010,0
Sutton E09000029,2010,0
Stafford E07000197,2010,1
Stockport E08000007,2010,1
Trafford E08000009,2010,3
Elmbridge E07000207,2010,4
Reading E06000038,2010,6
Wokingham E06000041,2010,1
Richmond upon Thames E09000027,2010,6
South Holland E07000140,2010,6
Kensington and Chelsea E09000020,2010,32
Oxford E07000178,2010,11
Windsor and Maidenhead E06000040,2010,6
West Berkshire E06000037,2010,5
Cheshire East E06000049,2010,0
Fareham E07000087,2010,6
Kingston upon Thames E09000021,2010,5
Portsmouth E06000044,2010,5
Gosport E07000088,2010,4
Havant E07000090,2010,5
Plymouth E06000026,2010,9
Preston E07000123,2010,3
Isle of Wight E06000046,2010,1
South Hams E07000044,2010,5
Mole Valley E07000210,2010,0
High Peak E07000037,2010,1
Northampton E07000154,2010,4
Norwich E07000148,2010,4
Wellingborough E07000156,2010,0
Spelthorne E07000213,2010,1
Shropshire E06000051,2010,10
South Kesteven E07000141,2010,1
Chesterfield E07000034,2010,6
Gedling E07000173,2010,1
Great Yarmouth E07000145,2010,4
Newcastle-under-Lyme E07000195,2010,1
Test Valley E07000093,2010,2
Hammersmith and Fulham E09000013,2010,15
Guildford E07000209,2010,6
Crawley E07000226,2010,16
Sheffield E08000019,2010,8
North Norfolk E07000147,2010,3
Broadland E07000144,2010,0
Redcar and Cleveland E06000003,2010,1
Hinckley and Bosworth E07000132,2010,0
Leicester E06000016,2010,19
Cannock Chase E07000192,2010,0
Waveney E07000206,2010,3
St. Helens E08000013,2010,2
Worcester E07000237,2010,7
Isles of Scilly E06000053,2010,0
South Lakeland E07000031,2010,2
Mid Suffolk E07000203,2010,0
Barrow-in-Furness E07000027,2010,2
Suffolk Coastal E07000205,2010,3
Lancaster E07000121,2010,2
Middlesbrough E06000002,2010,20
Sefton E08000014,2010,4
England E92000001,2010,1768
Hartlepool E06000001,2010,1
Watford E07000103,2010,8
Warrington E06000007,2010,7
Liverpool E08000012,2010,3
Knowsley E08000011,2010,1
Blaby E07000129,2010,0
Staffordshire Moorlands E07000198,2010,0
West Lancashire E07000127,2010,0
South Norfolk E07000149,2010,0
Halton E06000006,2010,0
Breckland E07000143,2010,8
Scarborough E07000168,2010,2
London E12000007,2010,415
Stoke-on-Trent E06000021,2010,2
Merton E09000024,2010,6
Ipswich E07000202,2010,13
Lincoln E07000138,2010,8
East Staffordshire E07000193,2010,4
Torbay E06000027,2010,6
Newark and Sherwood E07000175,2010,4
Rugby E07000220,2010,12
Hastings E07000062,2010,3
York E06000014,2010,2
Barking and Dagenham E09000002,2010,2
North Kesteven E07000139,2010,0
Greenwich E09000011,2011,6
Watford E07000103,2011,5
Eden E07000030,2011,0
North Warwickshire E07000218,2011,2
Forest Heath E07000201,2011,3
Warwick E07000222,2011,13
Warrington E06000007,2011,11
Crawley E07000226,2011,11
Worcester E07000237,2011,17
Fareham E07000087,2011,3
Dartford E07000107,2011,15
Sheffield E08000019,2011,11
Blackburn with Darwen E06000008,2011,2
Braintree E07000067,2011,8
"Bristol, City of E06000023",2011,8
St Edmundsbury E07000204,2011,1
Gosport E07000088,2011,2
High Peak E07000037,2011,1
North Somerset E06000024,2011,2
King's Lynn and West Norfolk E07000146,2011,5
Lichfield E07000194,2011,0
Preston E07000123,2011,8
Cannock Chase E07000192,2011,2
Fenland E07000010,2011,7
Wokingham E06000041,2011,2
Wychavon E07000238,2011,14
East Cambridgeshire E07000009,2011,4
Uttlesford E07000077,2011,0
Reading E06000038,2011,5
Huntingdonshire E07000011,2011,2
York E06000014,2011,2
Dudley E08000027,2011,4
Copeland E07000029,2011,2
Redditch E07000236,2011,3
London E12000007,2011,446
Allerdale E07000026,2011,1
Test Valley E07000093,2011,7
Isle of Wight E06000046,2011,9
Stratford-on-Avon E07000221,2011,12
South Cambridgeshire E07000012,2011,1
Peterborough E06000031,2011,17
Tamworth E07000199,2011,3
Cambridge E07000008,2011,12
Windsor and Maidenhead E06000040,2011,7
Rochdale E08000005,2011,5
Leeds E08000035,2011,11
Bradford E08000032,2011,30
Isles of Scilly E06000053,2011,0
Wandsworth E09000032,2011,5
Kirklees E08000034,2011,11
Salford E08000006,2011,11
Castle Point E07000069,2011,1
South Ribble E07000126,2011,5
Middlesbrough E06000002,2011,5
Lewes E07000063,2011,3
Southend-on-Sea E06000033,2011,8
Rochford E07000075,2011,0
Brighton and Hove E06000043,2011,37
Mid Sussex E07000228,2011,5
Harrogate E07000165,2011,5
Tunbridge Wells E07000116,2011,13
Telford and Wrekin E06000020,2011,8
East Dorset E07000049,2011,0
Bournemouth E06000028,2011,16
Poole E06000029,2011,10
Purbeck E07000051,2011,3
Hastings E07000062,2011,5
Bury E08000002,2011,9
Calderdale E08000033,2011,4
Bolton E08000001,2011,1
Torbay E06000027,2011,3
Christchurch E07000048,2011,0
New Forest E07000091,2011,4
Hounslow E09000018,2011,45
Bromley E09000006,2011,7
Hartlepool E06000001,2011,0
Lewisham E09000023,2011,18
Ribble Valley E07000124,2011,0
Rother E07000064,2011,5
Slough E06000039,2011,7
Stevenage E07000243,2011,5
Burnley E07000117,2011,2
Sevenoaks E07000111,2011,1
Rossendale E07000125,2011,1
Chesterfield E07000034,2011,4
Hyndburn E07000120,2011,2
Lambeth E09000022,2011,18
Southwark E09000028,2011,10
Croydon E09000008,2011,18
Chorley E07000118,2011,0
Redcar and Cleveland E06000003,2011,1
Scarborough E07000168,2011,5
Southampton E06000045,2011,24
Eastleigh E07000086,2011,3
Worthing E07000229,2011,7
Arun E07000224,2011,10
Horsham E07000227,2011,2
Craven E07000163,2011,2
Wealden E07000065,2011,0
Eastbourne E07000061,2011,3
Pendle E07000122,2011,1
Swindon E06000030,2011,7
Adur E07000223,2011,0
Chichester E07000225,2011,15
West Somerset E07000191,2011,0
Newark and Sherwood E07000175,2011,5
North Devon E07000043,2011,16
Torridge E07000046,2011,4
West Devon E07000047,2011,4
Mid Devon E07000042,2011,5
Boston E07000136,2011,9
Exeter E07000041,2011,29
North Kesteven E07000139,2011,0
Taunton Deane E07000190,2011,25
Blackpool E06000009,2011,5
Wyre E07000128,2011,0
Barrow-in-Furness E07000027,2011,5
South Lakeland E07000031,2011,8
Gloucester E07000081,2011,8
Cornwall E06000052,2011,80
Teignbridge E07000045,2011,8
Lincoln E07000138,2011,9
Fylde E07000119,2011,0
Stockport E08000007,2011,0
Trafford E08000009,2011,1
Wyre Forest E07000239,2011,1
Wolverhampton E08000031,2011,12
Malvern Hills E07000235,2011,3
Barnsley E08000016,2011,2
Wigan E08000010,2011,11
Medway E06000035,2011,12
East Devon E07000040,2011,8
Weymouth and Portland E07000053,2011,2
Westminster E09000033,2011,106
Manchester E08000003,2011,15
Oldham E08000004,2011,0
Wakefield E08000036,2011,14
Broxbourne E07000095,2011,10
Tower Hamlets E09000030,2011,9
Tameside E08000008,2011,7
Redbridge E09000026,2011,17
City of London E09000001,2011,18
Wycombe E07000007,2011,14
Waveney E07000206,2011,5
Basingstoke and Deane E07000084,2011,4
Chiltern E07000005,2011,0
South Bucks E07000006,2011,0
Breckland E07000143,2011,5
Bracknell Forest E06000036,2011,1
Surrey Heath E07000214,2011,2
Winchester E07000094,2011,9
South Norfolk E07000149,2011,3
Ipswich E07000202,2011,7
Luton E06000032,2011,3
Cherwell E07000177,2011,0
Barking and Dagenham E09000002,2011,13
"Kingston upon Hull, City of E06000010",2011,15
Mid Suffolk E07000203,2011,0
Suffolk Coastal E07000205,2011,2
Aylesbury Vale E07000004,2011,10
South Oxfordshire E07000179,2011,0
Tewkesbury E07000083,2011,2
West Lancashire E07000127,2011,1
"Herefordshire, County of E06000019",2011,14
West Oxfordshire E07000181,2011,5
Cheltenham E07000078,2011,3
Stroud E07000082,2011,5
Cotswold E07000079,2011,5
Lancaster E07000121,2011,4
Forest of Dean E07000080,2011,2
St. Helens E08000013,2011,2
Hart E07000089,2011,1
Knowsley E08000011,2011,1
East Hampshire E07000085,2011,2
Rushmoor E07000092,2011,3
Liverpool E08000012,2011,9
Sefton E08000014,2011,6
Halton E06000006,2011,0
Waverley E07000216,2011,2
Vale of White Horse E07000180,2011,0
Hammersmith and Fulham E09000013,2011,8
Folkestone and Hythe E07000112,2011,12
Dover E07000108,2011,14
Ashford E07000105,2011,7
Swale E07000113,2011,2
Tandridge E07000215,2011,2
Canterbury E07000106,2011,22
Oxford E07000178,2011,8
Thanet E07000114,2011,9
Kensington and Chelsea E09000020,2011,19
Bexley E09000004,2011,4
Norwich E07000148,2011,6
Nuneaton and Bedworth E07000219,2011,2
Wellingborough E07000156,2011,0
Gravesham E07000109,2011,8
Coventry E08000026,2011,8
Great Yarmouth E07000145,2011,10
Broadland E07000144,2011,3
North Norfolk E07000147,2011,0
Epping Forest E07000072,2011,0
South Hams E07000044,2011,6
Portsmouth E06000044,2011,11
Brentwood E07000068,2011,0
Basildon E07000066,2011,9
Wirral E08000015,2011,5
Havant E07000090,2011,3
Cheshire West and Chester E06000050,2011,4
Chelmsford E07000070,2011,9
Maldon E07000074,2011,1
Colchester E07000071,2011,24
West Berkshire E06000037,2011,6
South Holland E07000140,2011,0
Babergh E07000200,2011,0
Tendring E07000076,2011,5
Plymouth E06000026,2011,18
Thurrock E06000034,2011,8
Harlow E07000073,2011,9
Havering E09000016,2011,3
Doncaster E08000017,2011,2
North Lincolnshire E06000013,2011,16
Newcastle upon Tyne E08000021,2011,6
Bassetlaw E07000171,2011,1
Bedford E06000055,2011,17
Hambleton E07000164,2011,0
Stockton-on-Tees E06000004,2011,0
South Tyneside E08000023,2011,0
Ryedale E07000167,2011,1
North Tyneside E08000022,2011,8
West Lindsey E07000142,2011,3
North East Lincolnshire E06000012,2011,2
Selby E07000169,2011,1
Maidstone E07000110,2011,19
East Lindsey E07000137,2011,10
South Northamptonshire E07000155,2011,0
Rotherham E08000018,2011,1
East Riding of Yorkshire E06000011,2011,15
Milton Keynes E06000042,2011,8
Amber Valley E07000032,2011,3
Gedling E07000173,2011,1
Erewash E07000036,2011,3
South Kesteven E07000141,2011,0
North East Derbyshire E07000038,2011,1
Derby E06000015,2011,21
Tonbridge and Malling E07000115,2011,4
Bolsover E07000033,2011,1
Northampton E07000154,2011,15
Sunderland E08000024,2011,2
Darlington E06000005,2011,0
Gateshead E08000037,2011,3
Richmondshire E07000166,2011,0
Nottingham E06000018,2011,10
Broxtowe E07000172,2011,1
Ashfield E07000170,2011,2
Mansfield E07000174,2011,7
County Durham E06000047,2011,2
Central Bedfordshire E06000056,2011,5
Reigate and Banstead E07000211,2011,5
Hackney E09000012,2011,14
Stoke-on-Trent E06000021,2011,16
Corby E07000150,2011,10
Bath and North East Somerset E06000022,2011,4
Mendip E07000187,2011,21
Mole Valley E07000210,2011,0
Hertsmere E07000098,2011,0
Bromsgrove E07000234,2011,3
Elmbridge E07000207,2011,1
Brent E09000005,2011,7
Dacorum E07000096,2011,4
Birmingham E08000025,2011,7
Sedgemoor E07000188,2011,9
Woking E07000217,2011,2
Rushcliffe E07000176,2011,5
Sandwell E08000028,2011,15
Merton E09000024,2011,2
Blaby E07000129,2011,0
South Gloucestershire E06000025,2011,1
Cheshire East E06000049,2011,3
Barnet E09000003,2011,14
Solihull E08000029,2011,5
North West Leicestershire E07000134,2011,1
South Somerset E07000189,2011,9
Stafford E07000197,2011,2
Enfield E09000010,2011,3
Rutland E06000017,2011,2
Northumberland E06000057,2011,5
Carlisle E07000028,2011,1
South Staffordshire E07000196,2011,3
Staffordshire Moorlands E07000198,2011,1
Ealing E09000009,2011,15
Rugby E07000220,2011,3
North Hertfordshire E07000099,2011,2
Oadby and Wigston E07000135,2011,0
Haringey E09000014,2011,8
Daventry E07000151,2011,2
Harborough E07000131,2011,0
Richmond upon Thames E09000027,2011,8
Waltham Forest E09000031,2011,4
Walsall E08000030,2011,13
Derbyshire Dales E07000035,2011,3
Welwyn Hatfield E07000241,2011,1
East Northamptonshire E07000152,2011,3
Sutton E09000029,2011,4
East Staffordshire E07000193,2011,4
Newham E09000025,2011,10
East Hertfordshire E07000242,2011,3
England E92000001,2011,2181
Spelthorne E07000213,2011,2
Charnwood E07000130,2011,2
North Dorset E07000050,2011,6
Shropshire E06000051,2011,13
Hinckley and Bosworth E07000132,2011,1
Melton E07000133,2011,0
Epsom and Ewell E07000208,2011,3
Hillingdon E09000017,2011,15
West Dorset E07000052,2011,2
Kingston upon Thames E09000021,2011,5
South Derbyshire E07000039,2011,1
Newcastle-under-Lyme E07000195,2011,4
Three Rivers E07000102,2011,1
St Albans E07000240,2011,11
Wiltshire E06000054,2011,6
Guildford E07000209,2011,4
Kettering E07000153,2011,1
Harrow E09000015,2011,1
Leicester E06000016,2011,50
Runnymede E07000212,2011,8
Islington E09000019,2011,5
Camden E09000007,2011,7
North East Derbyshire E07000038,2013,0
Bath and North East Somerset E06000022,2013,33
Amber Valley E07000032,2013,6
County Durham E06000047,2013,3
Wycombe E07000007,2013,9
Rother E07000064,2013,5
Sevenoaks E07000111,2013,2
Castle Point E07000069,2013,2
Newcastle upon Tyne E08000021,2013,6
Knowsley E08000011,2013,1
Bromley E09000006,2013,5
Kingston upon Thames E09000021,2013,11
Liverpool E08000012,2013,6
Broxtowe E07000172,2013,0
Ashfield E07000170,2013,12
Lambeth E09000022,2013,21
Wandsworth E09000032,2013,7
Fareham E07000087,2013,8
Lewisham E09000023,2013,16
Hinckley and Bosworth E07000132,2013,3
Gosport E07000088,2013,6
Croydon E09000008,2013,25
Newham E09000025,2013,22
Northumberland E06000057,2013,2
Stafford E07000197,2013,4
South Hams E07000044,2013,8
Stockport E08000007,2013,3
Doncaster E08000017,2013,9
Halton E06000006,2013,2
North Tyneside E08000022,2013,0
Lewes E07000063,2013,0
Tunbridge Wells E07000116,2013,12
Stockton-on-Tees E06000004,2013,0
Horsham E07000227,2013,5
Telford and Wrekin E06000020,2013,6
St Albans E07000240,2013,16
Worthing E07000229,2013,17
Ryedale E07000167,2013,0
Bassetlaw E07000171,2013,17
Hastings E07000062,2013,15
Brighton and Hove E06000043,2013,50
Rochdale E08000005,2013,6
Rotherham E08000018,2013,5
West Lancashire E07000127,2013,1
Mid Sussex E07000228,2013,6
East Staffordshire E07000193,2013,2
Three Rivers E07000102,2013,0
Plymouth E06000026,2013,9
Surrey Heath E07000214,2013,0
North Lincolnshire E06000013,2013,9
Wealden E07000065,2013,0
Darlington E06000005,2013,2
Sunderland E08000024,2013,1
Blaby E07000129,2013,0
Wigan E08000010,2013,13
Carlisle E07000028,2013,6
Chichester E07000225,2013,19
Basingstoke and Deane E07000084,2013,5
Hounslow E09000018,2013,17
Runnymede E07000212,2013,2
Gateshead E08000037,2013,0
Barnet E09000003,2013,24
Eastbourne E07000061,2013,6
Richmond upon Thames E09000027,2013,15
Arun E07000224,2013,18
Sefton E08000014,2013,9
Bracknell Forest E06000036,2013,2
Portsmouth E06000044,2013,7
Hambleton E07000164,2013,0
Rushcliffe E07000176,2013,1
Adur E07000223,2013,1
Havant E07000090,2013,0
Richmondshire E07000166,2013,0
Winchester E07000094,2013,11
Hertsmere E07000098,2013,2
Fenland E07000010,2013,10
Slough E06000039,2013,30
Cherwell E07000177,2013,14
Sedgemoor E07000188,2013,2
Babergh E07000200,2013,4
Test Valley E07000093,2013,6
Mid Suffolk E07000203,2013,0
Camden E09000007,2013,4
St Edmundsbury E07000204,2013,2
Crawley E07000226,2013,17
Colchester E07000071,2013,35
Stevenage E07000243,2013,13
Forest Heath E07000201,2013,1
Tendring E07000076,2013,3
Thanet E07000114,2013,14
Windsor and Maidenhead E06000040,2013,7
South Staffordshire E07000196,2013,0
Huntingdonshire E07000011,2013,1
Maidstone E07000110,2013,14
East Cambridgeshire E07000009,2013,2
Dover E07000108,2013,5
King's Lynn and West Norfolk E07000146,2013,3
Tandridge E07000215,2013,1
Hackney E09000012,2013,12
Woking E07000217,2013,8
Mendip E07000187,2013,16
Canterbury E07000106,2013,22
Chesterfield E07000034,2013,9
Islington E09000019,2013,19
Maldon E07000074,2013,0
Brentwood E07000068,2013,0
Milton Keynes E06000042,2013,8
Wirral E08000015,2013,7
Thurrock E06000034,2013,3
High Peak E07000037,2013,2
North Dorset E07000050,2013,0
Epping Forest E07000072,2013,2
"Kingston upon Hull, City of E06000010",2013,13
Chelmsford E07000070,2013,11
Basildon E07000066,2013,4
Newcastle-under-Lyme E07000195,2013,4
Braintree E07000067,2013,1
Shropshire E06000051,2013,12
Southwark E09000028,2013,24
Ipswich E07000202,2013,5
West Dorset E07000052,2013,3
Harlow E07000073,2013,8
Charnwood E07000130,2013,4
Luton E06000032,2013,22
Sheffield E08000019,2013,17
Barking and Dagenham E09000002,2013,0
Havering E09000016,2013,2
Cheshire West and Chester E06000050,2013,0
Waltham Forest E09000031,2013,3
Gravesham E07000109,2013,8
Medway E06000035,2013,6
Derbyshire Dales E07000035,2013,3
Preston E07000123,2013,5
South Norfolk E07000149,2013,0
North West Leicestershire E07000134,2013,0
Chiltern E07000005,2013,4
Bexley E09000004,2013,4
Reading E06000038,2013,8
Eden E07000030,2013,0
Bedford E06000055,2013,26
"Bristol, City of E06000023",2013,41
Eastleigh E07000086,2013,2
Greenwich E09000011,2013,1
Wiltshire E06000054,2013,5
Dartford E07000107,2013,12
Bolsover E07000033,2013,4
Rochford E07000075,2013,1
Erewash E07000036,2013,4
Isle of Wight E06000046,2013,9
Breckland E07000143,2013,4
North Somerset E06000024,2013,1
Tonbridge and Malling E07000115,2013,4
Derby E06000015,2013,47
Southend-on-Sea E06000033,2013,19
South Bucks E07000006,2013,2
Wokingham E06000041,2013,3
Rugby E07000220,2013,6
Folkestone and Hythe E07000112,2013,4
Aylesbury Vale E07000004,2013,14
South Cambridgeshire E07000012,2013,2
Swale E07000113,2013,5
Haringey E09000014,2013,5
Cheshire East E06000049,2013,4
Epsom and Ewell E07000208,2013,4
Suffolk Coastal E07000205,2013,2
Peterborough E06000031,2013,11
Swindon E06000030,2013,6
Uttlesford E07000077,2013,2
South Gloucestershire E06000025,2013,1
Allerdale E07000026,2013,3
Coventry E08000026,2013,26
Enfield E09000010,2013,5
Nuneaton and Bedworth E07000219,2013,2
Waveney E07000206,2013,6
South Oxfordshire E07000179,2013,5
Ashford E07000105,2013,1
Cambridge E07000008,2013,9
South Northamptonshire E07000155,2013,2
Southampton E06000045,2013,13
Copeland E07000029,2013,0
South Somerset E07000189,2013,1
East Hertfordshire E07000242,2013,2
Leeds E08000035,2013,13
Waverley E07000216,2013,3
Hammersmith and Fulham E09000013,2013,10
Redditch E07000236,2013,2
Scarborough E07000168,2013,7
Merton E09000024,2013,9
Reigate and Banstead E07000211,2013,6
Boston E07000136,2013,5
Fylde E07000119,2013,4
Tamworth E07000199,2013,3
Warwick E07000222,2013,14
Wellingborough E07000156,2013,7
Great Yarmouth E07000145,2013,7
South Derbyshire E07000039,2013,0
Nottingham E06000018,2013,9
Redbridge E09000026,2013,17
Cannock Chase E07000192,2013,2
Bradford E08000032,2013,12
City of London E09000001,2013,35
Cornwall E06000052,2013,77
Barrow-in-Furness E07000027,2013,1
Redcar and Cleveland E06000003,2013,3
Kensington and Chelsea E09000020,2013,23
Guildford E07000209,2013,8
Brent E09000005,2013,6
Mole Valley E07000210,2013,2
Blackpool E06000009,2013,1
South Lakeland E07000031,2013,1
Wyre Forest E07000239,2013,8
Lichfield E07000194,2013,3
North Hertfordshire E07000099,2013,0
Sandwell E08000028,2013,3
Corby E07000150,2013,10
Tameside E08000008,2013,2
Calderdale E08000033,2013,5
Kirklees E08000034,2013,4
Tower Hamlets E09000030,2013,4
Harrogate E07000165,2013,2
Kettering E07000153,2013,11
Malvern Hills E07000235,2013,2
Mansfield E07000174,2013,5
Wolverhampton E08000031,2013,6
Taunton Deane E07000190,2013,7
North Kesteven E07000139,2013,0
Newark and Sherwood E07000175,2013,4
England E92000001,2013,2414
Norwich E07000148,2013,5
Hyndburn E07000120,2013,3
Mid Devon E07000042,2013,1
Broadland E07000144,2013,1
West Oxfordshire E07000181,2013,2
West Devon E07000047,2013,0
Pendle E07000122,2013,1
North Devon E07000043,2013,7
West Somerset E07000191,2013,2
Solihull E08000029,2013,5
Rossendale E07000125,2013,2
Oldham E08000004,2013,2
Cheltenham E07000078,2013,3
Daventry E07000151,2013,0
Ribble Valley E07000124,2013,1
Burnley E07000117,2013,2
Bromsgrove E07000234,2013,1
Watford E07000103,2013,15
Teignbridge E07000045,2013,0
Broxbourne E07000095,2013,6
Chorley E07000118,2013,1
Vale of White Horse E07000180,2013,5
Exeter E07000041,2013,23
Worcester E07000237,2013,21
Harborough E07000131,2013,0
Hartlepool E06000001,2013,0
Westminster E09000033,2013,140
Tewkesbury E07000083,2013,1
South Ribble E07000126,2013,3
Lincoln E07000138,2013,11
Torridge E07000046,2013,3
Stoke-on-Trent E06000021,2013,16
Warrington E06000007,2013,11
Rutland E06000017,2013,0
North Norfolk E07000147,2013,5
Oadby and Wigston E07000135,2013,1
Blackburn with Darwen E06000008,2013,0
Craven E07000163,2013,2
Birmingham E08000025,2013,14
East Lindsey E07000137,2013,2
Walsall E08000030,2013,8
New Forest E07000091,2013,3
Selby E07000169,2013,1
Staffordshire Moorlands E07000198,2013,3
Hart E07000089,2013,1
Wakefield E08000036,2013,7
Torbay E06000027,2013,5
York E06000014,2013,9
North Warwickshire E07000218,2013,1
Dacorum E07000096,2013,9
Cotswold E07000079,2013,2
Barnsley E08000016,2013,0
East Riding of Yorkshire E06000011,2013,8
South Holland E07000140,2013,2
Wychavon E07000238,2013,12
Lancaster E07000121,2013,5
Isles of Scilly E06000053,2013,0
Stratford-on-Avon E07000221,2013,8
West Berkshire E06000037,2013,8
St. Helens E08000013,2013,1
Melton E07000133,2013,1
Bury E08000002,2013,10
Harrow E09000015,2013,4
Gedling E07000173,2013,0
West Lindsey E07000142,2013,0
Bolton E08000001,2013,1
East Northamptonshire E07000152,2013,3
Stroud E07000082,2013,5
London E12000007,2013,543
Christchurch E07000048,2013,1
North East Lincolnshire E06000012,2013,6
Elmbridge E07000207,2013,3
Rushmoor E07000092,2013,7
Spelthorne E07000213,2013,7
Oxford E07000178,2013,19
Central Bedfordshire E06000056,2013,13
Sutton E09000029,2013,0
Manchester E08000003,2013,24
Trafford E08000009,2013,2
East Devon E07000040,2013,4
Middlesbrough E06000002,2013,6
South Kesteven E07000141,2013,1
Dudley E08000027,2013,6
Poole E06000029,2013,7
Gloucester E07000081,2013,11
Wyre E07000128,2013,1
"Herefordshire, County of E06000019",2013,23
Purbeck E07000051,2013,1
South Tyneside E08000023,2013,2
Hillingdon E09000017,2013,38
Weymouth and Portland E07000053,2013,6
Ealing E09000009,2013,15
Bournemouth E06000028,2013,16
Salford E08000006,2013,7
Welwyn Hatfield E07000241,2013,1
East Hampshire E07000085,2013,2
Leicester E06000016,2013,11
East Dorset E07000049,2013,0
Northampton E07000154,2013,9
Forest of Dean E07000080,2013,0
"Kingston upon Hull, City of E06000010",2016,15
North Dorset E07000050,2016,1
Torridge E07000046,2016,2
Folkestone and Hythe E07000112,2016,9
High Peak E07000037,2016,1
Windsor and Maidenhead E06000040,2016,8
Dover E07000108,2016,9
Basildon E07000066,2016,17
South Northamptonshire E07000155,2016,3
Gedling E07000173,2016,0
Norwich E07000148,2016,34
Mendip E07000187,2016,16
Spelthorne E07000213,2016,18
Broadland E07000144,2016,0
Brentwood E07000068,2016,1
Mansfield E07000174,2016,27
Daventry E07000151,2016,4
Cheltenham E07000078,2016,11
West Devon E07000047,2016,0
Forest of Dean E07000080,2016,0
Babergh E07000200,2016,7
Sheffield E08000019,2016,15
Corby E07000150,2016,6
Gloucester E07000081,2016,23
Tendring E07000076,2016,5
Cherwell E07000177,2016,17
Stroud E07000082,2016,2
Fylde E07000119,2016,5
"Herefordshire, County of E06000019",2016,21
Kettering E07000153,2016,3
Harlow E07000073,2016,20
Blackpool E06000009,2016,11
Crawley E07000226,2016,15
Luton E06000032,2016,76
Wyre E07000128,2016,0
West Dorset E07000052,2016,2
South Kesteven E07000141,2016,1
Colchester E07000071,2016,20
Northampton E07000154,2016,14
Teignbridge E07000045,2016,3
Thurrock E06000034,2016,4
Thanet E07000114,2016,33
Milton Keynes E06000042,2016,38
Newcastle-under-Lyme E07000195,2016,0
Cotswold E07000079,2016,6
Woking E07000217,2016,12
Aylesbury Vale E07000004,2016,26
East Northamptonshire E07000152,2016,4
Tewkesbury E07000083,2016,0
Tandridge E07000215,2016,2
Wellingborough E07000156,2016,5
Havering E09000016,2016,24
Charnwood E07000130,2016,1
Test Valley E07000093,2016,5
Sedgemoor E07000188,2016,2
Canterbury E07000106,2016,50
Cornwall E06000052,2016,99
North West Leicestershire E07000134,2016,1
Hart E07000089,2016,0
Weymouth and Portland E07000053,2016,11
Sunderland E08000024,2016,4
Oxford E07000178,2016,33
Havant E07000090,2016,8
East Devon E07000040,2016,5
East Hampshire E07000085,2016,2
Barnsley E08000016,2016,2
South Tyneside E08000023,2016,4
North Tyneside E08000022,2016,1
Richmondshire E07000166,2016,0
Darlington E06000005,2016,5
Winchester E07000094,2016,4
Portsmouth E06000044,2016,37
Gosport E07000088,2016,6
Broxtowe E07000172,2016,1
Basingstoke and Deane E07000084,2016,26
Barnet E09000003,2016,22
Malvern Hills E07000235,2016,1
Ashfield E07000170,2016,9
Brent E09000005,2016,24
Ealing E09000009,2016,27
County Durham E06000047,2016,12
Gateshead E08000037,2016,4
Kensington and Chelsea E09000020,2016,14
Kingston upon Thames E09000021,2016,23
Wyre Forest E07000239,2016,1
Selby E07000169,2016,0
South Hams E07000044,2016,3
Plymouth E06000026,2016,20
Rushmoor E07000092,2016,9
Elmbridge E07000207,2016,4
Melton E07000133,2016,0
Three Rivers E07000102,2016,1
Hillingdon E09000017,2016,28
Bassetlaw E07000171,2016,10
Rotherham E08000018,2016,6
South Holland E07000140,2016,4
Surrey Heath E07000214,2016,12
North Lincolnshire E06000013,2016,11
East Riding of Yorkshire E06000011,2016,13
East Lindsey E07000137,2016,7
Harrow E09000015,2016,10
West Berkshire E06000037,2016,14
North East Lincolnshire E06000012,2016,13
Bracknell Forest E06000036,2016,10
Hambleton E07000164,2016,0
Hertsmere E07000098,2016,7
West Lindsey E07000142,2016,1
Doncaster E08000017,2016,13
Runnymede E07000212,2016,5
Ryedale E07000167,2016,1
Stockton-on-Tees E06000004,2016,4
Richmond upon Thames E09000027,2016,19
Mid Devon E07000042,2016,4
South Gloucestershire E06000025,2016,3
North Norfolk E07000147,2016,2
Bexley E09000004,2016,11
Nuneaton and Bedworth E07000219,2016,2
Reading E06000038,2016,22
Bedford E06000055,2016,59
Chiltern E07000005,2016,1
Oadby and Wigston E07000135,2016,1
Tonbridge and Malling E07000115,2016,4
Broxbourne E07000095,2016,3
Gravesham E07000109,2016,12
Preston E07000123,2016,17
Exeter E07000041,2016,41
Cheshire East E06000049,2016,4
Swale E07000113,2016,6
Ashford E07000105,2016,8
South Somerset E07000189,2016,8
Wokingham E06000041,2016,11
West Somerset E07000191,2016,2
North Devon E07000043,2016,16
West Oxfordshire E07000181,2016,0
Coventry E08000026,2016,13
South Oxfordshire E07000179,2016,7
Rutland E06000017,2016,2
Mole Valley E07000210,2016,1
Taunton Deane E07000190,2016,20
Wycombe E07000007,2016,13
Bath and North East Somerset E06000022,2016,25
Amber Valley E07000032,2016,4
Hammersmith and Fulham E09000013,2016,6
South Derbyshire E07000039,2016,1
Wiltshire E06000054,2016,18
Nottingham E06000018,2016,35
Guildford E07000209,2016,13
North East Derbyshire E07000038,2016,2
Wolverhampton E08000031,2016,18
Harborough E07000131,2016,1
Fareham E07000087,2016,18
Tower Hamlets E09000030,2016,11
Redbridge E09000026,2016,60
South Bucks E07000006,2016,4
Waverley E07000216,2016,4
Newcastle upon Tyne E08000021,2016,5
Derby E06000015,2016,21
Westminster E09000033,2016,260
Vale of White Horse E07000180,2016,8
Rushcliffe E07000176,2016,0
Great Yarmouth E07000145,2016,7
City of London E09000001,2016,50
Erewash E07000036,2016,4
Bolsover E07000033,2016,7
Isle of Wight E06000046,2016,16
Chichester E07000225,2016,19
Warrington E06000007,2016,5
Waveney E07000206,2016,20
Hounslow E09000018,2016,34
Eastleigh E07000086,2016,0
Southampton E06000045,2016,23
Newark and Sherwood E07000175,2016,6
Stockport E08000007,2016,10
Medway E06000035,2016,14
Middlesbrough E06000002,2016,2
Adur E07000223,2016,3
Copeland E07000029,2016,0
Eden E07000030,2016,0
Tameside E08000008,2016,19
Derbyshire Dales E07000035,2016,2
Craven E07000163,2016,1
Lincoln E07000138,2016,12
Purbeck E07000051,2016,2
Lancaster E07000121,2016,8
Pendle E07000122,2016,1
East Dorset E07000049,2016,0
Allerdale E07000026,2016,3
Enfield E09000010,2016,6
Stafford E07000197,2016,15
Oldham E08000004,2016,3
Swindon E06000030,2016,28
South Staffordshire E07000196,2016,1
Telford and Wrekin E06000020,2016,9
Peterborough E06000031,2016,21
Isles of Scilly E06000053,2016,1
Hyndburn E07000120,2016,2
Bromsgrove E07000234,2016,2
Sefton E08000014,2016,4
Uttlesford E07000077,2016,0
Central Bedfordshire E06000056,2016,19
Carlisle E07000028,2016,1
Cambridge E07000008,2016,40
Sutton E09000029,2016,8
Haringey E09000014,2016,29
New Forest E07000091,2016,4
Burnley E07000117,2016,4
Rossendale E07000125,2016,1
Watford E07000103,2016,13
South Cambridgeshire E07000012,2016,0
Ribble Valley E07000124,2016,1
Solihull E08000029,2016,6
Breckland E07000143,2016,3
South Lakeland E07000031,2016,3
Leeds E08000035,2016,20
Rother E07000064,2016,1
Staffordshire Moorlands E07000198,2016,2
Croydon E09000008,2016,68
Newham E09000025,2016,41
Rochford E07000075,2016,0
East Hertfordshire E07000242,2016,9
Sevenoaks E07000111,2016,2
Scarborough E07000168,2016,8
Bournemouth E06000028,2016,39
Harrogate E07000165,2016,8
Wigan E08000010,2016,28
Bromley E09000006,2016,3
Northumberland E06000057,2016,0
Liverpool E08000012,2016,21
Lewisham E09000023,2016,16
Lambeth E09000022,2016,17
Kirklees E08000034,2016,5
Castle Point E07000069,2016,0
Calderdale E08000033,2016,6
Redcar and Cleveland E06000003,2016,0
Chorley E07000118,2016,0
Waltham Forest E09000031,2016,47
Poole E06000029,2016,11
North Somerset E06000024,2016,8
Birmingham E08000025,2016,55
Wealden E07000065,2016,7
Southend-on-Sea E06000033,2016,44
South Norfolk E07000149,2016,0
North Hertfordshire E07000099,2016,2
Hinckley and Bosworth E07000132,2016,1
"Bristol, City of E06000023",2016,74
England E92000001,2016,4134
Bradford E08000032,2016,10
Greenwich E09000011,2016,8
Wandsworth E09000032,2016,5
Knowsley E08000011,2016,2
Barrow-in-Furness E07000027,2016,4
Epsom and Ewell E07000208,2016,3
South Ribble E07000126,2016,2
Merton E09000024,2016,11
Dartford E07000107,2016,9
Eastbourne E07000061,2016,19
Hartlepool E06000001,2016,4
Rugby E07000220,2016,0
Lichfield E07000194,2016,1
Barking and Dagenham E09000002,2016,5
Rochdale E08000005,2016,12
Welwyn Hatfield E07000241,2016,3
London E12000007,2016,964
Chesterfield E07000034,2016,10
Maldon E07000074,2016,3
Stoke-on-Trent E06000021,2016,17
Braintree E07000067,2016,1
Trafford E08000009,2016,2
Worthing E07000229,2016,11
Chelmsford E07000070,2016,14
Bolton E08000001,2016,8
Forest Heath E07000201,2016,6
Stevenage E07000243,2016,17
St Edmundsbury E07000204,2016,15
Ipswich E07000202,2016,27
Lewes E07000063,2016,3
Tamworth E07000199,2016,8
Halton E06000006,2016,3
Sandwell E08000028,2016,11
Dudley E08000027,2016,3
Islington E09000019,2016,11
Leicester E06000016,2016,36
Shropshire E06000051,2016,13
Wirral E08000015,2016,11
Brighton and Hove E06000043,2016,144
West Lancashire E07000127,2016,0
Wychavon E07000238,2016,2
Southwark E09000028,2016,32
Blaby E07000129,2016,0
Walsall E08000030,2016,26
Torbay E06000027,2016,20
Stratford-on-Avon E07000221,2016,13
Mid Sussex E07000228,2016,7
Cheshire West and Chester E06000050,2016,7
York E06000014,2016,18
Salford E08000006,2016,26
Hastings E07000062,2016,26
Wakefield E08000036,2016,7
Mid Suffolk E07000203,2016,1
Dacorum E07000096,2016,6
Warwick E07000222,2016,18
Reigate and Banstead E07000211,2016,1
King's Lynn and West Norfolk E07000146,2016,42
Maidstone E07000110,2016,35
East Staffordshire E07000193,2016,6
Arun E07000224,2016,19
Huntingdonshire E07000011,2016,3
Worcester E07000237,2016,10
Hackney E09000012,2016,17
Blackburn with Darwen E06000008,2016,2
Manchester E08000003,2016,78
Cannock Chase E07000192,2016,4
Slough E06000039,2016,25
North Warwickshire E07000218,2016,6
Redditch E07000236,2016,5
North Kesteven E07000139,2016,3
St Albans E07000240,2016,13
Epping Forest E07000072,2016,2
Bury E08000002,2016,3
Camden E09000007,2016,17
Boston E07000136,2016,5
Tunbridge Wells E07000116,2016,15
Fenland E07000010,2016,7
Christchurch E07000048,2016,10
East Cambridgeshire E07000009,2016,4
St. Helens E08000013,2016,2
Horsham E07000227,2016,6
Suffolk Coastal E07000205,2016,6
Kensington and Chelsea E09000020,2015,24
East Hampshire E07000085,2015,1
Harborough E07000131,2015,2
Malvern Hills E07000235,2015,4
Salford E08000006,2015,16
South Tyneside E08000023,2015,0
Wyre Forest E07000239,2015,5
Rotherham E08000018,2015,3
Rochdale E08000005,2015,2
East Riding of Yorkshire E06000011,2015,16
Harrogate E07000165,2015,7
South Holland E07000140,2015,3
Nottingham E06000018,2015,14
Redcar and Cleveland E06000003,2015,3
Bournemouth E06000028,2015,47
East Staffordshire E07000193,2015,7
Bury E08000002,2015,9
New Forest E07000091,2015,2
North East Lincolnshire E06000012,2015,6
Runnymede E07000212,2015,3
Dacorum E07000096,2015,4
East Dorset E07000049,2015,3
West Lindsey E07000142,2015,0
Barnsley E08000016,2015,9
Harrow E09000015,2015,6
Central Bedfordshire E06000056,2015,10
Christchurch E07000048,2015,8
West Berkshire E06000037,2015,15
Hart E07000089,2015,1
Isles of Scilly E06000053,2015,0
East Lindsey E07000137,2015,6
Elmbridge E07000207,2015,7
Poole E06000029,2015,10
Torbay E06000027,2015,21
East Devon E07000040,2015,8
Hillingdon E09000017,2015,36
Oxford E07000178,2015,39
St. Helens E08000013,2015,2
Leicester E06000016,2015,22
Ealing E09000009,2015,31
Rushmoor E07000092,2015,15
Middlesbrough E06000002,2015,5
Purbeck E07000051,2015,5
Lancaster E07000121,2015,8
Selby E07000169,2015,0
South Lakeland E07000031,2015,0
Weymouth and Portland E07000053,2015,6
Bolton E08000001,2015,8
Redditch E07000236,2015,0
Stoke-on-Trent E06000021,2015,14
Wellingborough E07000156,2015,7
Bromsgrove E07000234,2015,4
Mole Valley E07000210,2015,3
Warwick E07000222,2015,19
Cornwall E06000052,2015,65
Tamworth E07000199,2015,5
Sandwell E08000028,2015,4
Northampton E07000154,2015,25
Tewkesbury E07000083,2015,0
Rutland E06000017,2015,0
Fylde E07000119,2015,1
Hyndburn E07000120,2015,4
West Devon E07000047,2015,0
Torridge E07000046,2015,0
Daventry E07000151,2015,1
Cheltenham E07000078,2015,1
Oldham E08000004,2015,2
Norwich E07000148,2015,13
Worcester E07000237,2015,27
North Kesteven E07000139,2015,0
Teignbridge E07000045,2015,1
Mansfield E07000174,2015,8
Blackburn with Darwen E06000008,2015,2
Corby E07000150,2015,10
Wychavon E07000238,2015,1
Stroud E07000082,2015,1
Stratford-on-Avon E07000221,2015,9
London E12000007,2015,940
Gedling E07000173,2015,0
Gloucester E07000081,2015,13
Dudley E08000027,2015,3
Manchester E08000003,2015,70
Forest of Dean E07000080,2015,2
North Warwickshire E07000218,2015,5
South Kesteven E07000141,2015,2
Cotswold E07000079,2015,4
Walsall E08000030,2015,7
East Northamptonshire E07000152,2015,3
Reigate and Banstead E07000211,2015,3
Boston E07000136,2015,7
"Herefordshire, County of E06000019",2015,12
Blackpool E06000009,2015,5
Cannock Chase E07000192,2015,4
Kettering E07000153,2015,5
Wyre E07000128,2015,1
Wakefield E08000036,2015,5
Spelthorne E07000213,2015,12
Lichfield E07000194,2015,3
York E06000014,2015,18
Redbridge E09000026,2015,43
Leeds E08000035,2015,13
Hartlepool E06000001,2015,4
Great Yarmouth E07000145,2015,9
City of London E09000001,2015,48
Scarborough E07000168,2015,5
Barrow-in-Furness E07000027,2015,4
Westminster E09000033,2015,265
Birmingham E08000025,2015,36
South Ribble E07000126,2015,0
Bradford E08000032,2015,16
South Derbyshire E07000039,2015,1
Tameside E08000008,2015,14
Waverley E07000216,2015,2
Sutton E09000029,2015,6
Brent E09000005,2015,55
Staffordshire Moorlands E07000198,2015,4
Trafford E08000009,2015,1
North Hertfordshire E07000099,2015,5
Kirklees E08000034,2015,6
Tower Hamlets E09000030,2015,12
Hammersmith and Fulham E09000013,2015,5
Wolverhampton E08000031,2015,13
Calderdale E08000033,2015,2
East Hertfordshire E07000242,2015,5
Oadby and Wigston E07000135,2015,2
Newark and Sherwood E07000175,2015,10
Taunton Deane E07000190,2015,21
Burnley E07000117,2015,3
Warrington E06000007,2015,5
Mid Devon E07000042,2015,7
Merton E09000024,2015,6
Rossendale E07000125,2015,0
Watford E07000103,2015,12
West Somerset E07000191,2015,4
Ribble Valley E07000124,2015,2
Solihull E08000029,2015,5
North Devon E07000043,2015,28
North Norfolk E07000147,2015,3
Vale of White Horse E07000180,2015,5
England E92000001,2015,3569
Lincoln E07000138,2015,14
Chorley E07000118,2015,1
Broxbourne E07000095,2015,0
Broadland E07000144,2015,1
Pendle E07000122,2015,0
West Oxfordshire E07000181,2015,3
Guildford E07000209,2015,14
Craven E07000163,2015,3
Exeter E07000041,2015,27
Cambridge E07000008,2015,18
North West Leicestershire E07000134,2015,0
Ashford E07000105,2015,5
South Oxfordshire E07000179,2015,5
Swale E07000113,2015,6
Cheshire East E06000049,2015,0
Southampton E06000045,2015,31
Copeland E07000029,2015,2
Eastleigh E07000086,2015,0
Nuneaton and Bedworth E07000219,2015,1
Allerdale E07000026,2015,0
Coventry E08000026,2015,9
Wokingham E06000041,2015,14
South Somerset E07000189,2015,5
Haringey E09000014,2015,22
East Cambridgeshire E07000009,2015,1
Swindon E06000030,2015,18
Dover E07000108,2015,9
Suffolk Coastal E07000205,2015,4
Newcastle-under-Lyme E07000195,2015,7
Hackney E09000012,2015,20
South Cambridgeshire E07000012,2015,0
Folkestone and Hythe E07000112,2015,13
Waveney E07000206,2015,6
Windsor and Maidenhead E06000040,2015,35
Uttlesford E07000077,2015,2
Peterborough E06000031,2015,15
Dartford E07000107,2015,10
Bedford E06000055,2015,51
Rushcliffe E07000176,2015,3
Medway E06000035,2015,14
Kingston upon Thames E09000021,2015,14
North Somerset E06000024,2015,6
Derby E06000015,2015,10
Hinckley and Bosworth E07000132,2015,1
Isle of Wight E06000046,2015,4
South Bucks E07000006,2015,0
Bolsover E07000033,2015,4
Wiltshire E06000054,2015,23
Greenwich E09000011,2015,14
Enfield E09000010,2015,7
Bexley E09000004,2015,6
Chiltern E07000005,2015,1
Preston E07000123,2015,8
Reading E06000038,2015,16
South Norfolk E07000149,2015,0
Eden E07000030,2015,3
Southend-on-Sea E06000033,2015,40
Waltham Forest E09000031,2015,33
Tonbridge and Malling E07000115,2015,0
South Gloucestershire E06000025,2015,3
Gravesham E07000109,2015,6
"Bristol, City of E06000023",2015,97
Havering E09000016,2015,10
Wirral E08000015,2015,8
Sheffield E08000019,2015,11
Cheshire West and Chester E06000050,2015,5
Charnwood E07000130,2015,3
Thurrock E06000034,2015,7
Islington E09000019,2015,9
Braintree E07000067,2015,4
Camden E09000007,2015,15
West Dorset E07000052,2015,6
Harlow E07000073,2015,15
Ipswich E07000202,2015,16
Milton Keynes E06000042,2015,29
Chelmsford E07000070,2015,12
"Kingston upon Hull, City of E06000010",2015,23
Shropshire E06000051,2015,7
North Dorset E07000050,2015,0
High Peak E07000037,2015,3
Epping Forest E07000072,2015,1
Basildon E07000066,2015,13
Southwark E09000028,2015,32
Barking and Dagenham E09000002,2015,20
Maldon E07000074,2015,1
Woking E07000217,2015,12
Chesterfield E07000034,2015,0
Brentwood E07000068,2015,0
Canterbury E07000106,2015,47
South Northamptonshire E07000155,2015,0
Mendip E07000187,2015,20
King's Lynn and West Norfolk E07000146,2015,5
Slough E06000039,2015,17
Fenland E07000010,2015,6
Tandridge E07000215,2015,2
Thanet E07000114,2015,17
Maidstone E07000110,2015,38
Huntingdonshire E07000011,2015,2
Cherwell E07000177,2015,21
South Staffordshire E07000196,2015,2
Aylesbury Vale E07000004,2015,15
Tendring E07000076,2015,7
St Edmundsbury E07000204,2015,7
Forest Heath E07000201,2015,4
Rugby E07000220,2015,19
Colchester E07000071,2015,9
Sedgemoor E07000188,2015,6
Stevenage E07000243,2015,5
Babergh E07000200,2015,2
Test Valley E07000093,2015,3
Mid Suffolk E07000203,2015,2
Crawley E07000226,2015,33
Luton E06000032,2015,53
Epsom and Ewell E07000208,2015,6
Hounslow E09000018,2015,27
Chichester E07000225,2015,17
Richmondshire E07000166,2015,0
Hertsmere E07000098,2015,10
Stafford E07000197,2015,5
Winchester E07000094,2015,5
Darlington E06000005,2015,1
Hambleton E07000164,2015,0
St Albans E07000240,2015,19
Melton E07000133,2015,0
Telford and Wrekin E06000020,2015,8
Sefton E08000014,2015,4
Adur E07000223,2015,0
Gateshead E08000037,2015,1
Newcastle upon Tyne E08000021,2015,8
Eastbourne E07000061,2015,10
Knowsley E08000011,2015,1
Wandsworth E09000032,2015,23
County Durham E06000047,2015,3
Barnet E09000003,2015,21
Sunderland E08000024,2015,4
Havant E07000090,2015,10
Blaby E07000129,2015,0
Carlisle E07000028,2015,0
Wealden E07000065,2015,0
Hastings E07000062,2015,16
North Lincolnshire E06000013,2015,6
Brighton and Hove E06000043,2015,78
Richmond upon Thames E09000027,2015,11
Lewes E07000063,2015,9
Doncaster E08000017,2015,9
Mid Sussex E07000228,2015,6
Surrey Heath E07000214,2015,18
Welwyn Hatfield E07000241,2015,14
Plymouth E06000026,2015,12
North Tyneside E08000022,2015,1
West Lancashire E07000127,2015,1
Bassetlaw E07000171,2015,23
Halton E06000006,2015,1
Stockton-on-Tees E06000004,2015,3
Tunbridge Wells E07000116,2015,15
Stockport E08000007,2015,9
Arun E07000224,2015,15
Portsmouth E06000044,2015,15
Ryedale E07000167,2015,2
Horsham E07000227,2015,3
Worthing E07000229,2015,19
South Hams E07000044,2015,9
Bracknell Forest E06000036,2015,5
Three Rivers E07000102,2015,1
Newham E09000025,2015,28
Broxtowe E07000172,2015,0
Bath and North East Somerset E06000022,2015,22
Croydon E09000008,2015,51
Castle Point E07000069,2015,0
Fareham E07000087,2015,6
Bromley E09000006,2015,4
Northumberland E06000057,2015,5
Wycombe E07000007,2015,11
Liverpool E08000012,2015,15
Derbyshire Dales E07000035,2015,3
Lewisham E09000023,2015,9
North East Derbyshire E07000038,2015,3
Ashfield E07000170,2015,8
Wigan E08000010,2015,3
Lambeth E09000022,2015,27
Erewash E07000036,2015,1
Rother E07000064,2015,5
Amber Valley E07000032,2015,4
Basingstoke and Deane E07000084,2015,20
Gosport E07000088,2015,4
Breckland E07000143,2015,4
Sevenoaks E07000111,2015,6
Rochford E07000075,2015,0
Barking and Dagenham E09000002,2017,0
West Lancashire E07000127,2017,0
South Northamptonshire E07000155,2017,2
East Northamptonshire E07000152,2017,6
Rugby E07000220,2017,6
Manchester E08000003,2017,94
Rushmoor E07000092,2017,5
South Bucks E07000006,2017,1
Tameside E08000008,2017,43
Leicester E06000016,2017,31
Lincoln E07000138,2017,28
"Kingston upon Hull, City of E06000010",2017,28
Rutland E06000017,2017,3
Maidstone E07000110,2017,41
North Tyneside E08000022,2017,2
Melton E07000133,2017,0
Barrow-in-Furness E07000027,2017,0
Waverley E07000216,2017,1
Ipswich E07000202,2017,21
Wakefield E08000036,2017,7
South Kesteven E07000141,2017,4
Stockport E08000007,2017,10
Surrey Heath E07000214,2017,5
Breckland E07000143,2017,1
Boston E07000136,2017,15
St. Helens E08000013,2017,9
"Herefordshire, County of E06000019",2017,11
Luton E06000032,2017,87
Milton Keynes E06000042,2017,48
Trafford E08000009,2017,5
Reigate and Banstead E07000211,2017,3
Halton E06000006,2017,4
Aylesbury Vale E07000004,2017,20
Cheltenham E07000078,2017,9
Merton E09000024,2017,5
Rushcliffe E07000176,2017,9
Suffolk Coastal E07000205,2017,3
Winchester E07000094,2017,9
Lancaster E07000121,2017,4
Wigan E08000010,2017,30
Hinckley and Bosworth E07000132,2017,0
North Kesteven E07000139,2017,1
Woking E07000217,2017,18
South Lakeland E07000031,2017,3
North West Leicestershire E07000134,2017,0
South Oxfordshire E07000179,2017,2
Knowsley E08000011,2017,0
Runnymede E07000212,2017,4
Epsom and Ewell E07000208,2017,3
Mansfield E07000174,2017,15
West Oxfordshire E07000181,2017,7
Bedford E06000055,2017,76
Blaby E07000129,2017,0
Newark and Sherwood E07000175,2017,4
Waveney E07000206,2017,8
Charnwood E07000130,2017,0
South Norfolk E07000149,2017,1
East Hampshire E07000085,2017,2
Nottingham E06000018,2017,43
Liverpool E08000012,2017,33
Tewkesbury E07000083,2017,2
Harborough E07000131,2017,0
South Tyneside E08000023,2017,1
Oldham E08000004,2017,2
Sutton E09000029,2017,3
Bracknell Forest E06000036,2017,6
Vale of White Horse E07000180,2017,10
Sefton E08000014,2017,9
Chiltern E07000005,2017,1
Basingstoke and Deane E07000084,2017,15
Spelthorne E07000213,2017,4
Newcastle upon Tyne E08000021,2017,10
Mid Suffolk E07000203,2017,2
Wycombe E07000007,2017,14
Cherwell E07000177,2017,9
Hart E07000089,2017,1
Medway E06000035,2017,44
Copeland E07000029,2017,1
Cambridge E07000008,2017,26
Allerdale E07000026,2017,1
South Cambridgeshire E07000012,2017,4
Southampton E06000045,2017,29
"Bristol, City of E06000023",2017,86
Eden E07000030,2017,1
Southend-on-Sea E06000033,2017,72
Eastleigh E07000086,2017,0
Enfield E09000010,2017,9
Hackney E09000012,2017,18
East Cambridgeshire E07000009,2017,2
Swindon E06000030,2017,45
King's Lynn and West Norfolk E07000146,2017,9
Huntingdonshire E07000011,2017,4
Peterborough E06000031,2017,31
South Staffordshire E07000196,2017,0
Uttlesford E07000077,2017,2
Haringey E09000014,2017,43
Wandsworth E09000032,2017,13
Lewisham E09000023,2017,22
Stafford E07000197,2017,7
Newham E09000025,2017,76
Lambeth E09000022,2017,34
Northumberland E06000057,2017,2
Eastbourne E07000061,2017,41
Bromley E09000006,2017,5
Rother E07000064,2017,4
Greenwich E09000011,2017,8
Waltham Forest E09000031,2017,44
Derbyshire Dales E07000035,2017,2
North Somerset E06000024,2017,7
Dartford E07000107,2017,9
Castle Point E07000069,2017,0
Croydon E09000008,2017,31
Sevenoaks E07000111,2017,4
Rochford E07000075,2017,11
Harlow E07000073,2017,24
West Dorset E07000052,2017,2
Havering E09000016,2017,22
Tendring E07000076,2017,6
Colchester E07000071,2017,20
Brentwood E07000068,2017,0
North Dorset E07000050,2017,3
Sheffield E08000019,2017,20
Thurrock E06000034,2017,9
Tandridge E07000215,2017,2
Canterbury E07000106,2017,36
Sedgemoor E07000188,2017,7
Thanet E07000114,2017,46
Mendip E07000187,2017,19
Newcastle-under-Lyme E07000195,2017,5
Crawley E07000226,2017,17
Test Valley E07000093,2017,2
Babergh E07000200,2017,1
Braintree E07000067,2017,0
Southwark E09000028,2017,44
St Edmundsbury E07000204,2017,22
Cheshire West and Chester E06000050,2017,18
Camden E09000007,2017,127
Fenland E07000010,2017,9
Slough E06000039,2017,27
Stevenage E07000243,2017,6
Forest Heath E07000201,2017,7
Shropshire E06000051,2017,13
Epping Forest E07000072,2017,2
Chelmsford E07000070,2017,17
High Peak E07000037,2017,3
Basildon E07000066,2017,24
Wirral E08000015,2017,14
Islington E09000019,2017,27
Chesterfield E07000034,2017,12
Maldon E07000074,2017,1
Warrington E06000007,2017,4
Birmingham E08000025,2017,57
Pendle E07000122,2017,0
Chorley E07000118,2017,0
Craven E07000163,2017,1
Ribble Valley E07000124,2017,0
Watford E07000103,2017,6
Worcester E07000237,2017,12
Solihull E08000029,2017,2
Burnley E07000117,2017,1
East Hertfordshire E07000242,2017,3
Leeds E08000035,2017,28
Scarborough E07000168,2017,1
Calderdale E08000033,2017,6
Kirklees E08000034,2017,8
England E92000001,2017,4751
Hartlepool E06000001,2017,4
Bradford E08000032,2017,15
South Ribble E07000126,2017,0
Wychavon E07000238,2017,3
Sandwell E08000028,2017,10
London E12000007,2017,1137
York E06000014,2017,29
Dudley E08000027,2017,11
North Warwickshire E07000218,2017,0
Walsall E08000030,2017,20
Stratford-on-Avon E07000221,2017,17
Stoke-on-Trent E06000021,2017,19
Blackburn with Darwen E06000008,2017,2
Bromsgrove E07000234,2017,1
Warwick E07000222,2017,21
Rossendale E07000125,2017,0
Hyndburn E07000120,2017,6
Tamworth E07000199,2017,4
Lichfield E07000194,2017,3
Redditch E07000236,2017,4
Cannock Chase E07000192,2017,5
Mid Sussex E07000228,2017,8
Lewes E07000063,2017,1
Welwyn Hatfield E07000241,2017,18
Worthing E07000229,2017,35
Tunbridge Wells E07000116,2017,20
Hastings E07000062,2017,40
Dacorum E07000096,2017,7
Brighton and Hove E06000043,2017,178
Rochdale E08000005,2017,8
Carlisle E07000028,2017,1
Chichester E07000225,2017,10
Adur E07000223,2017,2
Hounslow E09000018,2017,22
Wealden E07000065,2017,4
Telford and Wrekin E06000020,2017,10
Horsham E07000227,2017,7
St Albans E07000240,2017,5
Arun E07000224,2017,17
Middlesbrough E06000002,2017,6
North Hertfordshire E07000099,2017,5
Redcar and Cleveland E06000003,2017,0
East Dorset E07000049,2017,1
Purbeck E07000051,2017,1
Bournemouth E06000028,2017,48
Harrogate E07000165,2017,6
Poole E06000029,2017,13
Staffordshire Moorlands E07000198,2017,1
Torbay E06000027,2017,24
Bolton E08000001,2017,17
Bury E08000002,2017,10
East Staffordshire E07000193,2017,16
Salford E08000006,2017,49
New Forest E07000091,2017,7
Central Bedfordshire E06000056,2017,13
Isles of Scilly E06000053,2017,0
Christchurch E07000048,2017,5
Elmbridge E07000207,2017,8
Oxford E07000178,2017,61
West Berkshire E06000037,2017,20
Weymouth and Portland E07000053,2017,18
Barnsley E08000016,2017,0
West Lindsey E07000142,2017,0
Harrow E09000015,2017,10
East Lindsey E07000137,2017,9
North East Lincolnshire E06000012,2017,22
Wolverhampton E08000031,2017,19
Tower Hamlets E09000030,2017,21
Malvern Hills E07000235,2017,1
City of London E09000001,2017,36
Brent E09000005,2017,29
East Devon E07000040,2017,6
Ealing E09000009,2017,62
Kensington and Chelsea E09000020,2017,20
Wyre Forest E07000239,2017,4
South Hams E07000044,2017,7
Ryedale E07000167,2017,2
Stockton-on-Tees E06000004,2017,2
Three Rivers E07000102,2017,2
Doncaster E08000017,2017,8
Hertsmere E07000098,2017,6
Richmondshire E07000166,2017,0
Hambleton E07000164,2017,0
Portsmouth E06000044,2017,42
East Riding of Yorkshire E06000011,2017,10
Rotherham E08000018,2017,2
South Holland E07000140,2017,5
Selby E07000169,2017,0
Bassetlaw E07000171,2017,13
North Lincolnshire E06000013,2017,14
Hillingdon E09000017,2017,36
Plymouth E06000026,2017,26
Wellingborough E07000156,2017,12
Cornwall E06000052,2017,68
Teignbridge E07000045,2017,3
Blackpool E06000009,2017,13
Fylde E07000119,2017,2
Torridge E07000046,2017,4
Mole Valley E07000210,2017,0
Corby E07000150,2017,4
Norwich E07000148,2017,30
Cotswold E07000079,2017,1
Stroud E07000082,2017,2
Forest of Dean E07000080,2017,1
Gedling E07000173,2017,0
Wyre E07000128,2017,0
Northampton E07000154,2017,13
Kettering E07000153,2017,14
Gloucester E07000081,2017,15
Westminster E09000033,2017,217
Broxbourne E07000095,2017,2
South Derbyshire E07000039,2017,2
North Norfolk E07000147,2017,5
Exeter E07000041,2017,35
Redbridge E09000026,2017,65
Hammersmith and Fulham E09000013,2017,5
Great Yarmouth E07000145,2017,3
Guildford E07000209,2017,13
Broadland E07000144,2017,2
North Devon E07000043,2017,20
West Devon E07000047,2017,0
West Somerset E07000191,2017,4
Mid Devon E07000042,2017,3
Oadby and Wigston E07000135,2017,3
Daventry E07000151,2017,2
Taunton Deane E07000190,2017,23
Wokingham E06000041,2017,10
Bolsover E07000033,2017,5
Kingston upon Thames E09000021,2017,27
Bath and North East Somerset E06000022,2017,34
Ashford E07000105,2017,11
North East Derbyshire E07000038,2017,3
Cheshire East E06000049,2017,21
Swale E07000113,2017,9
South Gloucestershire E06000025,2017,3
County Durham E06000047,2017,13
Coventry E08000026,2017,8
Erewash E07000036,2017,3
Isle of Wight E06000046,2017,9
Gravesham E07000109,2017,9
Ashfield E07000170,2017,5
South Somerset E07000189,2017,4
Broxtowe E07000172,2017,1
Fareham E07000087,2017,10
Reading E06000038,2017,31
Wiltshire E06000054,2017,31
Nuneaton and Bedworth E07000219,2017,5
Bexley E09000004,2017,16
Derby E06000015,2017,37
Darlington E06000005,2017,3
Richmond upon Thames E09000027,2017,19
Dover E07000108,2017,13
Windsor and Maidenhead E06000040,2017,11
Tonbridge and Malling E07000115,2017,8
Gosport E07000088,2017,9
Barnet E09000003,2017,21
Folkestone and Hythe E07000112,2017,16
Gateshead E08000037,2017,8
Amber Valley E07000032,2017,4
Havant E07000090,2017,10
Sunderland E08000024,2017,0
Preston E07000123,2017,19
Tameside E08000008,2012,0
Mansfield E07000174,2012,9
Preston E07000123,2012,3
High Peak E07000037,2012,2
Staffordshire Moorlands E07000198,2012,3
Scarborough E07000168,2012,4
Spelthorne E07000213,2012,3
North Norfolk E07000147,2012,2
Chesterfield E07000034,2012,3
Mole Valley E07000210,2012,2
Hartlepool E06000001,2012,2
Sutton E09000029,2012,4
Woking E07000217,2012,2
Guildford E07000209,2012,10
Manchester E08000003,2012,27
Oldham E08000004,2012,1
York E06000014,2012,8
Wokingham E06000041,2012,2
Newcastle-under-Lyme E07000195,2012,1
Northampton E07000154,2012,5
Test Valley E07000093,2012,6
Stoke-on-Trent E06000021,2012,2
London E12000007,2012,557
Gedling E07000173,2012,0
South Northamptonshire E07000155,2012,6
Windsor and Maidenhead E06000040,2012,4
Norwich E07000148,2012,6
Reading E06000038,2012,4
Watford E07000103,2012,8
Sheffield E08000019,2012,11
Broadland E07000144,2012,1
Warrington E06000007,2012,7
South Kesteven E07000141,2012,1
Wellingborough E07000156,2012,4
Cannock Chase E07000192,2012,1
Worcester E07000237,2012,34
Crawley E07000226,2012,17
England E92000001,2012,2309
Gosport E07000088,2012,1
Elmbridge E07000207,2012,3
Wigan E08000010,2012,15
Hounslow E09000018,2012,12
South Tyneside E08000023,2012,13
North Tyneside E08000022,2012,3
Wandsworth E09000032,2012,10
Kingston upon Thames E09000021,2012,6
South Holland E07000140,2012,1
Stockport E08000007,2012,4
West Berkshire E06000037,2012,11
Telford and Wrekin E06000020,2012,11
Swindon E06000030,2012,6
Stafford E07000197,2012,1
Rochford E07000075,2012,1
Southend-on-Sea E06000033,2012,15
Runnymede E07000212,2012,6
Portsmouth E06000044,2012,11
Derbyshire Dales E07000035,2012,2
Eastleigh E07000086,2012,2
Medway E06000035,2012,17
Castle Point E07000069,2012,1
Plymouth E06000026,2012,10
Richmond upon Thames E09000027,2012,8
Havant E07000090,2012,3
South Hams E07000044,2012,7
Southampton E06000045,2012,18
Southwark E09000028,2012,25
Isles of Scilly E06000053,2012,0
Nottingham E06000018,2012,7
Milton Keynes E06000042,2012,6
Trafford E08000009,2012,2
Shropshire E06000051,2012,10
Hammersmith and Fulham E09000013,2012,8
Great Yarmouth E07000145,2012,6
Cheshire East E06000049,2012,3
Redcar and Cleveland E06000003,2012,1
Middlesbrough E06000002,2012,7
Bedford E06000055,2012,19
Isle of Wight E06000046,2012,2
Epsom and Ewell E07000208,2012,4
Tunbridge Wells E07000116,2012,10
South Staffordshire E07000196,2012,1
East Staffordshire E07000193,2012,7
Slough E06000039,2012,8
Newcastle upon Tyne E08000021,2012,9
Maidstone E07000110,2012,19
Kensington and Chelsea E09000020,2012,27
Oxford E07000178,2012,12
Torbay E06000027,2012,6
Fareham E07000087,2012,1
Hastings E07000062,2012,3
Stevenage E07000243,2012,4
Coventry E08000026,2012,12
Nuneaton and Bedworth E07000219,2012,1
Ashford E07000105,2012,4
South Gloucestershire E06000025,2012,2
Gravesham E07000109,2012,10
Bexley E09000004,2012,5
Mendip E07000187,2012,19
Folkestone and Hythe E07000112,2012,5
Dover E07000108,2012,5
South Somerset E07000189,2012,1
Swale E07000113,2012,6
Bath and North East Somerset E06000022,2012,22
North East Derbyshire E07000038,2012,5
Amber Valley E07000032,2012,2
Broxtowe E07000172,2012,1
Ashfield E07000170,2012,3
Derby E06000015,2012,24
Wiltshire E06000054,2012,14
Tonbridge and Malling E07000115,2012,3
Erewash E07000036,2012,4
Bolsover E07000033,2012,2
Epping Forest E07000072,2012,0
North Dorset E07000050,2012,2
Chelmsford E07000070,2012,8
Brentwood E07000068,2012,1
Thurrock E06000034,2012,6
Basildon E07000066,2012,6
Cheshire West and Chester E06000050,2012,3
Wirral E08000015,2012,7
Braintree E07000067,2012,4
Maldon E07000074,2012,0
Islington E09000019,2012,10
Sedgemoor E07000188,2012,5
Tandridge E07000215,2012,1
Babergh E07000200,2012,2
Thanet E07000114,2012,8
Canterbury E07000106,2012,20
West Dorset E07000052,2012,4
Harlow E07000073,2012,9
Havering E09000016,2012,3
Tendring E07000076,2012,2
Colchester E07000071,2012,25
Malvern Hills E07000235,2012,6
Wolverhampton E08000031,2012,8
Wyre Forest E07000239,2012,9
Brent E09000005,2012,11
South Derbyshire E07000039,2012,1
Tower Hamlets E09000030,2012,7
Barnsley E08000016,2012,5
Ealing E09000009,2012,11
East Lindsey E07000137,2012,3
East Devon E07000040,2012,5
Weymouth and Portland E07000053,2012,5
Oadby and Wigston E07000135,2012,2
Taunton Deane E07000190,2012,15
Mid Devon E07000042,2012,3
West Somerset E07000191,2012,0
North Devon E07000043,2012,11
Redbridge E09000026,2012,14
Westminster E09000033,2012,131
City of London E09000001,2012,21
Exeter E07000041,2012,30
Broxbourne E07000095,2012,4
Richmondshire E07000166,2012,3
Hambleton E07000164,2012,1
Hertsmere E07000098,2012,1
Ryedale E07000167,2012,0
Doncaster E08000017,2012,1
Stockton-on-Tees E06000004,2012,0
Gateshead E08000037,2012,10
Sunderland E08000024,2012,2
County Durham E06000047,2012,11
Darlington E06000005,2012,1
Barnet E09000003,2012,20
Selby E07000169,2012,1
West Lindsey E07000142,2012,0
East Riding of Yorkshire E06000011,2012,11
Harrow E09000015,2012,2
North East Lincolnshire E06000012,2012,9
North Lincolnshire E06000013,2012,15
Bassetlaw E07000171,2012,2
Three Rivers E07000102,2012,4
Hillingdon E09000017,2012,20
Rotherham E08000018,2012,5
Harrogate E07000165,2012,8
North Hertfordshire E07000099,2012,2
Calderdale E08000033,2012,2
Poole E06000029,2012,16
Central Bedfordshire E06000056,2012,11
Bournemouth E06000028,2012,11
Bradford E08000032,2012,26
East Hertfordshire E07000242,2012,4
South Ribble E07000126,2012,3
Kirklees E08000034,2012,9
Leeds E08000035,2012,11
Bolton E08000001,2012,1
Salford E08000006,2012,10
Dacorum E07000096,2012,7
Welwyn Hatfield E07000241,2012,2
Rochdale E08000005,2012,8
East Dorset E07000049,2012,1
New Forest E07000091,2012,4
Purbeck E07000051,2012,1
Bury E08000002,2012,3
Christchurch E07000048,2012,8
Sandwell E08000028,2012,14
Tamworth E07000199,2012,3
Lichfield E07000194,2012,1
Bromsgrove E07000234,2012,3
Warwick E07000222,2012,11
Redditch E07000236,2012,3
Walsall E08000030,2012,9
Stratford-on-Avon E07000221,2012,9
North Warwickshire E07000218,2012,1
Dudley E08000027,2012,4
Wychavon E07000238,2012,6
Pendle E07000122,2012,2
Craven E07000163,2012,0
Burnley E07000117,2012,2
Chorley E07000118,2012,0
Birmingham E08000025,2012,8
Hyndburn E07000120,2012,2
Rossendale E07000125,2012,4
Blackburn with Darwen E06000008,2012,2
Ribble Valley E07000124,2012,1
Solihull E08000029,2012,6
Copeland E07000029,2012,0
Enfield E09000010,2012,4
Allerdale E07000026,2012,1
Haringey E09000014,2012,6
South Cambridgeshire E07000012,2012,0
Cambridge E07000008,2012,20
Waltham Forest E09000031,2012,15
North Somerset E06000024,2012,2
Dartford E07000107,2012,16
Eden E07000030,2012,1
"Bristol, City of E06000023",2012,9
Hackney E09000012,2012,7
Camden E09000007,2012,5
Fenland E07000010,2012,8
St Edmundsbury E07000204,2012,3
Forest Heath E07000201,2012,1
Uttlesford E07000077,2012,0
East Cambridgeshire E07000009,2012,3
Peterborough E06000031,2012,12
King's Lynn and West Norfolk E07000146,2012,6
Huntingdonshire E07000011,2012,2
Arun E07000224,2012,26
Adur E07000223,2012,0
St Albans E07000240,2012,9
Chichester E07000225,2012,26
Wealden E07000065,2012,0
Carlisle E07000028,2012,1
Mid Sussex E07000228,2012,6
Lewes E07000063,2012,0
Brighton and Hove E06000043,2012,43
Horsham E07000227,2012,2
Worthing E07000229,2012,8
Croydon E09000008,2012,22
Newham E09000025,2012,55
Lambeth E09000022,2012,21
Greenwich E09000011,2012,5
Sevenoaks E07000111,2012,2
Rother E07000064,2012,5
Bromley E09000006,2012,2
Eastbourne E07000061,2012,11
Lewisham E09000023,2012,43
Northumberland E06000057,2012,3
Bracknell Forest E06000036,2012,1
Cotswold E07000079,2012,4
East Northamptonshire E07000152,2012,3
Stroud E07000082,2012,5
Leicester E06000016,2012,11
Lancaster E07000121,2012,4
Mid Suffolk E07000203,2012,2
West Lancashire E07000127,2012,1
Forest of Dean E07000080,2012,1
St. Helens E08000013,2012,2
Melton E07000133,2012,1
Surrey Heath E07000214,2012,1
Blackpool E06000009,2012,3
Barking and Dagenham E09000002,2012,8
Wyre E07000128,2012,0
Kettering E07000153,2012,7
Fylde E07000119,2012,2
Barrow-in-Furness E07000027,2012,2
Winchester E07000094,2012,7
Ipswich E07000202,2012,7
Gloucester E07000081,2012,11
Basingstoke and Deane E07000084,2012,8
South Lakeland E07000031,2012,4
South Norfolk E07000149,2012,0
West Oxfordshire E07000181,2012,5
Vale of White Horse E07000180,2012,0
Rutland E06000017,2012,0
Hart E07000089,2012,1
East Hampshire E07000085,2012,2
Harborough E07000131,2012,0
Liverpool E08000012,2012,6
Breckland E07000143,2012,7
Hinckley and Bosworth E07000132,2012,2
Waverley E07000216,2012,0
Rugby E07000220,2012,19
Halton E06000006,2012,0
Sefton E08000014,2012,7
Suffolk Coastal E07000205,2012,2
"Herefordshire, County of E06000019",2012,26
Blaby E07000129,2012,1
Cheltenham E07000078,2012,6
Rushmoor E07000092,2012,4
Knowsley E08000011,2012,3
Tewkesbury E07000083,2012,2
Waveney E07000206,2012,8
Luton E06000032,2012,25
South Bucks E07000006,2012,0
Teignbridge E07000045,2012,4
South Oxfordshire E07000179,2012,0
Cornwall E06000052,2012,50
Reigate and Banstead E07000211,2012,6
Daventry E07000151,2012,0
North Kesteven E07000139,2012,0
North West Leicestershire E07000134,2012,1
Chiltern E07000005,2012,2
Newark and Sherwood E07000175,2012,5
Rushcliffe E07000176,2012,0
Corby E07000150,2012,2
Boston E07000136,2012,7
Wakefield E08000036,2012,17
Torridge E07000046,2012,1
Aylesbury Vale E07000004,2012,4
Wycombe E07000007,2012,1
Charnwood E07000130,2012,3
Cherwell E07000177,2012,2
"Kingston upon Hull, City of E06000010",2012,10
Lincoln E07000138,2012,5
West Devon E07000047,2012,2
Merton E09000024,2012,9
Chichester E07000225,2014,14
Hounslow E09000018,2014,32
Northumberland E06000057,2014,6
Cherwell E07000177,2014,14
Wealden E07000065,2014,1
Carlisle E07000028,2014,0
Stafford E07000197,2014,2
Haringey E09000014,2014,1
South Norfolk E07000149,2014,0
Worthing E07000229,2014,17
Horsham E07000227,2014,2
Southampton E06000045,2014,19
Aylesbury Vale E07000004,2014,17
Breckland E07000143,2014,6
Tunbridge Wells E07000116,2014,15
Swindon E06000030,2014,10
Waveney E07000206,2014,3
South Cambridgeshire E07000012,2014,1
Medway E06000035,2014,2
Telford and Wrekin E06000020,2014,4
Adur E07000223,2014,2
Hinckley and Bosworth E07000132,2014,2
Peterborough E06000031,2014,17
South Northamptonshire E07000155,2014,2
Arun E07000224,2014,13
Enfield E09000010,2014,8
"Bristol, City of E06000023",2014,41
Derbyshire Dales E07000035,2014,3
Sevenoaks E07000111,2014,0
Newham E09000025,2014,16
Croydon E09000008,2014,30
Eden E07000030,2014,0
"Kingston upon Hull, City of E06000010",2014,10
Epsom and Ewell E07000208,2014,7
Charnwood E07000130,2014,4
Barking and Dagenham E09000002,2014,4
Rochford E07000075,2014,0
North Somerset E06000024,2014,7
Southend-on-Sea E06000033,2014,14
Milton Keynes E06000042,2014,14
Greenwich E09000011,2014,16
Dartford E07000107,2014,19
Waltham Forest E09000031,2014,10
Suffolk Coastal E07000205,2014,2
Rother E07000064,2014,0
Luton E06000032,2014,33
Mid Suffolk E07000203,2014,0
Bromley E09000006,2014,2
Wandsworth E09000032,2014,8
Cambridge E07000008,2014,10
Eastbourne E07000061,2014,11
Copeland E07000029,2014,1
Ipswich E07000202,2014,8
Allerdale E07000026,2014,3
Castle Point E07000069,2014,0
Eastleigh E07000086,2014,1
Rugby E07000220,2014,2
Lewisham E09000023,2014,11
Maidstone E07000110,2014,25
Lambeth E09000022,2014,18
England E92000001,2014,2744
Watford E07000103,2014,22
Lincoln E07000138,2014,8
Solihull E08000029,2014,6
Burnley E07000117,2014,2
Ribble Valley E07000124,2014,1
Newark and Sherwood E07000175,2014,5
Hyndburn E07000120,2014,4
Oldham E08000004,2014,0
Worcester E07000237,2014,22
Rossendale E07000125,2014,2
Chorley E07000118,2014,0
South Lakeland E07000031,2014,0
Craven E07000163,2014,3
South Ribble E07000126,2014,2
East Hertfordshire E07000242,2014,5
Tameside E08000008,2014,7
Birmingham E08000025,2014,20
Warrington E06000007,2014,5
Pendle E07000122,2014,1
Merton E09000024,2014,9
Barrow-in-Furness E07000027,2014,0
York E06000014,2014,13
Wychavon E07000238,2014,8
Reigate and Banstead E07000211,2014,7
Wakefield E08000036,2014,9
Boston E07000136,2014,4
Dudley E08000027,2014,6
Manchester E08000003,2014,43
Stratford-on-Avon E07000221,2014,9
North Warwickshire E07000218,2014,0
London E12000007,2014,742
Walsall E08000030,2014,5
Cannock Chase E07000192,2014,5
North Kesteven E07000139,2014,0
Redditch E07000236,2014,3
Blackburn with Darwen E06000008,2014,0
Bromsgrove E07000234,2014,3
Warwick E07000222,2014,14
Lichfield E07000194,2014,1
Tamworth E07000199,2014,2
Stoke-on-Trent E06000021,2014,15
Sutton E09000029,2014,8
Sandwell E08000028,2014,2
Sefton E08000014,2014,11
Bolton E08000001,2014,4
Bury E08000002,2014,0
Dacorum E07000096,2014,7
Salford E08000006,2014,14
Wigan E08000010,2014,7
Central Bedfordshire E06000056,2014,18
Christchurch E07000048,2014,2
Blaby E07000129,2014,0
Stockport E08000007,2014,7
Isles of Scilly E06000053,2014,0
Brighton and Hove E06000043,2014,41
Mid Sussex E07000228,2014,11
Welwyn Hatfield E07000241,2014,1
St Albans E07000240,2014,11
East Staffordshire E07000193,2014,3
Lewes E07000063,2014,0
Torbay E06000027,2014,17
Knowsley E08000011,2014,0
Rochdale E08000005,2014,17
Liverpool E08000012,2014,8
Hastings E07000062,2014,12
Kirklees E08000034,2014,4
Leicester E06000016,2014,19
Trafford E08000009,2014,2
Harrogate E07000165,2014,6
St. Helens E08000013,2014,0
Calderdale E08000033,2014,4
Lancaster E07000121,2014,6
Bradford E08000032,2014,10
Hartlepool E06000001,2014,1
Scarborough E07000168,2014,5
Leeds E08000035,2014,15
Halton E06000006,2014,1
Purbeck E07000051,2014,0
Poole E06000029,2014,7
Staffordshire Moorlands E07000198,2014,2
New Forest E07000091,2014,9
East Dorset E07000049,2014,0
Bournemouth E06000028,2014,31
Redcar and Cleveland E06000003,2014,0
North Hertfordshire E07000099,2014,3
Middlesbrough E06000002,2014,5
West Lancashire E07000127,2014,0
Ryedale E07000167,2014,0
Richmond upon Thames E09000027,2014,10
Three Rivers E07000102,2014,0
Doncaster E08000017,2014,9
Stroud E07000082,2014,1
Cotswold E07000079,2014,4
Gedling E07000173,2014,0
Portsmouth E06000044,2014,8
Hambleton E07000164,2014,0
South Hams E07000044,2014,7
Hertsmere E07000098,2014,3
Stockton-on-Tees E06000004,2014,1
East Riding of Yorkshire E06000011,2014,9
Gloucester E07000081,2014,17
Hillingdon E09000017,2014,45
South Holland E07000140,2014,6
Wyre E07000128,2014,2
Selby E07000169,2014,0
Bassetlaw E07000171,2014,18
Plymouth E06000026,2014,13
North Lincolnshire E06000013,2014,6
Rotherham E08000018,2014,3
Kettering E07000153,2014,6
Gosport E07000088,2014,1
Rutland E06000017,2014,0
Ashfield E07000170,2014,4
County Durham E06000047,2014,13
Barnet E09000003,2014,14
Broxtowe E07000172,2014,0
Bath and North East Somerset E06000022,2014,27
North East Derbyshire E07000038,2014,2
Cheltenham E07000078,2014,0
Fareham E07000087,2014,8
Tewkesbury E07000083,2014,4
South Kesteven E07000141,2014,2
Havant E07000090,2014,3
East Northamptonshire E07000152,2014,3
Forest of Dean E07000080,2014,0
Richmondshire E07000166,2014,0
Darlington E06000005,2014,1
Gateshead E08000037,2014,0
"Herefordshire, County of E06000019",2014,12
Spelthorne E07000213,2014,5
Kingston upon Thames E09000021,2014,11
Sunderland E08000024,2014,0
Redbridge E09000026,2014,19
Westminster E09000033,2014,265
Great Yarmouth E07000145,2014,12
Norwich E07000148,2014,13
South Derbyshire E07000039,2014,2
Guildford E07000209,2014,10
Tower Hamlets E09000030,2014,6
Hammersmith and Fulham E09000013,2014,8
Wolverhampton E08000031,2014,7
Mole Valley E07000210,2014,4
Torridge E07000046,2014,5
City of London E09000001,2014,50
Mid Devon E07000042,2014,4
West Somerset E07000191,2014,6
West Devon E07000047,2014,2
Broadland E07000144,2014,1
North Devon E07000043,2014,11
Taunton Deane E07000190,2014,18
Broxbourne E07000095,2014,1
Exeter E07000041,2014,34
Daventry E07000151,2014,1
North Norfolk E07000147,2014,1
Oadby and Wigston E07000135,2014,1
Harrow E09000015,2014,4
Barnsley E08000016,2014,3
West Berkshire E06000037,2014,23
Fylde E07000119,2014,6
Weymouth and Portland E07000053,2014,8
Oxford E07000178,2014,26
Northampton E07000154,2014,19
Blackpool E06000009,2014,3
West Lindsey E07000142,2014,1
East Lindsey E07000137,2014,1
North East Lincolnshire E06000012,2014,7
Wyre Forest E07000239,2014,5
Kensington and Chelsea E09000020,2014,34
Brent E09000005,2014,11
Wellingborough E07000156,2014,5
Teignbridge E07000045,2014,4
Malvern Hills E07000235,2014,3
East Devon E07000040,2014,6
Ealing E09000009,2014,17
Corby E07000150,2014,9
Cornwall E06000052,2014,40
Elmbridge E07000207,2014,2
Woking E07000217,2014,9
Rushcliffe E07000176,2014,0
Basingstoke and Deane E07000084,2014,8
Basildon E07000066,2014,0
High Peak E07000037,2014,2
Epping Forest E07000072,2014,3
Chesterfield E07000034,2014,8
Maldon E07000074,2014,1
Shropshire E06000051,2014,10
Chelmsford E07000070,2014,10
Islington E09000019,2014,21
Wycombe E07000007,2014,9
Bracknell Forest E06000036,2014,4
Sheffield E08000019,2014,10
Winchester E07000094,2014,14
Harlow E07000073,2014,19
Colchester E07000071,2014,2
Havering E09000016,2014,8
Brentwood E07000068,2014,0
West Dorset E07000052,2014,0
North Dorset E07000050,2014,0
Thurrock E06000034,2014,10
Newcastle-under-Lyme E07000195,2014,3
Hackney E09000012,2014,12
King's Lynn and West Norfolk E07000146,2014,3
Huntingdonshire E07000011,2014,3
Chiltern E07000005,2014,3
Forest Heath E07000201,2014,2
Fenland E07000010,2014,7
South Staffordshire E07000196,2014,0
South Oxfordshire E07000179,2014,3
Uttlesford E07000077,2014,3
Slough E06000039,2014,26
East Cambridgeshire E07000009,2014,1
Southwark E09000028,2014,22
South Bucks E07000006,2014,0
Braintree E07000067,2014,3
Wirral E08000015,2014,5
Newcastle upon Tyne E08000021,2014,7
Cheshire West and Chester E06000050,2014,5
Camden E09000007,2014,5
Bedford E06000055,2014,25
North West Leicestershire E07000134,2014,0
St Edmundsbury E07000204,2014,3
Stevenage E07000243,2014,8
Nottingham E06000018,2014,9
Waverley E07000216,2014,0
Reading E06000038,2014,12
Cheshire East E06000049,2014,12
Vale of White Horse E07000180,2014,5
Bexley E09000004,2014,7
East Hampshire E07000085,2014,1
South Somerset E07000189,2014,2
Wokingham E06000041,2014,2
Nuneaton and Bedworth E07000219,2014,6
South Gloucestershire E06000025,2014,1
Coventry E08000026,2014,6
Mansfield E07000174,2014,8
West Oxfordshire E07000181,2014,3
Bolsover E07000033,2014,2
Wiltshire E06000054,2014,9
Amber Valley E07000032,2014,6
Erewash E07000036,2014,5
Preston E07000123,2014,8
Tonbridge and Malling E07000115,2014,7
Gravesham E07000109,2014,3
Derby E06000015,2014,26
Isle of Wight E06000046,2014,4
South Tyneside E08000023,2014,1
Babergh E07000200,2014,0
Test Valley E07000093,2014,7
Melton E07000133,2014,0
Runnymede E07000212,2014,13
Tandridge E07000215,2014,2
Sedgemoor E07000188,2014,4
Crawley E07000226,2014,21
Tendring E07000076,2014,7
Surrey Heath E07000214,2014,4
North Tyneside E08000022,2014,0
Hart E07000089,2014,1
Folkestone and Hythe E07000112,2014,4
Dover E07000108,2014,4
Swale E07000113,2014,2
Ashford E07000105,2014,5
Harborough E07000131,2014,0
Rushmoor E07000092,2014,11
Thanet E07000114,2014,15
Canterbury E07000106,2014,38
Mendip E07000187,2014,20
Windsor and Maidenhead E06000040,2014,6
